step,tokens,lr,grad_norm,train_L1,n1
1,8192,1e-05,6.249626159667969,10.921483993530273,8154
2,16384,2e-05,5.880059719085693,10.87477970123291,8154
3,24576,3e-05,5.133112907409668,10.775327682495117,8149
4,32768,4e-05,4.381258964538574,10.667444229125977,8152
5,40960,5e-05,3.772005796432495,10.554655075073242,8154
6,49152,6e-05,3.247077703475952,10.475425720214844,8150
7,57344,7.000000000000001e-05,2.8142688274383545,10.36281681060791,8153
8,65536,8e-05,2.6227571964263916,10.2732515335083,8156
9,73728,9e-05,2.1510815620422363,10.221304893493652,8152
10,81920,0.0001,2.1243746280670166,10.134476661682129,8145
11,90112,0.00010999999999999999,1.9732742309570312,10.10522747039795,8147
12,98304,0.00012,1.8596683740615845,10.085528373718262,8152
13,106496,0.00013000000000000002,1.8713164329528809,10.03586483001709,8147
14,114688,0.00014000000000000001,1.8360127210617065,10.002450942993164,8155
15,122880,0.00015,1.747717261314392,9.96645736694336,8151
16,131072,0.00016,1.8610869646072388,9.846291542053223,8147
17,139264,0.00017,1.8390061855316162,9.81576919555664,8150
18,147456,0.00018,1.7207473516464233,9.793900489807129,8151
19,155648,0.00018999999999999998,1.7794134616851807,9.685160636901855,8154
20,163840,0.0002,1.6737396717071533,9.654132843017578,8154
21,172032,0.00021,1.8183647394180298,9.513925552368164,8154
22,180224,0.00021999999999999998,1.7602362632751465,9.465718269348145,8156
23,188416,0.00023,1.7841256856918335,9.335794448852539,8154
24,196608,0.00024,1.6396019458770752,9.311448097229004,8154
25,204800,0.00025,1.7577821016311646,9.160685539245605,8153
26,212992,0.00026000000000000003,1.6721725463867188,9.119620323181152,8153
27,221184,0.00027,1.7486642599105835,9.051298141479492,8150
28,229376,0.00028000000000000003,1.6699448823928833,8.903311729431152,8148
29,237568,0.00029,2.0692412853240967,8.871813774108887,8155
30,245760,0.0003,1.7791999578475952,8.786430358886719,8156
31,253952,0.00031,1.6158474683761597,8.613371849060059,8150
32,262144,0.00032,1.6861705780029297,8.557975769042969,8154
33,270336,0.00033,1.5472428798675537,8.530474662780762,8154
34,278528,0.00034,1.6880325078964233,8.362648010253906,8154
35,286720,0.00035000000000000005,1.5247759819030762,8.257689476013184,8156
36,294912,0.00036,1.4887608289718628,8.2349214553833,8153
37,303104,0.00037,1.379435658454895,8.11190414428711,8149
38,311296,0.00037999999999999997,1.3057299852371216,8.074378967285156,8153
39,319488,0.00039,1.324035882949829,7.940205097198486,8155
40,327680,0.0004,1.174597978591919,7.919340133666992,8152
41,335872,0.00041,1.0341010093688965,7.880681991577148,8152
42,344064,0.00042,1.0811691284179688,7.8535075187683105,8150
43,352256,0.00043000000000000004,0.9803755879402161,7.7787699699401855,8150
44,360448,0.00043999999999999996,0.8589363098144531,7.679508209228516,8152
45,368640,0.00045,0.7305645942687988,7.688618183135986,8152
46,376832,0.00046,0.6598964333534241,7.644532203674316,8153
47,385024,0.00047,0.7061405181884766,7.4947919845581055,8153
48,393216,0.00048,0.49734267592430115,7.610947608947754,8153
49,401408,0.00049,0.5217622518539429,7.621761798858643,8155
50,409600,0.0005,0.4128207862377167,7.558297157287598,8153
51,417792,0.00051,0.5103812217712402,7.391117572784424,8154
52,425984,0.0005200000000000001,0.4729962944984436,7.59001350402832,8148
53,434176,0.00053,0.9287282228469849,7.384771347045898,8153
54,442368,0.00054,1.0809627771377563,7.512807846069336,8153
55,450560,0.00055,0.880339503288269,7.41528844833374,8151
56,458752,0.0005600000000000001,0.8158775568008423,7.468577861785889,8149
57,466944,0.00057,1.8724161386489868,7.437981128692627,8154
58,475136,0.00058,0.6040413975715637,7.4768147468566895,8146
59,483328,0.00059,0.6158917546272278,7.432665824890137,8153
60,491520,0.0006,0.5779423713684082,7.433514595031738,8151
61,499712,0.00061,0.4867866337299347,7.331562519073486,8152
62,507904,0.00062,0.7883349061012268,7.474921703338623,8146
63,516096,0.00063,0.47866013646125793,7.264171600341797,8154
64,524288,0.00064,0.5325450301170349,7.2368292808532715,8153
65,532480,0.00065,0.485958993434906,7.283411979675293,8156
66,540672,0.00066,0.5403215885162354,7.408539295196533,8154
67,548864,0.00067,0.6084080934524536,7.284829616546631,8151
68,557056,0.00068,0.6077910661697388,7.376226425170898,8154
69,565248,0.0006900000000000001,0.692621648311615,7.16725492477417,8153
70,573440,0.0007000000000000001,0.8503960371017456,7.311000823974609,8154
71,581632,0.0007100000000000001,0.7309055924415588,7.3352179527282715,8150
72,589824,0.00072,0.7865097522735596,7.114964008331299,8152
73,598016,0.00073,0.9130419492721558,7.347433567047119,8152
74,606208,0.00074,0.5246747136116028,7.245292663574219,8151
75,614400,0.00075,0.6333449482917786,7.26908540725708,8151
76,622592,0.0007599999999999999,0.5340855121612549,7.162628650665283,8148
77,630784,0.00077,0.6930490136146545,7.180871963500977,8153
78,638976,0.00078,0.5750449299812317,7.250401496887207,8149
79,647168,0.00079,0.5497906804084778,7.126457691192627,8153
80,655360,0.0008,0.43219438195228577,7.117364883422852,8155
81,663552,0.0008100000000000001,0.5887671709060669,7.098145961761475,8150
82,671744,0.00082,0.5310434699058533,7.043733596801758,8150
83,679936,0.00083,0.5069601535797119,7.118431568145752,8151
84,688128,0.00084,0.5255517363548279,7.06754732131958,8151
85,696320,0.0008500000000000001,0.776767909526825,6.979905128479004,8153
86,704512,0.0008600000000000001,0.8120449781417847,7.056938648223877,8146
87,712704,0.0008700000000000001,0.4684443473815918,7.213979244232178,8152
88,720896,0.0008799999999999999,0.6733320951461792,7.135753154754639,8148
89,729088,0.00089,0.84639972448349,7.122044086456299,8147
90,737280,0.0009,0.5763673186302185,6.985270023345947,8152
91,745472,0.00091,0.578368604183197,7.04193639755249,8156
92,753664,0.00092,0.5298706889152527,6.99273681640625,8151
93,761856,0.0009299999999999999,0.48965221643447876,6.993495464324951,8150
94,770048,0.00094,0.6065744161605835,6.943902969360352,8154
95,778240,0.00095,0.6587438583374023,6.969760417938232,8153
96,786432,0.00096,0.5282925963401794,7.048360824584961,8151
97,794624,0.00097,1.0613062381744385,7.002951622009277,8154
98,802816,0.00098,1.0639152526855469,6.9864020347595215,8151
99,811008,0.00099,0.6538587808609009,7.07890510559082,8154
100,819200,0.001,0.8408951759338379,6.730378150939941,8153
101,827392,0.001,0.7381719946861267,6.85533332824707,8149
102,835584,0.0009999996036437746,0.6379879713058472,6.95929479598999,8148
103,843776,0.0009999984145757964,0.519877016544342,7.0148444175720215,8149
104,851968,0.0009999964327981605,0.6380743980407715,6.909102916717529,8158
105,860160,0.0009999936583143575,0.6710742115974426,6.848045349121094,8152
106,868352,0.000999990091129275,0.6085237860679626,6.776257038116455,8153
107,876544,0.0009999857312491972,0.6837463974952698,6.767839431762695,8153
108,884736,0.000999980578681804,0.5467992424964905,6.91544246673584,8154
109,892928,0.000999974633436172,0.6011457443237305,7.026992321014404,8151
110,901120,0.000999967895522775,0.5514496564865112,6.7822089195251465,8155
111,909312,0.0009999603649534815,0.5648288130760193,6.882328510284424,8148
112,917504,0.0009999520417415576,0.6305909156799316,6.941329479217529,8152
113,925696,0.0009999429259016654,0.7988824248313904,6.870724201202393,8153
114,933888,0.0009999330174498631,0.5857295393943787,6.779736042022705,8150
115,942080,0.0009999223164036052,0.5740595459938049,6.781631946563721,8151
116,950272,0.0009999108227817428,0.6182573437690735,6.838899612426758,8153
117,958464,0.0009998985366045225,0.5540475249290466,6.8239312171936035,8151
118,966656,0.0009998854578935875,0.5868684649467468,6.71030330657959,8152
119,974848,0.000999871586671977,0.5693889856338501,6.801181316375732,8153
120,983040,0.0009998569229641267,0.5301263928413391,6.8292107582092285,8152
121,991232,0.0009998414667958676,0.6306087970733643,6.738404273986816,8151
122,999424,0.0009998252181944271,0.5716036558151245,6.688047409057617,8153
123,1007616,0.0009998081771884285,0.6522065997123718,6.744171142578125,8152
124,1015808,0.0009997903438078908,0.6475333571434021,6.838009834289551,8151
125,1024000,0.000999771718084229,0.6765201091766357,6.792863368988037,8153
126,1032192,0.000999752300050254,0.6759054660797119,6.854118824005127,8154
127,1040384,0.0009997320897401722,0.5636995434761047,6.756521701812744,8152
128,1048576,0.000999711087189586,0.5503852367401123,6.71678352355957,8154
129,1056768,0.0009996892924354927,0.6111226081848145,6.632209300994873,8152
130,1064960,0.000999666705516286,0.5742757320404053,6.787126541137695,8151
131,1073152,0.0009996433264717543,0.6028903126716614,6.703858375549316,8156
132,1081344,0.0009996191553430817,0.5079953074455261,6.650769233703613,8155
133,1089536,0.000999594192172848,0.5611870884895325,6.889501571655273,8153
134,1097728,0.0009995684370050276,0.5626440644264221,6.712881565093994,8154
135,1105920,0.0009995418898849906,0.5193701386451721,6.647302150726318,8155
136,1114112,0.0009995145508595019,0.6524637937545776,6.823084831237793,8149
137,1122304,0.0009994864199767213,0.8362396359443665,6.666759490966797,8156
138,1130496,0.0009994574972862038,0.593591570854187,6.716056823730469,8149
139,1138688,0.0009994277828388992,0.5356881618499756,6.769146919250488,8156
140,1146880,0.0009993972766871519,0.5680173635482788,6.72968864440918,8150
141,1155072,0.000999365978884701,0.4939536452293396,6.677492618560791,8151
142,1163264,0.0009993338894866803,0.5701654553413391,6.621096611022949,8150
143,1171456,0.0009993010085496178,0.6376519799232483,6.688338279724121,8155
144,1179648,0.0009992673361314361,0.5842235088348389,6.528988838195801,8151
145,1187840,0.0009992328722914518,0.6239153742790222,6.743436813354492,8152
146,1196032,0.000999197617090376,0.5202340483665466,6.671849250793457,8151
147,1204224,0.0009991615705903136,0.6116589307785034,6.838153839111328,8152
148,1212416,0.0009991247328547637,0.6310428977012634,6.709405422210693,8149
149,1220608,0.0009990871039486189,0.5695268511772156,6.68213415145874,8150
150,1228800,0.0009990486839381654,0.5775205492973328,6.666429042816162,8153
151,1236992,0.0009990094728910836,0.5093020796775818,6.562950134277344,8152
152,1245184,0.000998969470876447,0.6021707653999329,6.541228771209717,8150
153,1253376,0.0009989286779647222,0.5838488340377808,6.676411151885986,8152
154,1261568,0.0009988870942277694,0.5768001675605774,6.667276859283447,8154
155,1269760,0.0009988447197388421,0.7641842365264893,6.6623077392578125,8151
156,1277952,0.000998801554572586,0.6390244960784912,6.597389221191406,8148
157,1286144,0.0009987575988050408,0.590607762336731,6.682500839233398,8153
158,1294336,0.0009987128525136377,0.624062180519104,6.617773056030273,8151
159,1302528,0.0009986673157772012,0.5421454310417175,6.660333633422852,8151
160,1310720,0.000998620988675948,0.7223725914955139,6.770503044128418,8153
161,1318912,0.000998573871291487,0.4883740246295929,6.5134663581848145,8151
162,1327104,0.0009985259637068197,0.5730916857719421,6.567368030548096,8157
163,1335296,0.0009984772660063391,0.5745108127593994,6.619494438171387,8150
164,1343488,0.0009984277782758306,0.519860029220581,6.5972514152526855,8155
165,1351680,0.0009983775006024704,0.5137138366699219,6.638989448547363,8151
166,1359872,0.0009983264330748272,0.5569401383399963,6.680395603179932,8149
167,1368064,0.0009982745757828604,0.6753398180007935,6.764052391052246,8154
168,1376256,0.0009982219288179213,0.5495339632034302,6.5852203369140625,8154
169,1384448,0.0009981684922727517,0.5593581199645996,6.633500576019287,8150
170,1392640,0.0009981142662414844,0.5305508971214294,6.666143894195557,8153
171,1400832,0.0009980592508196432,0.5484611988067627,6.656076908111572,8152
172,1409024,0.0009980034461041425,0.5052772164344788,6.429825305938721,8156
173,1417216,0.0009979468521932866,1.4717991352081299,6.788146018981934,8151
174,1425408,0.0009978894691867709,0.6182904839515686,6.591615200042725,8151
175,1433600,0.0009978312971856797,0.6383862495422363,6.621378421783447,8156
176,1441792,0.0009977723362924885,0.7093183398246765,6.592942237854004,8153
177,1449984,0.0009977125866110614,0.676977813243866,6.682333469390869,8152
178,1458176,0.0009976520482466522,1.2965140342712402,6.621265888214111,8155
179,1466368,0.0009975907213059048,1.100999355316162,6.67210578918457,8150
180,1474560,0.0009975286058968515,0.5347288250923157,6.721678733825684,8150
181,1482752,0.0009974657021289137,0.6709751486778259,6.523634433746338,8153
182,1490944,0.0009974020101129017,0.4959486722946167,6.491832733154297,8155
183,1499136,0.0009973375299610141,0.69422447681427,6.619569778442383,8154
184,1507328,0.0009972722617868385,0.6116747260093689,6.696411609649658,8155
185,1515520,0.0009972062057053497,0.58402419090271,6.578128814697266,8151
186,1523712,0.0009971393618329113,0.6078010201454163,6.6952996253967285,8156
187,1531904,0.0009970717302872742,0.49913665652275085,6.666233062744141,8153
188,1540096,0.0009970033111875772,0.5183391571044922,6.6081109046936035,8150
189,1548288,0.000996934104654346,0.5074163675308228,6.564550399780273,8150
190,1556480,0.0009968641108094938,0.5574833750724792,6.585391521453857,8154
191,1564672,0.0009967933297763203,0.6619914174079895,6.500509738922119,8151
192,1572864,0.0009967217616795128,0.5218943357467651,6.4991655349731445,8155
193,1581056,0.000996649406645144,0.5179609060287476,6.639732837677002,8147
194,1589248,0.0009965762648006732,0.5844399929046631,6.759347438812256,8154
195,1597440,0.0009965023362749463,0.5080528855323792,6.500022888183594,8152
196,1605632,0.000996427621198194,0.5550543665885925,6.587629318237305,8152
197,1613824,0.0009963521197020337,0.4889430105686188,6.65223503112793,8154
198,1622016,0.0009962758319194672,0.5221630930900574,6.543418884277344,8152
199,1630208,0.000996198757984882,0.5617839097976685,6.679288864135742,8155
200,1638400,0.0009961208980340498,0.5257038474082947,6.408824920654297,8150
201,1646592,0.0009960422522041277,0.5826169848442078,6.41928243637085,8148
202,1654784,0.0009959628206336571,0.4920051693916321,6.499901294708252,8152
203,1662976,0.0009958826034625631,0.624843955039978,6.545462608337402,8148
204,1671168,0.0009958016008321548,0.6114253997802734,6.454161167144775,8150
205,1679360,0.0009957198128851255,0.5424019694328308,6.518685817718506,8147
206,1687552,0.0009956372397655507,0.5588238835334778,6.526684761047363,8153
207,1695744,0.0009955538816188907,0.6366271376609802,6.55419921875,8157
208,1703936,0.0009954697385919872,0.5294697880744934,6.483386039733887,8146
209,1712128,0.0009953848108330654,0.5193009376525879,6.533325672149658,8148
210,1720320,0.0009952990984917326,0.5560663342475891,6.581399440765381,8152
211,1728512,0.0009952126017189781,0.4920819103717804,6.4201130867004395,8154
212,1736704,0.0009951253206671735,0.5790489912033081,6.573915004730225,8151
213,1744896,0.0009950372554900712,0.536131739616394,6.569141864776611,8152
214,1753088,0.0009949484063428054,0.5578464865684509,6.674568176269531,8152
215,1761280,0.0009948587733818917,0.5161862373352051,6.4060797691345215,8149
216,1769472,0.0009947683567652255,0.5783726572990417,6.454473495483398,8154
217,1777664,0.0009946771566520835,0.531002938747406,6.395431995391846,8152
218,1785856,0.000994585173203122,0.4838734567165375,6.544874668121338,8151
219,1794048,0.000994492406580378,0.5660219788551331,6.502598285675049,8152
220,1802240,0.000994398856947267,0.4944509267807007,6.495704174041748,8153
221,1810432,0.000994304524468585,0.5023756623268127,6.456143379211426,8148
222,1818624,0.0009942094093105063,0.47231507301330566,6.535252571105957,8154
223,1826816,0.000994113511640584,0.5944658517837524,6.4523773193359375,8150
224,1835008,0.0009940168316277503,0.48645803332328796,6.312403202056885,8153
225,1843200,0.0009939193694423146,0.5231448411941528,6.504743576049805,8154
226,1851392,0.000993821125255965,0.5883818864822388,6.344672203063965,8152
227,1859584,0.0009937220992417665,0.6275474429130554,6.570191860198975,8153
228,1867776,0.000993622291574162,0.6482841372489929,6.452022075653076,8150
229,1875968,0.0009935217024289705,0.6169111728668213,6.406317234039307,8151
230,1884160,0.0009934203319833888,0.5699638724327087,6.454253673553467,8154
231,1892352,0.0009933181804159888,0.5147057771682739,6.440631866455078,8150
232,1900544,0.0009932152479067194,0.6265544891357422,6.484222888946533,8155
233,1908736,0.0009931115346369045,0.5601779222488403,6.508752822875977,8151
234,1916928,0.000993007040789244,0.5732709765434265,6.552129745483398,8156
235,1925120,0.000992901766547812,0.5763823986053467,6.425028324127197,8151
236,1933312,0.0009927957120980583,0.5804125070571899,6.49092960357666,8147
237,1941504,0.0009926888776268063,0.512304961681366,6.4835100173950195,8152
238,1949696,0.0009925812633222542,0.5943302512168884,6.485620021820068,8151
239,1957888,0.0009924728693739733,0.5318571925163269,6.366682052612305,8150
240,1966080,0.0009923636959729084,0.597979724407196,6.433867454528809,8153
241,1974272,0.0009922537433113777,0.5118100643157959,6.490269184112549,8152
242,1982464,0.0009921430115830724,0.4955408573150635,6.345792293548584,8150
243,1990656,0.000992031500983055,0.4526901841163635,6.471899509429932,8148
244,1998848,0.0009919192117077609,0.46312931180000305,6.4195427894592285,8153
245,2007040,0.000991806143954997,0.5382882952690125,6.31545877456665,8154
246,2015232,0.0009916922979239416,0.5626837611198425,6.293609142303467,8149
247,2023424,0.000991577673815144,0.5348814129829407,6.49709415435791,8149
248,2031616,0.0009914622718305243,0.5058116316795349,6.500543594360352,8154
249,2039808,0.0009913460921733722,0.5942301154136658,6.345308303833008,8152
250,2048000,0.000991229135048348,0.5595694184303284,6.452604293823242,8148
251,2056192,0.0009911114006614819,0.5136803388595581,6.436177730560303,8158
252,2064384,0.000990992889220172,0.4750765562057495,6.429559230804443,8152
253,2072576,0.0009908736009331869,0.4480091631412506,6.386606693267822,8156
254,2080768,0.0009907535360106623,0.5814095139503479,6.361602306365967,8151
255,2088960,0.0009906326946641027,0.5109503269195557,6.508434772491455,8152
256,2097152,0.0009905110771063802,0.5650827288627625,6.551848411560059,8157
257,2105344,0.0009903886835517341,0.5397372245788574,6.510762691497803,8148
258,2113536,0.0009902655142157712,0.548251748085022,6.555970668792725,8151
259,2121728,0.0009901415693154643,0.529933750629425,6.462498188018799,8155
260,2129920,0.0009900168490691525,0.5391543507575989,6.457514762878418,8153
261,2138112,0.0009898913536965411,0.4902159869670868,6.442099094390869,8155
262,2146304,0.0009897650834187006,0.5380383133888245,6.47085428237915,8147
263,2154496,0.0009896380384580667,0.5124320983886719,6.577331066131592,8154
264,2162688,0.0009895102190384394,0.5631240010261536,6.373734951019287,8153
265,2170880,0.0009893816253849835,0.4892946183681488,6.375550270080566,8150
266,2179072,0.0009892522577242275,0.4938330054283142,6.367004871368408,8153
267,2187264,0.000989122116284063,0.5207417607307434,6.5382490158081055,8150
268,2195456,0.000988991201293745,0.5733941793441772,6.473234176635742,8153
269,2203648,0.0009888595129838914,0.5806734561920166,6.426993370056152,8155
270,2211840,0.000988727051586482,0.622340202331543,6.34810733795166,8151
271,2220032,0.0009885938173348587,0.4755662977695465,6.4700398445129395,8151
272,2228224,0.0009884598104637245,0.5497138500213623,6.44345760345459,8151
273,2236416,0.0009883250312091437,0.49108460545539856,6.479437828063965,8149
274,2244608,0.0009881894798085412,0.5054498314857483,6.489437580108643,8152
275,2252800,0.000988053156500702,0.514238715171814,6.468367576599121,8154
276,2260992,0.0009879160615257712,0.4912051558494568,6.22012996673584,8154
277,2269184,0.000987778195125253,0.5349924564361572,6.448902606964111,8150
278,2277376,0.0009876395575420102,0.5293284058570862,6.379395961761475,8153
279,2285568,0.0009875001490202645,0.6609261631965637,6.543186664581299,8154
280,2293760,0.000987359969805596,0.5716097354888916,6.450821876525879,8148
281,2301952,0.0009872190201449416,0.4989206790924072,6.405275821685791,8153
282,2310144,0.0009870773002865962,0.5253871083259583,6.302530765533447,8154
283,2318336,0.0009869348104802108,0.5615890622138977,6.367315292358398,8154
284,2326528,0.0009867915509767934,0.5309902429580688,6.386544227600098,8152
285,2334720,0.0009866475220287074,0.48991596698760986,6.335428714752197,8156
286,2342912,0.0009865027238896715,0.5299746990203857,6.3321919441223145,8153
287,2351104,0.0009863571568147602,0.4968918263912201,6.233960151672363,8154
288,2359296,0.0009862108210604017,0.5510647296905518,6.330031394958496,8153
289,2367488,0.0009860637168843784,0.5023332238197327,6.35059928894043,8152
290,2375680,0.0009859158445458271,0.5509087443351746,6.341729164123535,8154
291,2383872,0.0009857672043052368,0.5869444012641907,6.280107021331787,8148
292,2392064,0.0009856177964244499,0.5379904508590698,6.328445911407471,8155
293,2400256,0.0009854676211666605,0.5519781112670898,6.346827507019043,8151
294,2408448,0.000985316678796415,0.49809831380844116,6.272046089172363,8150
295,2416640,0.000985164969579611,0.5424529910087585,6.415138244628906,8152
296,2424832,0.0009850124937834971,0.5560076236724854,6.336100101470947,8150
297,2433024,0.0009848592516766717,0.4712482690811157,6.3765692710876465,8149
298,2441216,0.0009847052435290838,0.507308840751648,6.336328983306885,8150
299,2449408,0.0009845504696120314,0.48409491777420044,6.235749244689941,8151
300,2457600,0.0009843949301981618,0.5012420415878296,6.259594440460205,8150
301,2465792,0.0009842386255614702,0.542555034160614,6.3843793869018555,8150
302,2473984,0.0009840815559773008,0.501400887966156,6.342347145080566,8152
303,2482176,0.0009839237217223445,0.5027424693107605,6.484947204589844,8151
304,2490368,0.0009837651230746394,0.5281242728233337,6.3354878425598145,8154
305,2498560,0.0009836057603135704,0.4752587378025055,6.415287494659424,8150
306,2506752,0.0009834456337198681,0.5535798668861389,6.351158142089844,8152
307,2514944,0.000983284743575609,0.4482068419456482,6.322352409362793,8154
308,2523136,0.0009831230901642142,0.5531578660011292,6.29385232925415,8153
309,2531328,0.00098296067377045,0.4726185202598572,6.12977933883667,8149
310,2539520,0.0009827974946804258,0.522901713848114,6.366023063659668,8152
311,2547712,0.000982633553181596,0.5357502698898315,6.309525489807129,8151
312,2555904,0.0009824688495627563,0.47502270340919495,6.376441955566406,8148
313,2564096,0.0009823033841140465,0.5367366075515747,6.167821407318115,8149
314,2572288,0.0009821371571269474,0.49577876925468445,6.3356475830078125,8149
315,2580480,0.000981970168894282,0.5291869044303894,6.287093162536621,8153
316,2588672,0.0009818024197102136,0.4922730326652527,6.352636814117432,8151
317,2596864,0.0009816339098702466,0.516777753829956,6.3312602043151855,8153
318,2605056,0.000981464639671225,0.5359153747558594,6.344324111938477,8154
319,2613248,0.0009812946094113323,0.5597229599952698,6.3769426345825195,8156
320,2621440,0.0009811238193900911,0.6064385175704956,6.292874813079834,8154
321,2629632,0.0009809522699083621,0.5964292287826538,6.227086067199707,8155
322,2637824,0.000980779961268344,0.4894173741340637,6.252829074859619,8147
323,2646016,0.0009806068937735731,0.48429667949676514,6.259893894195557,8154
324,2654208,0.0009804330677289218,0.49831199645996094,6.236368179321289,8148
325,2662400,0.000980258483440599,0.5641171336174011,6.267380714416504,8154
326,2670592,0.0009800831412161502,0.5475890636444092,6.384084701538086,8148
327,2678784,0.0009799070413644547,0.5491421818733215,6.336916923522949,8152
328,2686976,0.000979730184195727,0.5732747912406921,6.2521891593933105,8152
329,2695168,0.0009795525700215164,0.5018334984779358,6.389340877532959,8154
330,2703360,0.000979374199154704,0.5450565814971924,6.283219337463379,8152
331,2711552,0.0009791950719095059,0.5023823380470276,6.302825927734375,8152
332,2719744,0.000979015188601469,0.5879272222518921,6.359594345092773,8151
333,2727936,0.0009788345495474733,0.5904449820518494,6.369268894195557,8154
334,2736128,0.000978653155065729,0.5001880526542664,6.189892292022705,8154
335,2744320,0.0009784710054757779,0.578298807144165,6.197641372680664,8155
336,2752512,0.0009782881010984915,0.5068838000297546,6.227361679077148,8151
337,2760704,0.000978104442256071,0.5001519322395325,6.321941375732422,8152
338,2768896,0.000977920029272047,0.5100891590118408,6.328039646148682,8152
339,2777088,0.000977734862471278,0.5761786699295044,6.233058929443359,8151
340,2785280,0.000977548942179951,0.5270808935165405,6.347113132476807,8152
341,2793472,0.00097736226872558,0.4836396872997284,6.343897342681885,8152
342,2801664,0.000977174842437006,0.5043800473213196,6.320364952087402,8150
343,2809856,0.0009769866636443955,0.5003910660743713,6.319538593292236,8156
344,2818048,0.0009767977326792414,0.4964351952075958,6.337022304534912,8153
345,2826240,0.0009766080498743615,0.5300865173339844,6.297028541564941,8156
346,2834432,0.0009764176155638976,0.5780221223831177,6.234965801239014,8154
347,2842624,0.0009762264300833157,0.5051413774490356,6.081550598144531,8153
348,2850816,0.0009760344937694049,0.5335323810577393,6.433420181274414,8153
349,2859008,0.000975841806960277,0.5978917479515076,6.416787147521973,8148
350,2867200,0.0009756483699953657,0.547678530216217,6.216503620147705,8156
351,2875392,0.0009754541832154266,0.5841622948646545,6.173251628875732,8153
352,2883584,0.0009752592469625357,0.5494595766067505,6.41626501083374,8152
353,2891776,0.0009750635615800895,0.572546124458313,6.2389445304870605,8154
354,2899968,0.000974867127412804,0.6314529180526733,6.288356304168701,8154
355,2908160,0.0009746699448067143,0.5750006437301636,6.3817572593688965,8150
356,2916352,0.0009744720141091741,0.5980931520462036,6.231009483337402,8152
357,2924544,0.0009742733356688548,0.5012074708938599,6.314435005187988,8152
358,2932736,0.0009740739098357448,0.5664755702018738,6.320802211761475,8150
359,2940928,0.0009738737369611496,0.5341129302978516,6.388882637023926,8154
360,2949120,0.0009736728173976902,0.5351329445838928,6.315792083740234,8152
361,2957312,0.0009734711514993032,0.49264299869537354,6.308158874511719,8151
362,2965504,0.0009732687396212398,0.5478602647781372,6.163356304168701,8154
363,2973696,0.0009730655821200653,0.5249596834182739,6.3004865646362305,8154
364,2981888,0.0009728616793536588,0.4899839162826538,6.254397392272949,8151
365,2990080,0.0009726570316812118,0.5280393362045288,6.291876792907715,8152
366,2998272,0.0009724516394632282,0.5147224068641663,6.181765556335449,8151
367,3006464,0.0009722455030615235,0.4913525879383087,6.33204460144043,8150
368,3014656,0.0009720386228392241,0.5277478098869324,6.253545761108398,8154
369,3022848,0.0009718309991607671,0.5503547191619873,6.035206317901611,8151
370,3031040,0.0009716226323918982,0.6396703124046326,6.178747177124023,8152
371,3039232,0.0009714135228996734,0.49924594163894653,6.275665283203125,8153
372,3047424,0.0009712036710524562,0.5144271850585938,6.161889553070068,8151
373,3055616,0.0009709930772199181,0.5876306295394897,6.124687671661377,8150
374,3063808,0.0009707817417730376,0.5673744678497314,6.231827735900879,8152
375,3072000,0.0009705696650841,0.562557578086853,6.395362377166748,8155
376,3080192,0.0009703568475266958,0.5294837951660156,6.112016677856445,8155
377,3088384,0.0009701432894757208,0.5062592029571533,6.22389030456543,8155
378,3096576,0.0009699289913073754,0.5184153914451599,6.102093696594238,8154
379,3104768,0.0009697139533991634,0.5366272926330566,6.210658073425293,8152
380,3112960,0.0009694981761298924,0.5285467505455017,6.213797092437744,8155
381,3121152,0.0009692816598796717,0.5828579664230347,6.322266578674316,8155
382,3129344,0.0009690644050299128,0.5528210401535034,6.137645721435547,8150
383,3137536,0.0009688464119633282,0.5212031006813049,6.171910285949707,8154
384,3145728,0.0009686276810639307,0.6382061839103699,6.135217666625977,8153
385,3153920,0.0009684082127170333,0.5186545252799988,6.262948036193848,8152
386,3162112,0.0009681880073092473,0.6027006506919861,6.186336040496826,8149
387,3170304,0.0009679670652284833,0.5781408548355103,6.275838375091553,8148
388,3178496,0.000967745386863949,0.6339938640594482,6.272005558013916,8150
389,3186688,0.0009675229726061491,0.5616400837898254,6.208044528961182,8151
390,3194880,0.000967299822846885,0.5232219696044922,6.110857963562012,8152
391,3203072,0.0009670759379792536,0.5221976041793823,6.176231861114502,8152
392,3211264,0.0009668513183976467,0.5316368341445923,6.253107070922852,8154
393,3219456,0.0009666259644977503,0.5209875702857971,6.27689266204834,8153
394,3227648,0.0009663998766765441,0.4788621664047241,6.210855960845947,8153
395,3235840,0.0009661730553323008,0.6211610436439514,6.19677734375,8154
396,3244032,0.0009659455008645848,0.5228912234306335,6.143041133880615,8155
397,3252224,0.0009657172136742524,0.5682187080383301,6.124632358551025,8155
398,3260416,0.0009654881941634503,0.495431512594223,6.123448848724365,8149
399,3268608,0.0009652584427356155,0.5865652561187744,6.206267833709717,8151
400,3276800,0.0009650279597954745,0.5204413533210754,6.164440631866455,8156
401,3284992,0.0009647967457490418,0.6692455410957336,6.271023750305176,8152
402,3293184,0.0009645648010036205,0.4893551170825958,6.0587053298950195,8146
403,3301376,0.0009643321259678005,0.5428363680839539,6.216073513031006,8151
404,3309568,0.0009640987210514581,0.5265273451805115,6.198826313018799,8154
405,3317760,0.0009638645866657556,0.5332726240158081,6.152871608734131,8150
406,3325952,0.0009636297232231401,0.5864638686180115,6.170912742614746,8153
407,3334144,0.0009633941311373433,0.5407756567001343,6.178269386291504,8150
408,3342336,0.0009631578108233801,0.5415788888931274,6.202095985412598,8154
409,3350528,0.0009629207626975484,0.5571950674057007,6.145432472229004,8157
410,3358720,0.0009626829871774283,0.5011252164840698,6.229596138000488,8154
411,3366912,0.0009624444846818812,0.5139232873916626,6.3077802658081055,8154
412,3375104,0.0009622052556310489,0.5319774746894836,6.18166971206665,8151
413,3383296,0.0009619653004463534,0.5280114412307739,6.24394416809082,8155
414,3391488,0.0009617246195504958,0.5593865513801575,6.1014790534973145,8153
415,3399680,0.0009614832133674554,0.5166478753089905,6.212741851806641,8148
416,3407872,0.0009612410823224894,0.5475767850875854,6.171280860900879,8153
417,3416064,0.0009609982268421316,0.555088222026825,6.09148645401001,8153
418,3424256,0.0009607546473541924,0.5568469166755676,6.148555278778076,8156
419,3432448,0.000960510344287757,0.5372171401977539,6.419872760772705,8154
420,3440640,0.0009602653180731859,0.5609095692634583,6.000086307525635,8150
421,3448832,0.0009600195691421131,0.5040354132652283,6.1825385093688965,8153
422,3457024,0.0009597730979274456,0.6092536449432373,6.232769012451172,8153
423,3465216,0.0009595259048633633,0.5298495888710022,6.18737268447876,8155
424,3473408,0.000959277990385317,0.5278386473655701,6.038740634918213,8148
425,3481600,0.000959029354930029,0.6028336882591248,6.074437618255615,8151
426,3489792,0.0009587799989354911,0.565986156463623,6.2248358726501465,8153
427,3497984,0.0009585299228409646,0.6229993104934692,6.185571193695068,8150
428,3506176,0.0009582791270869796,0.5908458232879639,6.342857360839844,8149
429,3514368,0.0009580276121153336,0.5854145288467407,6.27453088760376,8153
430,3522560,0.0009577753783690913,0.5195200443267822,6.114619731903076,8150
431,3530752,0.000957522426292583,0.5368460416793823,6.189324378967285,8153
432,3538944,0.0009572687563314051,0.5839991569519043,6.167626857757568,8154
433,3547136,0.0009570143689324184,0.5392981767654419,6.194293975830078,8150
434,3555328,0.0009567592645437474,0.5428677797317505,6.2985358238220215,8155
435,3563520,0.0009565034436147798,0.5343379974365234,6.086029529571533,8158
436,3571712,0.0009562469065961654,0.5322924852371216,6.085731506347656,8149
437,3579904,0.0009559896539398155,0.5535227060317993,6.128405570983887,8151
438,3588096,0.000955731686098902,0.5691811442375183,6.2938642501831055,8150
439,3596288,0.0009554730035278568,0.5015882253646851,6.128832817077637,8151
440,3604480,0.0009552136066823707,0.5822114944458008,6.261354446411133,8150
441,3612672,0.000954953496019393,0.5580246448516846,6.268272876739502,8155
442,3620864,0.0009546926719971301,0.5501121282577515,6.1941399574279785,8156
443,3629056,0.0009544311350750454,0.5266516208648682,6.265613555908203,8153
444,3637248,0.0009541688857138578,0.5493070483207703,6.181614875793457,8150
445,3645440,0.0009539059243755413,0.5937183499336243,6.155035495758057,8152
446,3653632,0.0009536422515233244,0.6192566156387329,6.308461666107178,8158
447,3661824,0.0009533778676216886,0.5246729850769043,6.2071404457092285,8149
448,3670016,0.0009531127731363684,0.5245068073272705,6.089393615722656,8153
449,3678208,0.0009528469685343495,0.5608187317848206,6.18024206161499,8151
450,3686400,0.0009525804542838691,0.5125545859336853,6.011038780212402,8151
451,3694592,0.0009523132308544138,0.48046717047691345,6.122476577758789,8156
452,3702784,0.0009520452987167204,0.5802194476127625,6.181090354919434,8154
453,3710976,0.0009517766583427734,0.5448428392410278,6.066222190856934,8152
454,3719168,0.0009515073102058054,0.5655171871185303,6.181969165802002,8146
455,3727360,0.000951237254780295,0.5290974378585815,6.08037805557251,8151
456,3735552,0.000950966492541968,0.5847396850585938,5.930680751800537,8145
457,3743744,0.0009506950239677943,0.5533370971679688,6.045394420623779,8152
458,3751936,0.0009504228495359884,0.5206016898155212,6.1857218742370605,8151
459,3760128,0.0009501499697260081,0.5997269153594971,6.181805610656738,8152
460,3768320,0.000949876385018554,0.5381678342819214,6.1026506423950195,8153
461,3776512,0.0009496020958955683,0.5227060914039612,6.048154354095459,8150
462,3784704,0.0009493271028402343,0.5157193541526794,5.851828098297119,8151
463,3792896,0.0009490514063369749,0.5255119204521179,6.132298946380615,8151
464,3801088,0.0009487750068714525,0.49239084124565125,6.025474548339844,8149
465,3809280,0.0009484979049305681,0.5599624514579773,6.125874996185303,8153
466,3817472,0.0009482201010024594,0.5307530760765076,5.975101470947266,8155
467,3825664,0.000947941595576501,0.5717463493347168,6.104604244232178,8152
468,3833856,0.000947662389143304,0.5260711312294006,6.034029483795166,8151
469,3842048,0.0009473824821947132,0.5339353680610657,6.174935817718506,8147
470,3850240,0.0009471018752238085,0.55333012342453,6.027938365936279,8153
471,3858432,0.0009468205687249018,0.6045986413955688,5.933035373687744,8154
472,3866624,0.0009465385631935385,0.6003214716911316,6.1823410987854,8147
473,3874816,0.0009462558591264944,0.550132155418396,6.059730529785156,8153
474,3883008,0.0009459724570217765,0.6164555549621582,6.069012641906738,8154
475,3891200,0.0009456883573786211,0.4981829822063446,6.0631256103515625,8154
476,3899392,0.0009454035606974934,0.5375744104385376,6.0208420753479,8154
477,3907584,0.0009451180674800864,0.5538185834884644,6.065622329711914,8150
478,3915776,0.0009448318782293201,0.5638560056686401,6.005739212036133,8153
479,3923968,0.000944544993449341,0.5435108542442322,6.107864856719971,8158
480,3932160,0.0009442574136455201,0.5558761358261108,6.142013072967529,8155
481,3940352,0.0009439691393244535,0.5528653264045715,6.061624050140381,8152
482,3948544,0.00094368017099396,0.4966542422771454,5.949871063232422,8155
483,3956736,0.0009433905091630818,0.5265606641769409,6.077538013458252,8151
484,3964928,0.0009431001543420821,0.4980321526527405,5.963287830352783,8150
485,3973120,0.0009428091070424452,0.5593039393424988,6.038012504577637,8159
486,3981312,0.0009425173677768748,0.5516607165336609,6.008808135986328,8158
487,3989504,0.0009422249370592945,0.5208959579467773,6.134568214416504,8151
488,3997696,0.0009419318154048448,0.5177358984947205,6.14594841003418,8153
489,4005888,0.0009416380033298842,0.5260828137397766,6.105406761169434,8151
490,4014080,0.0009413435013519869,0.5437970161437988,6.072105407714844,8153
491,4022272,0.0009410483099899428,0.5244355797767639,6.191924571990967,8151
492,4030464,0.000940752429763756,0.5171366930007935,6.000187873840332,8154
493,4038656,0.0009404558611946442,0.5470290184020996,6.0707621574401855,8150
494,4046848,0.0009401586048050375,0.5297155976295471,6.149017810821533,8151
495,4055040,0.000939860661118578,0.5925604104995728,6.166928768157959,8155
496,4063232,0.000939562030660118,0.5901544690132141,6.202141761779785,8152
497,4071424,0.0009392627139557199,0.5287231206893921,6.1150383949279785,8153
498,4079616,0.0009389627115326554,0.5355850458145142,5.9014458656311035,8149
499,4087808,0.0009386620239194033,0.6006858944892883,5.948746204376221,8148
500,4096000,0.0009383606516456502,0.5858014225959778,6.091235160827637,8155
501,4104192,0.0009380585952422879,0.5500071048736572,5.911296367645264,8154
502,4112384,0.0009377558552414147,0.6074661016464233,6.146420478820801,8155
503,4120576,0.0009374524321763316,0.5943952798843384,5.947025299072266,8153
504,4128768,0.0009371483265815439,0.5397611856460571,5.999917507171631,8153
505,4136960,0.0009368435389927588,0.5770775675773621,6.091094970703125,8151
506,4145152,0.000936538069946885,0.5617516040802002,6.011692047119141,8150
507,4153344,0.0009362319199820319,0.5392611026763916,6.076918125152588,8155
508,4161536,0.0009359250896375078,0.5149533748626709,6.017987251281738,8151
509,4169728,0.0009356175794538201,0.5151660442352295,5.930870532989502,8152
510,4177920,0.0009353093899726736,0.5880395174026489,5.979401588439941,8156
511,4186112,0.0009350005217369695,0.597202718257904,6.178098678588867,8154
512,4194304,0.000934690975290805,0.4880492389202118,5.9480109214782715,8148
513,4202496,0.0009343807511794721,0.5392532348632812,6.045997142791748,8154
514,4210688,0.0009340698499494561,0.5399662256240845,6.023008346557617,8154
515,4218880,0.0009337582721484357,0.5464078783988953,6.17034912109375,8154
516,4227072,0.000933446018325281,0.5264618992805481,5.981180191040039,8152
517,4235264,0.0009331330890300529,0.5376420617103577,5.980803966522217,8150
518,4243456,0.0009328194848140027,0.5710622668266296,6.178414344787598,8155
519,4251648,0.0009325052062295701,0.6436211466789246,6.131027698516846,8150
520,4259840,0.0009321902538303831,0.5210029482841492,6.161900997161865,8151
521,4268032,0.0009318746281712566,0.5787121057510376,6.030953884124756,8157
522,4276224,0.0009315583298081915,0.5320815443992615,6.036370277404785,8149
523,4284416,0.0009312413592983735,0.5875222086906433,6.015170574188232,8151
524,4292608,0.0009309237172001725,0.6071435213088989,5.979698657989502,8153
525,4300800,0.0009306054040731417,0.5606180429458618,6.046137809753418,8152
526,4308992,0.0009302864204780161,0.5521934628486633,6.024112224578857,8151
527,4317184,0.0009299667669767118,0.4891344904899597,5.985915184020996,8151
528,4325376,0.0009296464441323251,0.5544648170471191,6.058143138885498,8155
529,4333568,0.0009293254525091315,0.5504024624824524,6.035783290863037,8148
530,4341760,0.000929003792672584,0.5865699648857117,6.010768413543701,8152
531,4349952,0.0009286814651893135,0.5542779564857483,6.11335563659668,8155
532,4358144,0.0009283584706271268,0.5478765368461609,6.1622138023376465,8151
533,4366336,0.0009280348095550054,0.5654225945472717,6.007849216461182,8154
534,4374528,0.0009277104825431055,0.5143405199050903,6.032533168792725,8151
535,4382720,0.000927385490162756,0.5533137321472168,6.140231132507324,8150
536,4390912,0.0009270598329864578,0.5192829370498657,5.961771488189697,8153
537,4399104,0.0009267335115878835,0.5503411889076233,6.037932395935059,8156
538,4407296,0.0009264065265418752,0.5144388675689697,6.08128547668457,8153
539,4415488,0.0009260788784244443,0.5170332193374634,5.922855377197266,8155
540,4423680,0.0009257505678127703,0.524674654006958,5.998642444610596,8147
541,4431872,0.0009254215952851993,0.48727747797966003,5.952518463134766,8153
542,4440064,0.0009250919614212444,0.5192580819129944,5.948017120361328,8154
543,4448256,0.0009247616668015827,0.5737053155899048,5.999877452850342,8147
544,4456448,0.0009244307120080557,0.5689733028411865,6.006597995758057,8153
545,4464640,0.0009240990976236678,0.5521129965782166,5.969696998596191,8155
546,4472832,0.0009237668242325854,0.5433727502822876,5.964688301086426,8152
547,4481024,0.0009234338924201358,0.5063533782958984,6.00435209274292,8153
548,4489216,0.0009231003027728059,0.5363385081291199,6.014926910400391,8156
549,4497408,0.0009227660558782417,0.5493316054344177,5.954623699188232,8146
550,4505600,0.0009224311523252471,0.5098314881324768,5.893804550170898,8153
551,4513792,0.0009220955927037823,0.5172132253646851,5.897275924682617,8158
552,4521984,0.0009217593776049635,0.5727116465568542,5.934770584106445,8152
553,4530176,0.0009214225076210619,0.5371959805488586,6.019851207733154,8152
554,4538368,0.0009210849833455019,0.595585823059082,6.074455738067627,8153
555,4546560,0.0009207468053728604,0.5825679302215576,6.109849452972412,8148
556,4554752,0.0009204079742988661,0.5910474061965942,5.925148963928223,8150
557,4562944,0.0009200684907203982,0.5503625273704529,6.073721885681152,8149
558,4571136,0.0009197283552354855,0.5046245455741882,6.039360523223877,8153
559,4579328,0.0009193875684433046,0.5571818947792053,5.994357109069824,8153
560,4587520,0.00091904613094418,0.580371618270874,5.9515767097473145,8154
561,4595712,0.0009187040433395821,0.5279658436775208,5.8968305587768555,8149
562,4603904,0.0009183613062321268,0.5748217105865479,6.0110392570495605,8155
563,4612096,0.000918017920225574,0.5089902281761169,5.903628349304199,8157
564,4620288,0.0009176738859248269,0.55870121717453,5.975147247314453,8152
565,4628480,0.0009173292039359305,0.557732880115509,6.065108299255371,8153
566,4636672,0.0009169838748660706,0.5669041275978088,6.049095153808594,8153
567,4644864,0.0009166378993235731,0.5109981894493103,5.952132701873779,8147
568,4653056,0.000916291277917903,0.5690624713897705,5.913551330566406,8158
569,4661248,0.0009159440112596625,0.5476667284965515,5.940077304840088,8157
570,4669440,0.0009155960999605909,0.5153719782829285,5.905251502990723,8155
571,4677632,0.0009152475446335626,0.5409702062606812,6.005953311920166,8148
572,4685824,0.0009148983458925872,0.5055482983589172,6.036657810211182,8148
573,4694016,0.0009145485043528073,0.5882189273834229,6.054877281188965,8151
574,4702208,0.0009141980206304976,0.5084976553916931,5.927722930908203,8153
575,4710400,0.0009138468953430644,0.5803910493850708,6.0698347091674805,8153
576,4718592,0.0009134951291090444,0.5341385006904602,5.869502544403076,8153
577,4726784,0.0009131427225481029,0.5839462876319885,5.884215354919434,8151
578,4734976,0.0009127896762810333,0.5048989653587341,5.9711737632751465,8155
579,4743168,0.0009124359909297562,0.5860109925270081,5.927062034606934,8151
580,4751360,0.0009120816671173176,0.5294325947761536,6.027669906616211,8153
581,4759552,0.0009117267054678885,0.542320728302002,5.9849653244018555,8146
582,4767744,0.0009113711066067634,0.5549956560134888,5.968508720397949,8149
583,4775936,0.000911014871160359,0.5268149375915527,5.9620256423950195,8154
584,4784128,0.0009106579997562141,0.5488919019699097,5.955535411834717,8158
585,4792320,0.0009103004930229872,0.5603651404380798,5.93752908706665,8152
586,4800512,0.0009099423515904561,0.532402515411377,5.895892143249512,8155
587,4808704,0.0009095835760895167,0.5529776215553284,5.916310787200928,8149
588,4816896,0.0009092241671521821,0.6064985394477844,5.901163101196289,8151
589,4825088,0.000908864125411581,0.5529955625534058,5.929688453674316,8151
590,4833280,0.0009085034515019568,0.5326043367385864,6.00006103515625,8152
591,4841472,0.0009081421460586666,0.5762635469436646,6.011070251464844,8151
592,4849664,0.0009077802097181802,0.5962391495704651,5.861824035644531,8148
593,4857856,0.0009074176431180783,0.5546818375587463,5.966149806976318,8151
594,4866048,0.0009070544468970524,0.6009622812271118,6.049855709075928,8157
595,4874240,0.0009066906216949026,0.5673816800117493,5.996434211730957,8154
596,4882432,0.0009063261681525375,0.5489362478256226,5.916196823120117,8145
597,4890624,0.0009059610869119724,0.6102833151817322,6.051813125610352,8148
598,4898816,0.000905595378616328,0.540124773979187,5.917247772216797,8148
599,4907008,0.0009052290439098301,0.58591628074646,5.981357574462891,8146
600,4915200,0.0009048620834378079,0.5500293970108032,5.953206539154053,8150
601,4923392,0.0009044944978466924,0.5142280459403992,5.902225017547607,8152
602,4931584,0.0009041262877840167,0.5624706745147705,5.858335494995117,8150
603,4939776,0.000903757453898413,0.4798332154750824,5.910248279571533,8148
604,4947968,0.0009033879968396132,0.585985541343689,6.010468006134033,8155
605,4956160,0.0009030179172584466,0.6003711223602295,5.997213363647461,8156
606,4964352,0.0009026472158068391,0.5824349522590637,5.909451484680176,8150
607,4972544,0.0009022758931378122,0.5757712721824646,5.965121269226074,8151
608,4980736,0.0009019039499054818,0.55548095703125,5.9569926261901855,8147
609,4988928,0.0009015313867650566,0.6064077615737915,6.0359416007995605,8151
610,4997120,0.0009011582043728379,0.5559163093566895,5.9771528244018555,8153
611,5005312,0.0009007844033862173,0.5914305448532104,5.918580532073975,8153
612,5013504,0.0009004099844636764,0.5184847712516785,5.886190414428711,8152
613,5021696,0.0009000349482647853,0.5766271352767944,5.905447006225586,8155
614,5029888,0.0008996592954502014,0.5597099661827087,6.020223617553711,8151
615,5038080,0.0008992830266816687,0.5063698291778564,5.93766450881958,8151
616,5046272,0.0008989061426220156,0.5481123328208923,5.856710910797119,8152
617,5054464,0.0008985286439351549,0.5686536431312561,6.0153913497924805,8152
618,5062656,0.0008981505312860819,0.565446674823761,5.857726097106934,8154
619,5070848,0.0008977718053408735,0.573584794998169,5.884596824645996,8149
620,5079040,0.0008973924667666872,0.590454638004303,5.866261005401611,8154
621,5087232,0.000897012516231759,0.5760279297828674,5.932382583618164,8154
622,5095424,0.0008966319544054038,0.5553950071334839,5.85587215423584,8154
623,5103616,0.0008962507819580127,0.5835897922515869,6.123821258544922,8153
624,5111808,0.0008958689995610528,0.6321430206298828,5.849174976348877,8151
625,5120000,0.0008954866078870657,0.5776535272598267,5.8726091384887695,8156
626,5128192,0.0008951036076096658,0.5295900106430054,5.806529521942139,8148
627,5136384,0.00089471999940354,0.6239297986030579,5.786794662475586,8152
628,5144576,0.0008943357839444466,0.6091170310974121,5.966001987457275,8153
629,5152768,0.0008939509619092126,0.6633988618850708,5.9422736167907715,8150
630,5160960,0.0008935655339757342,0.5597002506256104,6.048178195953369,8153
631,5169152,0.0008931795008229748,0.5492846965789795,5.920388221740723,8151
632,5177344,0.0008927928631309638,0.5353410243988037,5.869882583618164,8157
633,5185536,0.0008924056215807958,0.5379282236099243,5.925318241119385,8152
634,5193728,0.000892017776854629,0.605010986328125,5.894802093505859,8153
635,5201920,0.0008916293296356841,0.5553312301635742,5.92148494720459,8154
636,5210112,0.0008912402806082434,0.5652508735656738,5.9040937423706055,8153
637,5218304,0.0008908506304576489,0.5151434540748596,5.88317346572876,8153
638,5226496,0.0008904603798703018,0.5314647555351257,5.942554473876953,8152
639,5234688,0.0008900695295336611,0.5466634035110474,5.82220983505249,8149
640,5242880,0.0008896780801362421,0.5439157485961914,6.033491134643555,8145
641,5251072,0.0008892860323676157,0.5273666977882385,5.951908111572266,8152
642,5259264,0.0008888933869184064,0.5305292010307312,5.890629768371582,8151
643,5267456,0.000888500144480292,0.6731314063072205,5.918370723724365,8153
644,5275648,0.0008881063057460015,0.565776526927948,5.931795120239258,8152
645,5283840,0.0008877118714093152,0.5538278818130493,5.783263206481934,8153
646,5292032,0.0008873168421650613,0.552047848701477,5.776277542114258,8156
647,5300224,0.0008869212187091173,0.5686507821083069,5.793970108032227,8152
648,5308416,0.0008865250017384065,0.5472359657287598,5.866252899169922,8159
649,5316608,0.000886128191950898,0.5692439675331116,5.910411834716797,8150
650,5324800,0.0008857307900456056,0.5724548697471619,5.87265682220459,8146
651,5332992,0.0008853327967225855,0.5541121959686279,5.817586421966553,8153
652,5341184,0.0008849342126829362,0.5655613541603088,5.757162570953369,8150
653,5349376,0.000884535038628797,0.5711140036582947,5.963958740234375,8153
654,5357568,0.0008841352752633455,0.557611882686615,5.8484320640563965,8144
655,5365760,0.0008837349232907987,0.5921841859817505,5.817561626434326,8153
656,5373952,0.0008833339834164096,0.5770847797393799,5.902810573577881,8157
657,5382144,0.0008829324563464674,0.5498971343040466,5.837466716766357,8146
658,5390336,0.0008825303427882953,0.5970579981803894,5.927148818969727,8153
659,5398528,0.0008821276434502499,0.5702743530273438,5.81868839263916,8152
660,5406720,0.0008817243590417194,0.5087468028068542,5.91226053237915,8150
661,5414912,0.000881320490273123,0.5032584071159363,5.756093502044678,8153
662,5423104,0.0008809160378559093,0.6211503148078918,5.97504997253418,8151
663,5431296,0.0008805110025025545,0.5522007942199707,5.939590930938721,8153
664,5439488,0.0008801053849265626,0.5312809348106384,5.931339740753174,8150
665,5447680,0.0008796991858424622,0.5254018306732178,6.001733779907227,8154
666,5455872,0.0008792924059658071,0.5446077585220337,5.914765357971191,8156
667,5464064,0.0008788850460131738,0.5487455129623413,5.8562726974487305,8152
668,5472256,0.0008784771067021609,0.5623675584793091,5.909213542938232,8149
669,5480448,0.0008780685887513872,0.5881016850471497,5.994621276855469,8153
670,5488640,0.0008776594928804912,0.6076170802116394,5.994228363037109,8152
671,5496832,0.0008772498198101294,0.550564706325531,5.840048313140869,8147
672,5505024,0.0008768395702619748,0.5656697154045105,5.958034515380859,8154
673,5513216,0.0008764287449587163,0.5683318972587585,5.910492897033691,8153
674,5521408,0.000876017344624057,0.5957475900650024,5.852389335632324,8150
675,5529600,0.0008756053699827125,0.5762442350387573,5.8955864906311035,8149
676,5537792,0.0008751928217604106,0.5939197540283203,5.903730392456055,8153
677,5545984,0.0008747797006838893,0.6219321489334106,5.963165283203125,8157
678,5554176,0.0008743660074808956,0.5375885963439941,5.828079700469971,8154
679,5562368,0.0008739517428801849,0.593766450881958,5.851540565490723,8147
680,5570560,0.0008735369076115184,0.5354904532432556,5.834578990936279,8148
681,5578752,0.000873121502405663,0.5948284864425659,5.86583948135376,8153
682,5586944,0.0008727055279943896,0.599238932132721,5.779101371765137,8156
683,5595136,0.0008722889851104719,0.5600798726081848,5.849414348602295,8156
684,5603328,0.0008718718744876847,0.5656459331512451,5.807528972625732,8149
685,5611520,0.0008714541968608031,0.5652986168861389,5.842284679412842,8152
686,5619712,0.0008710359529656009,0.5434804558753967,5.88087797164917,8153
687,5627904,0.0008706171435388497,0.6073029041290283,5.8415303230285645,8152
688,5636096,0.000870197769318317,0.5394386053085327,5.779661178588867,8156
689,5644288,0.0008697778310427655,0.5842454433441162,5.8330159187316895,8156
690,5652480,0.0008693573294519515,0.5850668549537659,5.816669940948486,8148
691,5660672,0.0008689362652866233,0.5751245617866516,5.897902965545654,8152
692,5668864,0.0008685146392885207,0.5669573545455933,5.759769439697266,8156
693,5677056,0.000868092452200373,0.590388298034668,5.908127307891846,8158
694,5685248,0.0008676697047658976,0.7840108275413513,5.94330358505249,8156
695,5693440,0.0008672463977297995,0.5606604814529419,5.917059421539307,8155
696,5701632,0.0008668225318377694,0.5905920267105103,5.795424938201904,8155
697,5709824,0.000866398107836482,0.5850440859794617,5.793745040893555,8154
698,5718016,0.0008659731264735958,0.5487610697746277,5.897911548614502,8156
699,5726208,0.0008655475884977508,0.6315819025039673,5.835479259490967,8151
700,5734400,0.0008651214946585674,0.5902947187423706,5.851887226104736,8156
701,5742592,0.0008646948457066455,0.5698707103729248,5.760957717895508,8150
702,5750784,0.0008642676423935628,0.5627565979957581,5.823426723480225,8149
703,5758976,0.0008638398854718732,0.551924467086792,5.729559421539307,8151
704,5767168,0.0008634115756951064,0.5879707932472229,5.846341609954834,8152
705,5775360,0.0008629827138177656,0.5676765441894531,5.910884857177734,8151
706,5783552,0.0008625533005953267,0.5538062453269958,5.842860698699951,8152
707,5791744,0.0008621233367842367,0.526131272315979,5.8269548416137695,8153
708,5799936,0.000861692823141913,0.5475313067436218,5.716343402862549,8155
709,5808128,0.0008612617604267409,0.5313883423805237,5.77707052230835,8154
710,5816320,0.0008608301493980733,0.5624592304229736,5.732195854187012,8150
711,5824512,0.000860397990816229,0.5628694891929626,5.874059200286865,8147
712,5832704,0.0008599652854424912,0.5293968319892883,5.854916572570801,8147
713,5840896,0.0008595320340391066,0.5465450286865234,5.732809066772461,8154
714,5849088,0.0008590982373692834,0.6142502427101135,5.811312675476074,8149
715,5857280,0.0008586638961971909,0.5697780847549438,5.846357345581055,8153
716,5865472,0.0008582290112879567,0.6250463724136353,5.812087535858154,8156
717,5873664,0.0008577935834076673,0.6070224046707153,5.976149082183838,8153
718,5881856,0.0008573576133233646,0.608189582824707,5.947686195373535,8150
719,5890048,0.0008569211018030467,0.567758321762085,5.833874702453613,8147
720,5898240,0.0008564840496156647,0.5522971749305725,5.719554424285889,8154
721,5906432,0.0008560464575311223,0.5559598207473755,5.87755823135376,8151
722,5914624,0.0008556083263202745,0.5837312936782837,5.858429908752441,8153
723,5922816,0.0008551696567549261,0.5740717649459839,5.788952350616455,8152
724,5931008,0.0008547304496078298,0.5718799829483032,5.874808311462402,8151
725,5939200,0.0008542907056526855,0.5750184059143066,5.7639031410217285,8153
726,5947392,0.000853850425664139,0.5901219248771667,5.834643363952637,8156
727,5955584,0.0008534096104177801,0.5477613210678101,5.748932838439941,8150
728,5963776,0.0008529682606901412,0.5854545831680298,5.894914150238037,8154
729,5971968,0.000852526377258697,0.5332129597663879,5.835507392883301,8156
730,5980160,0.0008520839609018617,0.5992057919502258,5.765477657318115,8154
731,5988352,0.0008516410123989886,0.5445672273635864,5.6885552406311035,8153
732,5996544,0.0008511975325303684,0.5926687717437744,5.895386695861816,8148
733,6004736,0.0008507535220772278,0.59452885389328,5.839510440826416,8154
734,6012928,0.0008503089818217281,0.5226848125457764,5.662221908569336,8154
735,6021120,0.0008498639125469638,0.5580033659934998,5.797874927520752,8150
736,6029312,0.0008494183150369619,0.6223810315132141,5.939554691314697,8154
737,6037504,0.0008489721900766791,0.5370752215385437,5.726430416107178,8151
738,6045696,0.0008485255384520019,0.5954581499099731,5.925721645355225,8150
739,6053888,0.0008480783609497441,0.5729261636734009,5.798868179321289,8153
740,6062080,0.0008476306583576462,0.5627532601356506,5.740035057067871,8155
741,6070272,0.0008471824314643735,0.6027184724807739,5.863044261932373,8148
742,6078464,0.0008467336810595151,0.5687799453735352,5.849040985107422,8151
743,6086656,0.0008462844079335821,0.551421582698822,5.724175930023193,8151
744,6094848,0.0008458346128780065,0.5800885558128357,5.890461444854736,8151
745,6103040,0.0008453842966851398,0.5526343584060669,5.774297714233398,8157
746,6111232,0.0008449334601482514,0.5665398240089417,5.681588172912598,8153
747,6119424,0.0008444821040615273,0.5362213850021362,5.738165855407715,8149
748,6127616,0.0008440302292200691,0.5615946650505066,5.825399398803711,8152
749,6135808,0.0008435778364198914,0.6538746953010559,5.717595100402832,8155
750,6144000,0.0008431249264579224,0.5799508094787598,6.009335994720459,8157
751,6152192,0.0008426715001320002,0.5390086770057678,5.780437469482422,8150
752,6160384,0.0008422175582408733,0.5554822683334351,5.783961296081543,8149
753,6168576,0.000841763101584198,0.6023105978965759,5.830930233001709,8148
754,6176768,0.0008413081309625375,0.5784398913383484,5.691054344177246,8153
755,6184960,0.0008408526471773605,0.6174361705780029,5.81950569152832,8149
756,6193152,0.0008403966510310395,0.5611785054206848,5.639606952667236,8155
757,6201344,0.0008399401433268496,0.6849024295806885,5.874895095825195,8149
758,6209536,0.0008394831248689674,0.576201856136322,5.9117889404296875,8148
759,6217728,0.0008390255964624687,0.566992461681366,5.779379367828369,8149
760,6225920,0.000838567558913328,0.5581012964248657,5.887304306030273,8145
761,6234112,0.0008381090130284164,0.5606518983840942,5.794841289520264,8147
762,6242304,0.0008376499596155009,0.5664011240005493,5.7308855056762695,8151
763,6250496,0.0008371903994832419,0.5830771923065186,5.713363170623779,8151
764,6258688,0.0008367303334411931,0.5479737520217896,5.686422824859619,8155
765,6266880,0.0008362697622997992,0.6067885160446167,5.842726230621338,8150
766,6275072,0.0008358086868703944,0.5929679274559021,5.902858257293701,8154
767,6283264,0.0008353471079652015,0.5800866484642029,5.891500949859619,8152
768,6291456,0.0008348850263973302,0.6078276634216309,5.722609043121338,8151
769,6299648,0.0008344224429807755,0.6179323792457581,5.669152736663818,8152
770,6307840,0.0008339593585304167,0.6170194149017334,5.845619201660156,8155
771,6316032,0.0008334957738620157,0.61642986536026,5.674638271331787,8157
772,6324224,0.0008330316897922152,0.5825610756874084,5.924098014831543,8154
773,6332416,0.0008325671071385383,0.6180905103683472,5.837104797363281,8154
774,6340608,0.0008321020267193856,0.5456312894821167,5.703982353210449,8148
775,6348800,0.0008316364493540352,0.5629742741584778,5.794145584106445,8152
776,6356992,0.0008311703758626403,0.605290949344635,5.863976955413818,8149
777,6365184,0.0008307038070662283,0.5870574116706848,5.828303337097168,8151
778,6373376,0.0008302367437866987,0.6206892728805542,5.68393087387085,8152
779,6381568,0.0008297691868468226,0.6008111834526062,5.775989532470703,8152
780,6389760,0.0008293011370702401,0.5666606426239014,5.70600700378418,8152
781,6397952,0.0008288325952814602,0.5671286582946777,5.732927322387695,8153
782,6406144,0.0008283635623058582,0.5598118305206299,5.78377628326416,8151
783,6414336,0.0008278940389696745,0.5474676489830017,5.7204179763793945,8149
784,6422528,0.0008274240261000136,0.5798827409744263,5.664814472198486,8155
785,6430720,0.0008269535245248426,0.6135795712471008,5.85891580581665,8148
786,6438912,0.0008264825350729888,0.573392391204834,5.829946041107178,8155
787,6447104,0.0008260110585741394,0.5510500073432922,5.7381911277771,8150
788,6455296,0.0008255390958588397,0.5981565117835999,5.919249534606934,8155
789,6463488,0.0008250666477584911,0.5554519295692444,5.680891513824463,8151
790,6471680,0.0008245937151053504,0.5755788683891296,5.843671798706055,8155
791,6479872,0.0008241202987325274,0.6037593483924866,5.663215160369873,8153
792,6488064,0.0008236463994739851,0.5818241238594055,5.780038356781006,8149
793,6496256,0.0008231720181645359,0.5708757042884827,5.744659900665283,8152
794,6504448,0.0008226971556398424,0.5558662414550781,5.765844345092773,8153
795,6512640,0.0008222218127364143,0.5650672316551208,5.610832214355469,8154
796,6520832,0.0008217459902916075,0.5706576704978943,5.592546463012695,8154
797,6529024,0.0008212696891436231,0.6114605665206909,5.759755611419678,8154
798,6537216,0.000820792910131505,0.5877331495285034,5.8317365646362305,8150
799,6545408,0.0008203156540951393,0.5762127637863159,5.7634429931640625,8153
800,6553600,0.0008198379218752522,0.5748888850212097,5.886745452880859,8154
801,6561792,0.0008193597143134085,0.6228041648864746,5.627140998840332,8156
802,6569984,0.0008188810322520108,0.5589906573295593,5.8028998374938965,8154
803,6578176,0.0008184018765342976,0.6121039390563965,5.726647853851318,8156
804,6586368,0.0008179222480043414,0.5868423581123352,5.7094879150390625,8153
805,6594560,0.0008174421475070475,0.5751712322235107,5.695384502410889,8152
806,6602752,0.0008169615758881533,0.5984495282173157,5.776113033294678,8149
807,6610944,0.0008164805339942254,0.5837110280990601,5.669400215148926,8148
808,6619136,0.0008159990226726594,0.6522155404090881,5.773597240447998,8152
809,6627328,0.0008155170427716775,0.6112207770347595,5.843454837799072,8157
810,6635520,0.0008150345951403272,0.617141604423523,5.8914289474487305,8154
811,6643712,0.0008145516806284803,0.5439876914024353,5.67840576171875,8155
812,6651904,0.000814068300086831,0.619897723197937,5.813946723937988,8153
813,6660096,0.0008135844543668942,0.5932742357254028,5.70266056060791,8152
814,6668288,0.0008131001443210043,0.554755687713623,5.602630615234375,8153
815,6676480,0.0008126153708023142,0.5705828070640564,5.6429338455200195,8153
816,6684672,0.0008121301346647924,0.6080653071403503,5.691176891326904,8153
817,6692864,0.0008116444367632226,0.5772580504417419,5.705629825592041,8153
818,6701056,0.0008111582779532026,0.5831974744796753,5.666140079498291,8155
819,6709248,0.0008106716590911414,0.5440192818641663,5.670658588409424,8156
820,6717440,0.0008101845810342583,0.6048650145530701,5.699328422546387,8151
821,6725632,0.0008096970446405821,0.5468500852584839,5.649860858917236,8153
822,6733824,0.0008092090507689489,0.6225892305374146,5.792140960693359,8154
823,6742016,0.0008087206002790002,0.5978580713272095,5.658649921417236,8151
824,6750208,0.0008082316940311823,0.5831347703933716,5.847150802612305,8153
825,6758400,0.0008077423328867443,0.6099206209182739,5.73704719543457,8154
826,6766592,0.0008072525177077365,0.5667656064033508,5.685173034667969,8152
827,6774784,0.0008067622493570094,0.6017353534698486,5.735009670257568,8156
828,6782976,0.0008062715286982109,0.6205532550811768,5.791759014129639,8154
829,6791168,0.0008057803565957867,0.6023942232131958,5.854119300842285,8153
830,6799360,0.0008052887339149774,0.5473003387451172,5.651635646820068,8154
831,6807552,0.0008047966615218171,0.6309370398521423,5.736992359161377,8150
832,6815744,0.0008043041402831323,0.5070698261260986,5.623262882232666,8150
833,6823936,0.00080381117106654,0.5392779111862183,5.620026588439941,8152
834,6832128,0.0008033177547404468,0.6018787622451782,5.677684783935547,8152
835,6840320,0.0008028238921740466,0.5751836895942688,5.68992805480957,8148
836,6848512,0.0008023295842373192,0.6248210072517395,5.464251518249512,8149
837,6856704,0.0008018348318010292,0.5707202553749084,5.666339874267578,8155
838,6864896,0.0008013396357367243,0.6020238399505615,5.725759506225586,8155
839,6873088,0.0008008439969167335,0.6471003293991089,5.774467468261719,8154
840,6881280,0.0008003479162141659,0.5891649723052979,5.615222454071045,8153
841,6889472,0.000799851394502909,0.5953466892242432,5.732400894165039,8156
842,6897664,0.0007993544326576269,0.5814006924629211,5.658966064453125,8155
843,6905856,0.0007988570315537594,0.590501606464386,5.778459072113037,8152
844,6914048,0.00079835919206752,0.6108017563819885,5.769356727600098,8154
845,6922240,0.0007978609150758941,0.6362495422363281,5.8022074699401855,8153
846,6930432,0.0007973622014566385,0.5624549388885498,5.587294578552246,8156
847,6938624,0.0007968630520882784,0.6290203928947449,5.814095973968506,8155
848,6946816,0.0007963634678501072,0.6272035837173462,5.75084114074707,8155
849,6955008,0.000795863449622184,0.5903266668319702,5.459434509277344,8156
850,6963200,0.0007953629982853324,0.6097238659858704,5.6064300537109375,8147
851,6971392,0.0007948621147211392,0.6663400530815125,5.84077262878418,8152
852,6979584,0.0007943607998119526,0.7028888463973999,5.859997272491455,8150
853,6987776,0.0007938590544408805,0.6233356595039368,5.724887847900391,8154
854,6995968,0.000793356879491789,0.6103713512420654,5.685923099517822,8149
855,7004160,0.000792854275849301,0.5958790183067322,5.75784158706665,8150
856,7012352,0.0007923512443987948,0.6653693318367004,5.670707702636719,8153
857,7020544,0.0007918477860264021,0.5856949090957642,5.788818836212158,8147
858,7028736,0.0007913439016190068,0.5868008136749268,5.7667412757873535,8152
859,7036928,0.0007908395920642433,0.570349931716919,5.53999662399292,8153
860,7045120,0.0007903348582504945,0.6254746913909912,5.734179973602295,8154
861,7053312,0.0007898297010668914,0.5987517237663269,5.679195880889893,8153
862,7061504,0.0007893241214033101,0.5933650135993958,5.629474639892578,8156
863,7069696,0.0007888181201503717,0.5905965566635132,5.681669235229492,8153
864,7077888,0.0007883116981994391,0.6024962663650513,5.6419525146484375,8151
865,7086080,0.0007878048564426168,0.5763575434684753,5.695864200592041,8154
866,7094272,0.0007872975957727487,0.627983570098877,5.466253280639648,8158
867,7102464,0.0007867899170834168,0.5981713533401489,5.64882755279541,8153
868,7110656,0.0007862818212689395,0.5808848142623901,5.5653252601623535,8154
869,7118848,0.0007857733092243694,0.6293511390686035,5.633625030517578,8152
870,7127040,0.0007852643818454933,0.6464239358901978,5.670107364654541,8151
871,7135232,0.0007847550400288288,0.5861606597900391,5.609371185302734,8148
872,7143424,0.0007842452846716241,0.5586665868759155,5.697343349456787,8156
873,7151616,0.0007837351166718555,0.5938617587089539,5.791941165924072,8153
874,7159808,0.0007832245369282266,0.6035101413726807,5.575608253479004,8155
875,7168000,0.0007827135463401659,0.6079167723655701,5.562641620635986,8155
876,7176192,0.0007822021458078261,0.5773419141769409,5.660390377044678,8155
877,7184384,0.0007816903362320815,0.5747878551483154,5.846673011779785,8152
878,7192576,0.0007811781185145274,0.6090876460075378,5.771047592163086,8149
879,7200768,0.000780665493557478,0.6386017203330994,5.593254089355469,8150
880,7208960,0.0007801524622639648,0.567928671836853,5.607052326202393,8153
881,7217152,0.0007796390255377352,0.5880751609802246,5.657081127166748,8152
882,7225344,0.0007791251842832504,0.6627750992774963,5.792920112609863,8154
883,7233536,0.0007786109394056849,0.6269890069961548,5.761848449707031,8157
884,7241728,0.0007780962918109236,0.669172465801239,5.794998645782471,8157
885,7249920,0.0007775812424055612,0.5990651249885559,5.616580963134766,8152
886,7258112,0.0007770657920969001,0.6199561357498169,5.8223676681518555,8153
887,7266304,0.0007765499417929487,0.6595386862754822,5.828095436096191,8151
888,7274496,0.0007760336924024206,0.6157473921775818,5.638105869293213,8153
889,7282688,0.0007755170448347317,0.620065450668335,5.58102560043335,8154
890,7290880,0.0007750000000000001,0.6285037398338318,5.536123275756836,8149
891,7299072,0.0007744825588090429,0.6000900268554688,5.708670139312744,8140
892,7307264,0.0007739647221733761,0.5907179713249207,5.633552074432373,8154
893,7315456,0.000773446491005212,0.5995715260505676,5.645824432373047,8150
894,7323648,0.0007729278662174576,0.5842188000679016,5.759607791900635,8149
895,7331840,0.0007724088487237141,0.5640050768852234,5.718103408813477,8153
896,7340032,0.0007718894394382737,0.6007876992225647,5.6696882247924805,8153
897,7348224,0.0007713696392761192,0.7344381213188171,5.635612964630127,8152
898,7356416,0.0007708494491529219,0.6050086617469788,5.68842887878418,8158
899,7364608,0.0007703288699850399,0.5685827136039734,5.754518032073975,8151
900,7372800,0.0007698079026895167,0.6119256615638733,5.692866802215576,8154
901,7380992,0.0007692865481840797,0.5869516134262085,5.635837078094482,8152
902,7389184,0.000768764807387138,0.5688009858131409,5.547980308532715,8153
903,7397376,0.0007682426812177817,0.6145676970481873,5.758695125579834,8154
904,7405568,0.0007677201705957793,0.624292254447937,5.614199638366699,8156
905,7413760,0.0007671972764415769,0.5655433535575867,5.618085861206055,8150
906,7421952,0.0007666739996762959,0.565605878829956,5.718070983886719,8153
907,7430144,0.000766150341221732,0.5724090933799744,5.609473705291748,8153
908,7438336,0.0007656263020003532,0.6420145630836487,5.727604389190674,8152
909,7446528,0.0007651018829352981,0.5885273218154907,5.693962574005127,8153
910,7454720,0.0007645770849503745,0.6023692488670349,5.613720893859863,8154
911,7462912,0.0007640519089700578,0.5952237248420715,5.599339008331299,8152
912,7471104,0.0007635263559194891,0.5940839052200317,5.687067985534668,8150
913,7479296,0.0007630004267244741,0.6252095103263855,5.607384204864502,8152
914,7487488,0.0007624741223114806,0.586087167263031,5.678821086883545,8153
915,7495680,0.0007619474436076376,0.6200838685035706,5.761372089385986,8149
916,7503872,0.0007614203915407335,0.5918707251548767,5.702403545379639,8150
917,7512064,0.0007608929670392145,0.6397433280944824,5.656804084777832,8153
918,7520256,0.0007603651710321827,0.7764216065406799,5.815691947937012,8153
919,7528448,0.0007598370044493947,0.637162983417511,5.5781636238098145,8151
920,7536640,0.0007593084682212598,0.6387680768966675,5.644641876220703,8154
921,7544832,0.0007587795632788386,0.646402895450592,5.573519229888916,8154
922,7553024,0.0007582502905538413,0.617382824420929,5.71740198135376,8154
923,7561216,0.0007577206509786256,0.5893921852111816,5.735074043273926,8152
924,7569408,0.000757190645486196,0.5879788398742676,5.580301761627197,8151
925,7577600,0.000756660275010201,0.6857761740684509,5.59309720993042,8150
926,7585792,0.0007561295404849326,0.6267406940460205,5.734769821166992,8152
927,7593984,0.0007555984428453236,0.6374800205230713,5.6284284591674805,8158
928,7602176,0.0007550669830269467,0.6306003332138062,5.59510612487793,8152
929,7610368,0.0007545351619660127,0.6004281640052795,5.7143731117248535,8151
930,7618560,0.0007540029805993687,0.6623510718345642,5.7256035804748535,8155
931,7626752,0.0007534704398644964,0.6229133605957031,5.67441987991333,8156
932,7634944,0.0007529375406995106,0.596598207950592,5.52401876449585,8156
933,7643136,0.0007524042840431576,0.605343759059906,5.703725814819336,8150
934,7651328,0.0007518706708348134,0.595331609249115,5.693763256072998,8155
935,7659520,0.000751336702014482,0.6542014479637146,5.723473072052002,8153
936,7667712,0.0007508023785227939,0.557867705821991,5.6180644035339355,8153
937,7675904,0.0007502677013010045,0.578331470489502,5.657193660736084,8151
938,7684096,0.000749732671290992,0.6037307977676392,5.778231143951416,8150
939,7692288,0.0007491972894352566,0.5809087753295898,5.524035453796387,8150
940,7700480,0.0007486615566769179,0.5943821668624878,5.64084529876709,8154
941,7708672,0.0007481254739597135,0.6344001293182373,5.703131675720215,8149
942,7716864,0.0007475890422279979,0.5551932454109192,5.602097034454346,8152
943,7725056,0.0007470522624267403,0.5893105268478394,5.5437116622924805,8148
944,7733248,0.0007465151355015231,0.6659941673278809,5.824634075164795,8155
945,7741440,0.0007459776623985398,0.5924934148788452,5.6878509521484375,8152
946,7749632,0.000745439844064594,0.654498815536499,5.4964599609375,8151
947,7757824,0.0007449016814470976,0.611621618270874,5.665656089782715,8153
948,7766016,0.000744363175494069,0.5851414799690247,5.604819297790527,8154
949,7774208,0.000743824327154131,0.6362758278846741,5.681833744049072,8151
950,7782400,0.0007432851373765098,0.7310270071029663,5.667201995849609,8160
951,7790592,0.0007427456071110331,0.6045187711715698,5.600176811218262,8145
952,7798784,0.0007422057373081284,0.6168277263641357,5.6652936935424805,8154
953,7806976,0.0007416655289188214,0.6719169020652771,5.644783020019531,8153
954,7815168,0.0007411249828947339,0.5921837091445923,5.612400531768799,8152
955,7823360,0.000740584100188083,0.6388925909996033,5.5928239822387695,8152
956,7831552,0.0007400428817516783,1.1811130046844482,5.697421073913574,8155
957,7839744,0.0007395013285389213,0.7351124286651611,5.783779144287109,8153
958,7847936,0.000738959441503803,0.6175412535667419,5.582224369049072,8153
959,7856128,0.0007384172216009023,0.5689540505409241,5.555843353271484,8153
960,7864320,0.000737874669785385,0.5997143387794495,5.619047164916992,8154
961,7872512,0.0007373317870130014,0.6658327579498291,5.57564640045166,8151
962,7880704,0.0007367885742400841,0.5691956281661987,5.696409702301025,8153
963,7888896,0.0007362450324235483,0.6951276659965515,5.595537185668945,8149
964,7897088,0.0007357011625208877,0.6011295914649963,5.629075050354004,8154
965,7905280,0.0007351569654901744,0.6688500642776489,5.645663261413574,8158
966,7913472,0.000734612442290057,0.6032205820083618,5.513250827789307,8151
967,7921664,0.0007340675938797582,0.6033716797828674,5.510718822479248,8156
968,7929856,0.0007335224212190739,0.6084417700767517,5.723330974578857,8151
969,7938048,0.0007329769252683712,0.6383588314056396,5.640223979949951,8150
970,7946240,0.0007324311069885866,0.5774961113929749,5.59801721572876,8155
971,7954432,0.0007318849673412243,0.6174415349960327,5.436614513397217,8153
972,7962624,0.0007313385072883549,0.6125115156173706,5.545382499694824,8150
973,7970816,0.000730791727792613,0.5694424510002136,5.54848051071167,8151
974,7979008,0.0007302446298171967,0.5817150473594666,5.531685829162598,8153
975,7987200,0.0007296972143258641,0.5803835988044739,5.510408401489258,8151
976,7995392,0.0007291494822829332,0.5996281504631042,5.601945877075195,8154
977,8003584,0.0007286014346532798,0.5679357051849365,5.464880466461182,8150
978,8011776,0.0007280530724023353,0.5620225667953491,5.479012489318848,8153
979,8019968,0.0007275043964960854,0.5931809544563293,5.6586174964904785,8151
980,8028160,0.0007269554079010685,0.6168173551559448,5.726195335388184,8152
981,8036352,0.0007264061075843737,0.6712098717689514,5.676153182983398,8146
982,8044544,0.000725856496513639,0.6435086131095886,5.689891338348389,8154
983,8052736,0.0007253065756570502,0.5844079852104187,5.445557594299316,8155
984,8060928,0.0007247563459833388,0.5755619406700134,5.640238285064697,8150
985,8069120,0.00072420580846178,0.6111010313034058,5.645199298858643,8151
986,8077312,0.0007236549640621913,0.6316152811050415,5.696467399597168,8152
987,8085504,0.0007231038137549312,0.668430745601654,5.513516426086426,8152
988,8093696,0.0007225523585108968,0.5830934047698975,5.462292671203613,8152
989,8101888,0.0007220005993015223,0.6087193489074707,5.722686767578125,8150
990,8110080,0.0007214485370987775,0.6115718483924866,5.653532981872559,8154
991,8118272,0.0007208961728751663,0.7449226975440979,5.924757957458496,8154
992,8126464,0.0007203435076037236,0.6274117231369019,5.524924278259277,8153
993,8134656,0.0007197905422580156,0.6182535290718079,5.613802433013916,8150
994,8142848,0.0007192372778121368,0.5825411081314087,5.672386646270752,8152
995,8151040,0.0007186837152407085,0.5645644664764404,5.573976516723633,8152
996,8159232,0.0007181298555188772,0.6199677586555481,5.674564361572266,8152
997,8167424,0.0007175756996223129,0.5906546115875244,5.383345127105713,8153
998,8175616,0.0007170212485272075,0.6124268174171448,5.594714641571045,8154
999,8183808,0.0007164665032102726,0.5896550416946411,5.452810287475586,8153
1000,8192000,0.0007159114646487382,0.5758734941482544,5.408021450042725,8155
1001,8200192,0.0007153561338203511,0.6139628887176514,5.612069129943848,8156
1002,8208384,0.0007148005117033726,0.6090588569641113,5.4771294593811035,8152
1003,8216576,0.0007142445992765772,0.5984436273574829,5.6432929039001465,8149
1004,8224768,0.0007136883975192512,0.6173580288887024,5.670612335205078,8149
1005,8232960,0.0007131319074111902,0.5804407596588135,5.54925012588501,8148
1006,8241152,0.0007125751299326978,0.588161289691925,5.535922527313232,8149
1007,8249344,0.0007120180660645838,0.6091070771217346,5.662508487701416,8156
1008,8257536,0.0007114607167881627,0.5943456888198853,5.5685811042785645,8153
1009,8265728,0.0007109030830852516,0.6461372971534729,5.6059041023254395,8153
1010,8273920,0.0007103451659381684,0.6117744445800781,5.4855265617370605,8149
1011,8282112,0.000709786966329731,0.5811133980751038,5.57540225982666,8154
1012,8290304,0.0007092284852432542,0.593995988368988,5.4965949058532715,8145
1013,8298496,0.000708669723662549,0.5789562463760376,5.646973133087158,8152
1014,8306688,0.0007081106825719205,0.609731912612915,5.52860689163208,8151
1015,8314880,0.0007075513629561659,0.5957038998603821,5.524363040924072,8153
1016,8323072,0.0007069917658005735,0.7039498686790466,5.615839004516602,8156
1017,8331264,0.0007064318920909201,0.6586704850196838,5.872159004211426,8151
1018,8339456,0.00070587174281347,0.6326685547828674,5.628651142120361,8155
1019,8347648,0.0007053113189549725,0.5963220596313477,5.62273645401001,8155
1020,8355840,0.0007047506215026609,0.6207501888275146,5.602602005004883,8153
1021,8364032,0.0007041896514442508,0.6055338382720947,5.527914047241211,8152
1022,8372224,0.0007036284097679372,0.6222172975540161,5.695030689239502,8148
1023,8380416,0.0007030668974623944,0.5624804496765137,5.495940208435059,8148
1024,8388608,0.0007025051155167725,0.6285321712493896,5.5274271965026855,8156
1025,8396800,0.0007019430649206978,0.60728520154953,5.592875957489014,8150
1026,8404992,0.000701380746664269,0.6199852228164673,5.623701095581055,8153
1027,8413184,0.0007008181617380563,0.5769110321998596,5.568039894104004,8148
1028,8421376,0.0007002553111331001,0.5953031778335571,5.579925537109375,8149
1029,8429568,0.0006996921958409084,0.5987382531166077,5.63115119934082,8155
1030,8437760,0.0006991288168534557,0.6042214632034302,5.523702621459961,8151
1031,8445952,0.0006985651751631809,0.6358298063278198,5.613579273223877,8154
1032,8454144,0.0006980012717629859,0.6008052229881287,5.521957874298096,8152
1033,8462336,0.0006974371076462335,0.5582181811332703,5.650782108306885,8150
1034,8470528,0.0006968726838067456,0.6070470809936523,5.658161163330078,8150
1035,8478720,0.000696308001238802,0.5877594947814941,5.7372846603393555,8155
1036,8486912,0.0006957430609371376,0.6234169602394104,5.592056751251221,8153
1037,8495104,0.0006951778638969421,0.6341825723648071,5.500777721405029,8154
1038,8503296,0.0006946124111138571,0.6164136528968811,5.4358625411987305,8153
1039,8511488,0.0006940467035839747,0.6581007838249207,5.531959056854248,8151
1040,8519680,0.0006934807423038358,0.6203364133834839,5.651366710662842,8153
1041,8527872,0.0006929145282704283,0.6320486664772034,5.675291538238525,8152
1042,8536064,0.0006923480624811852,0.6160596609115601,5.562160491943359,8149
1043,8544256,0.0006917813459339833,0.6055400967597961,5.569851398468018,8152
1044,8552448,0.0006912143796271409,0.6086054444313049,5.512699604034424,8148
1045,8560640,0.0006906471645594165,0.5657433867454529,5.547222137451172,8149
1046,8568832,0.0006900797017300063,0.6610034108161926,5.6351141929626465,8153
1047,8577024,0.0006895119921385436,0.5874086022377014,5.624510288238525,8150
1048,8585216,0.0006889440367850958,0.5894246101379395,5.50836181640625,8151
1049,8593408,0.0006883758366701639,0.6596007943153381,5.370457172393799,8155
1050,8601600,0.0006878073927946795,0.6521806716918945,5.576101303100586,8154
1051,8609792,0.0006872387061600037,0.6947019100189209,5.5811686515808105,8156
1052,8617984,0.0006866697777679256,0.6793442964553833,5.429088115692139,8151
1053,8626176,0.0006861006086206595,0.6129363775253296,5.61268424987793,8155
1054,8634368,0.0006855311997208446,0.617463231086731,5.59212589263916,8152
1055,8642560,0.000684961552071542,0.6287561058998108,5.402318954467773,8152
1056,8650752,0.0006843916666762332,0.5892183780670166,5.364753246307373,8153
1057,8658944,0.000683821544538819,0.6802763938903809,5.655474662780762,8153
1058,8667136,0.000683251186663617,0.5705316066741943,5.566302299499512,8151
1059,8675328,0.00068268059405536,0.6222550272941589,5.478599548339844,8149
1060,8683520,0.0006821097677191942,0.5657878518104553,5.532322406768799,8152
1061,8691712,0.0006815387086606779,0.6284428238868713,5.502303123474121,8148
1062,8699904,0.0006809674178857791,0.6010529398918152,5.5340070724487305,8154
1063,8708096,0.0006803958964008741,0.5796042084693909,5.496989727020264,8154
1064,8716288,0.0006798241452127455,0.5987424254417419,5.534121036529541,8153
1065,8724480,0.0006792521653285805,0.6092526316642761,5.511730670928955,8155
1066,8732672,0.0006786799577559694,0.6038792729377747,5.651930332183838,8158
1067,8740864,0.0006781075235029036,0.6955308318138123,5.530578136444092,8150
1068,8749056,0.0006775348635777733,0.6008931398391724,5.58515739440918,8152
1069,8757248,0.000676961978989367,0.620431125164032,5.599851131439209,8151
1070,8765440,0.0006763888707468685,0.6953418850898743,5.660494804382324,8153
1071,8773632,0.0006758155398598554,0.6222871541976929,5.582397937774658,8152
1072,8781824,0.000675241987338298,0.6957587003707886,5.50588846206665,8150
1073,8790016,0.0006746682141925567,0.6217154860496521,5.606750011444092,8152
1074,8798208,0.0006740942214333808,0.5949500203132629,5.482875347137451,8154
1075,8806400,0.0006735200100719062,0.6293708086013794,5.5220866203308105,8154
1076,8814592,0.0006729455811196539,0.5843642354011536,5.493243217468262,8150
1077,8822784,0.0006723709355885285,0.63727867603302,5.399867534637451,8156
1078,8830976,0.0006717960744908159,0.6027166247367859,5.652034282684326,8150
1079,8839168,0.0006712209988391817,0.9014248251914978,5.5908379554748535,8153
1080,8847360,0.0006706457096466694,0.5997875928878784,5.546306133270264,8149
1081,8855552,0.0006700702079266991,0.6368465423583984,5.413379669189453,8150
1082,8863744,0.0006694944946930647,0.6435108184814453,5.508574962615967,8156
1083,8871936,0.0006689185709599331,0.651452898979187,5.553082466125488,8153
1084,8880128,0.0006683424377418421,0.6286641955375671,5.547101974487305,8152
1085,8888320,0.0006677660960536977,0.6050009727478027,5.559907913208008,8154
1086,8896512,0.0006671895469107744,0.6068631410598755,5.610366344451904,8154
1087,8904704,0.0006666127913287109,0.6808212995529175,5.618414402008057,8154
1088,8912896,0.0006660358303235107,0.5956259369850159,5.53065299987793,8155
1089,8921088,0.0006654586649115384,0.6163350939750671,5.603719711303711,8154
1090,8929280,0.0006648812961095188,0.6194934844970703,5.46787166595459,8155
1091,8937472,0.0006643037249345353,0.6176155805587769,5.55574369430542,8145
1092,8945664,0.0006637259524040276,0.6166822910308838,5.748707294464111,8152
1093,8953856,0.0006631479795357899,0.6366472244262695,5.552237510681152,8150
1094,8962048,0.0006625698073479695,0.6154568791389465,5.59965705871582,8152
1095,8970240,0.0006619914368590652,0.6001213192939758,5.467650890350342,8153
1096,8978432,0.0006614128690879244,0.728776752948761,5.6824212074279785,8154
1097,8986624,0.0006608341050537423,0.6013214588165283,5.579601287841797,8155
1098,8994816,0.0006602551457760603,0.6043427586555481,5.494276523590088,8152
1099,9003008,0.000659675992274763,0.6068849563598633,5.430521488189697,8151
1100,9011200,0.0006590966455700776,0.6336835026741028,5.553705215454102,8151
1101,9019392,0.0006585171066825716,0.6027688384056091,5.546762943267822,8151
1102,9027584,0.000657937376633151,0.6248953342437744,5.49990177154541,8151
1103,9035776,0.0006573574564430585,0.6193367838859558,5.475211143493652,8153
1104,9043968,0.0006567773471338716,0.6374980211257935,5.626984596252441,8158
1105,9052160,0.0006561970497275013,0.6114608645439148,5.404999732971191,8146
1106,9060352,0.0006556165652461897,0.6530208587646484,5.639827728271484,8151
1107,9068544,0.0006550358947125087,0.6401028633117676,5.438010215759277,8153
1108,9076736,0.0006544550391493577,0.6227465867996216,5.458739757537842,8156
1109,9084928,0.000653873999579962,0.6121721863746643,5.5930023193359375,8151
1110,9093120,0.0006532927770278711,0.6158826351165771,5.47435188293457,8154
1111,9101312,0.000652711372516957,0.6398056149482727,5.514904499053955,8153
1112,9109504,0.0006521297870714123,0.5854278206825256,5.519216537475586,8144
1113,9117696,0.000651548021715748,0.6351613402366638,5.5887322425842285,8154
1114,9125888,0.0006509660774747921,0.5945149660110474,5.454899311065674,8150
1115,9134080,0.0006503839553736881,0.5970835089683533,5.52789831161499,8153
1116,9142272,0.0006498016564378921,0.603329062461853,5.599051475524902,8154
1117,9150464,0.0006492191816931726,0.6307127475738525,5.53597354888916,8151
1118,9158656,0.000648636532165607,0.6230525970458984,5.594240665435791,8150
1119,9166848,0.0006480537088815811,0.6129453182220459,5.576534748077393,8150
1120,9175040,0.0006474707128677866,0.5703248977661133,5.59223747253418,8148
1121,9183232,0.0006468875451512195,0.5987589955329895,5.409765243530273,8152
1122,9191424,0.0006463042067591781,0.6197773814201355,5.507837295532227,8154
1123,9199616,0.0006457206987192617,0.6295498013496399,5.660209655761719,8152
1124,9207808,0.0006451370220593683,0.5908671617507935,5.607491970062256,8156
1125,9216000,0.0006445531778076929,0.6258472800254822,5.6454901695251465,8148
1126,9224192,0.0006439691669927256,0.6014173030853271,5.502171993255615,8152
1127,9232384,0.0006433849906432501,0.6007771492004395,5.518172740936279,8150
1128,9240576,0.0006428006497883419,0.6231876611709595,5.431338787078857,8152
1129,9248768,0.0006422161454573656,0.6017067432403564,5.499091148376465,8155
1130,9256960,0.0006416314786799746,0.5990866422653198,5.446136951446533,8156
1131,9265152,0.0006410466504861079,0.6338942050933838,5.674905300140381,8150
1132,9273344,0.0006404616619059892,0.6137145161628723,5.368531227111816,8152
1133,9281536,0.0006398765139701242,0.6086863875389099,5.463807582855225,8153
1134,9289728,0.0006392912077093002,0.6026942729949951,5.505714416503906,8153
1135,9297920,0.0006387057441545826,0.6505454778671265,5.598313808441162,8155
1136,9306112,0.0006381201243373141,0.6291853189468384,5.597959041595459,8148
1137,9314304,0.0006375343492891131,0.6256839632987976,5.522363662719727,8150
1138,9322496,0.0006369484200418707,0.622795820236206,5.400676727294922,8146
1139,9330688,0.0006363623376277502,0.632351815700531,5.4050798416137695,8155
1140,9338880,0.0006357761030791846,0.6656845211982727,5.462436676025391,8148
1141,9347072,0.0006351897174288746,0.6104839444160461,5.425123691558838,8152
1142,9355264,0.0006346031817097877,0.5802547335624695,5.360020637512207,8154
1143,9363456,0.0006340164969551552,0.6036080718040466,5.5607781410217285,8145
1144,9371648,0.0006334296641984711,0.6573971509933472,5.475208282470703,8151
1145,9379840,0.00063284268447349,0.6102946996688843,5.447014808654785,8154
1146,9388032,0.0006322555588142259,0.6435034275054932,5.511171817779541,8155
1147,9396224,0.0006316682882549491,0.6851435303688049,5.5691914558410645,8154
1148,9404416,0.000631080873830186,0.616855800151825,5.517669200897217,8155
1149,9412608,0.0006304933165747156,0.6375513672828674,5.5310211181640625,8156
1150,9420800,0.0006299056175235691,0.6893367171287537,5.533026218414307,8144
1151,9428992,0.0006293177777120273,0.6774702072143555,5.515863418579102,8153
1152,9437184,0.0006287297981756188,0.5947667360305786,5.603992462158203,8150
1153,9445376,0.0006281416799501188,0.6121086478233337,5.461300849914551,8149
1154,9453568,0.0006275534240715461,0.6199417114257812,5.585583686828613,8150
1155,9461760,0.0006269650315761626,0.6490297317504883,5.441104412078857,8151
1156,9469952,0.0006263765035004707,0.6364116072654724,5.484799385070801,8153
1157,9478144,0.0006257878408812116,0.621760904788971,5.4409565925598145,8154
1158,9486336,0.0006251990447553633,0.6643913388252258,5.533137321472168,8152
1159,9494528,0.0006246101161601393,0.6670374870300293,5.7354302406311035,8152
1160,9502720,0.0006240210561329863,0.6609823703765869,5.642021656036377,8155
1161,9510912,0.0006234318657115827,0.6497604846954346,5.506943702697754,8153
1162,9519104,0.0006228425459338363,0.6261160969734192,5.349835395812988,8152
1163,9527296,0.000622253097837883,0.6449828147888184,5.491786956787109,8153
1164,9535488,0.0006216635224620845,0.6238692402839661,5.308374881744385,8153
1165,9543680,0.0006210738208450271,0.6045727133750916,5.390293598175049,8153
1166,9551872,0.0006204839940255194,0.6045048832893372,5.524758815765381,8155
1167,9560064,0.0006198940430425901,0.6236898303031921,5.416334629058838,8153
1168,9568256,0.0006193039689354872,0.5987291932106018,5.487663269042969,8152
1169,9576448,0.0006187137727436752,0.5804064273834229,5.567268371582031,8153
1170,9584640,0.0006181234555068339,0.6022785902023315,5.565112590789795,8149
1171,9592832,0.0006175330182648563,0.646222710609436,5.580925464630127,8155
1172,9601024,0.0006169424620578464,0.6679837107658386,5.628393650054932,8154
1173,9609216,0.0006163517879261186,0.629542350769043,5.4731011390686035,8156
1174,9617408,0.0006157609969101942,0.582874059677124,5.399203300476074,8150
1175,9625600,0.0006151700900508009,0.6316726207733154,5.3824286460876465,8154
1176,9633792,0.0006145790683888702,0.5941620469093323,5.5549540519714355,8148
1177,9641984,0.000613987932965536,0.6034146547317505,5.5292582511901855,8148
1178,9650176,0.0006133966848221325,0.6245836019515991,5.398329257965088,8152
1179,9658368,0.0006128053250001926,0.6242986917495728,5.409895896911621,8152
1180,9666560,0.0006122138545414459,0.6584945917129517,5.561920642852783,8148
1181,9674752,0.0006116222744878165,0.6099803447723389,5.4884233474731445,8155
1182,9682944,0.0006110305858814223,0.6153836250305176,5.491023063659668,8149
1183,9691136,0.0006104387897645718,0.6397138237953186,5.486236572265625,8154
1184,9699328,0.0006098468871797633,0.6458379030227661,5.316149711608887,8151
1185,9707520,0.0006092548791696822,0.7003785371780396,5.482985019683838,8160
1186,9715712,0.0006086627667771999,0.6297961473464966,5.4792633056640625,8149
1187,9723904,0.000608070551045372,0.6442163586616516,5.528392791748047,8152
1188,9732096,0.0006074782330174355,0.5987381339073181,5.3262128829956055,8153
1189,9740288,0.0006068858137368078,0.6267715096473694,5.248903751373291,8152
1190,9748480,0.0006062932942470851,0.6232410073280334,5.3561906814575195,8151
1191,9756672,0.0006057006755920395,0.6638374328613281,5.594473838806152,8153
1192,9764864,0.0006051079588156184,0.6158634424209595,5.301332473754883,8153
1193,9773056,0.0006045151449619415,0.6969964504241943,5.4434638023376465,8150
1194,9781248,0.0006039222350752996,0.6160416007041931,5.430596351623535,8146
1195,9789440,0.0006033292302001531,0.6064572334289551,5.475649356842041,8155
1196,9797632,0.0006027361313811294,0.6387362480163574,5.455246448516846,8153
1197,9805824,0.0006021429396630212,0.6304783821105957,5.573167324066162,8149
1198,9814016,0.0006015496560907852,0.6611430048942566,5.45681619644165,8148
1199,9822208,0.00060095628170954,0.6087650060653687,5.273019790649414,8151
1200,9830400,0.0006003628175645637,0.6063694953918457,5.398890018463135,8153
1201,9838592,0.0005997692647012928,0.6037585139274597,5.453440189361572,8154
1202,9846784,0.0005991756241653202,0.5910910367965698,5.455659866333008,8151
1203,9854976,0.000598581897002393,0.6533492803573608,5.481689453125,8153
1204,9863168,0.000597988084258411,0.6123687624931335,5.612076282501221,8152
1205,9871360,0.0005973941869794249,0.6334999203681946,5.532088279724121,8144
1206,9879552,0.0005968002062116341,0.7564809322357178,5.397280216217041,8152
1207,9887744,0.0005962061430013851,0.6327328085899353,5.456911087036133,8153
1208,9895936,0.0005956119983951698,0.6813663244247437,5.337477684020996,8154
1209,9904128,0.0005950177734396232,0.6360918283462524,5.422581195831299,8153
1210,9912320,0.0005944234691815223,0.7473098039627075,5.584387302398682,8150
1211,9920512,0.0005938290866677832,0.6462456583976746,5.434908866882324,8147
1212,9928704,0.0005932346269454605,0.6609504818916321,5.503521919250488,8154
1213,9936896,0.000592640091061744,0.696012020111084,5.414374828338623,8154
1214,9945088,0.0005920454800639586,0.6502329707145691,5.453313827514648,8152
1215,9953280,0.0005914507949995607,0.6665819883346558,5.618274211883545,8150
1216,9961472,0.0005908560369161379,0.6178300380706787,5.395092010498047,8150
1217,9969664,0.0005902612068614057,0.7057755589485168,5.365925312042236,8152
1218,9977856,0.000589666305883207,0.6441490054130554,5.387234210968018,8154
1219,9986048,0.0005890713350295093,0.6136540770530701,5.482265472412109,8149
1220,9994240,0.0005884762953484031,0.5969604849815369,5.36009407043457,8149
1221,10002432,0.0005878811878881005,0.6364873051643372,5.3330183029174805,8154
1222,10010624,0.0005872860136969329,0.674049437046051,5.6234612464904785,8155
1223,10018816,0.0005866907738233492,0.6128003597259521,5.415401458740234,8150
1224,10027008,0.0005860954693159137,0.635592520236969,5.538794994354248,8150
1225,10035200,0.000585500101223305,0.6125475764274597,5.416813850402832,8151
1226,10043392,0.0005849046705943136,0.5959991216659546,5.394287109375,8151
1227,10051584,0.00058430917847784,0.6401206851005554,5.464573860168457,8151
1228,10059776,0.0005837136259228932,0.6199744939804077,5.54440975189209,8153
1229,10067968,0.0005831180139785886,0.5807456374168396,5.450901031494141,8153
1230,10076160,0.0005825223436941461,0.6653087139129639,5.295473098754883,8154
1231,10084352,0.0005819266161188885,0.6243732571601868,5.54433012008667,8153
1232,10092544,0.0005813308323022395,0.6850470900535583,5.363816261291504,8148
1233,10100736,0.0005807349932937221,0.6574299931526184,5.510238170623779,8151
1234,10108928,0.0005801391001429559,0.7136445045471191,5.461401462554932,8152
1235,10117120,0.0005795431538996568,0.7036588191986084,5.7491865158081055,8153
1236,10125312,0.0005789471556136331,0.6190378665924072,5.35209321975708,8154
1237,10133504,0.0005783511063347858,0.6650012731552124,5.630262851715088,8156
1238,10141696,0.0005777550071131051,0.7633541226387024,5.46751070022583,8155
1239,10149888,0.0005771588589986696,0.588797390460968,5.43277645111084,8152
1240,10158080,0.0005765626630416437,0.6522728204727173,5.580974102020264,8158
1241,10166272,0.0005759664202922763,0.6639886498451233,5.547374725341797,8154
1242,10174464,0.0005753701318008983,0.7002935409545898,5.346689701080322,8157
1243,10182656,0.0005747737986179217,0.6116892695426941,5.443703651428223,8153
1244,10190848,0.0005741774217938372,0.6031075716018677,5.449244976043701,8149
1245,10199040,0.000573581002379212,0.6379003524780273,5.427824974060059,8154
1246,10207232,0.0005729845414246887,0.6367776989936829,5.356749057769775,8152
1247,10215424,0.0005723880399809829,0.6278195977210999,5.368296146392822,8152
1248,10223616,0.0005717914990988814,0.6372488737106323,5.565282821655273,8153
1249,10231808,0.0005711949198292405,0.6431199908256531,5.584790229797363,8150
1250,10240000,0.0005705983032229843,0.6110996007919312,5.5283331871032715,8153
1251,10248192,0.000570001650331103,0.6566515564918518,5.530963897705078,8151
1252,10256384,0.0005694049622046499,0.6005854606628418,5.512543201446533,8151
1253,10264576,0.0005688082398947409,0.6124749183654785,5.459883689880371,8151
1254,10272768,0.000568211484452552,0.6301693916320801,5.474020481109619,8153
1255,10280960,0.0005676146969293177,0.6315999031066895,5.343217372894287,8153
1256,10289152,0.0005670178783763287,0.6653710007667542,5.462684631347656,8153
1257,10297344,0.0005664210298449306,0.6466059684753418,5.411252021789551,8157
1258,10305536,0.0005658241523865218,0.6778905987739563,5.628505229949951,8149
1259,10313728,0.0005652272470525518,0.6349840760231018,5.361985206604004,8147
1260,10321920,0.0005646303148945187,0.6076839566230774,5.3474249839782715,8153
1261,10330112,0.0005640333569639683,0.6701106429100037,5.521940231323242,8150
1262,10338304,0.0005634363743124918,0.6122612953186035,5.479436874389648,8152
1263,10346496,0.0005628393679917234,0.6111608743667603,5.413202285766602,8149
1264,10354688,0.0005622423390533401,0.6705315709114075,5.454705715179443,8153
1265,10362880,0.0005616452885490577,0.6479190587997437,5.462776184082031,8153
1266,10371072,0.0005610482175306302,0.6384326815605164,5.484582901000977,8155
1267,10379264,0.0005604511270498482,0.6382863521575928,5.421023845672607,8151
1268,10387456,0.000559854018158536,0.6586844325065613,5.444892883300781,8154
1269,10395648,0.0005592568919085508,0.6403490900993347,5.606473445892334,8154
1270,10403840,0.0005586597493517799,0.6250123381614685,5.517449855804443,8152
1271,10412032,0.00055806259154014,0.6498547792434692,5.5318779945373535,8152
1272,10420224,0.000557465419525574,0.5969009399414062,5.476517677307129,8147
1273,10428416,0.0005568682343600503,0.6168303489685059,5.465264320373535,8154
1274,10436608,0.0005562710370955601,0.6422706246376038,5.373268127441406,8155
1275,10444800,0.0005556738287841162,0.6428760886192322,5.377354145050049,8148
1276,10452992,0.0005550766104777508,0.6827842593193054,5.503334045410156,8153
1277,10461184,0.0005544793832285132,0.6579921245574951,5.4144086837768555,8150
1278,10469376,0.0005538821480884696,0.6889059543609619,5.468068599700928,8154
1279,10477568,0.0005532849061096989,0.623909592628479,5.423368453979492,8154
1280,10485760,0.0005526876583442928,0.6677330136299133,5.319275856018066,8156
1281,10493952,0.0005520904058443527,0.6189627647399902,5.537083148956299,8154
1282,10502144,0.0005514931496619889,0.6304635405540466,5.296070098876953,8155
1283,10510336,0.0005508958908493176,0.6011645793914795,5.489947319030762,8157
1284,10518528,0.00055029863045846,0.6714709401130676,5.473891735076904,8150
1285,10526720,0.00054970136954154,0.7017336487770081,5.5147013664245605,8152
1286,10534912,0.0005491041091506824,0.6402029395103455,5.440638065338135,8151
1287,10543104,0.0005485068503380113,0.6322003602981567,5.422413349151611,8157
1288,10551296,0.0005479095941556473,0.6337833404541016,5.391284942626953,8152
1289,10559488,0.0005473123416557074,0.6166641712188721,5.503053188323975,8151
1290,10567680,0.0005467150938903012,0.6447152495384216,5.4554572105407715,8150
1291,10575872,0.0005461178519115306,0.6332897543907166,5.550283908843994,8150
1292,10584064,0.0005455206167714867,0.6182332038879395,5.491440773010254,8149
1293,10592256,0.0005449233895222495,0.6636786460876465,5.649115085601807,8152
1294,10600448,0.0005443261712158838,0.6661507487297058,5.498569011688232,8153
1295,10608640,0.00054372896290444,0.6569315195083618,5.426998615264893,8153
1296,10616832,0.0005431317656399497,0.6752849221229553,5.538766384124756,8154
1297,10625024,0.0005425345804744259,0.6903319358825684,5.609904766082764,8151
1298,10633216,0.00054193740845986,0.6958594918251038,5.466506004333496,8154
1299,10641408,0.00054134025064822,0.6119118332862854,5.498728275299072,8151
1300,10649600,0.0005407431080914493,0.6381458044052124,5.386687278747559,8152
1301,10657792,0.0005401459818414642,0.6447240710258484,5.3410749435424805,8156
1302,10665984,0.0005395488729501519,0.6469185948371887,5.381263256072998,8153
1303,10674176,0.0005389517824693698,0.6515235304832458,5.449820041656494,8157
1304,10682368,0.0005383547114509423,0.6491528749465942,5.503349781036377,8153
1305,10690560,0.0005377576609466599,0.6300552487373352,5.497663974761963,8152
1306,10698752,0.0005371606320082765,0.6499859690666199,5.319180011749268,8149
1307,10706944,0.0005365636256875083,0.6408185362815857,5.485648155212402,8155
1308,10715136,0.0005359666430360319,0.6389156579971313,5.495044708251953,8156
1309,10723328,0.0005353696851054814,0.6431319117546082,5.409570693969727,8155
1310,10731520,0.0005347727529474484,0.658711850643158,5.4857096672058105,8154
1311,10739712,0.0005341758476134782,0.5918205380439758,5.4288411140441895,8155
1312,10747904,0.0005335789701550696,0.6290052533149719,5.4145660400390625,8149
1313,10756096,0.0005329821216236715,0.6672288179397583,5.463961601257324,8152
1314,10764288,0.0005323853030706826,0.6113267540931702,5.352966785430908,8151
1315,10772480,0.0005317885155474481,0.6255030632019043,5.243000507354736,8154
1316,10780672,0.0005311917601052593,0.5932059288024902,5.344597816467285,8150
1317,10788864,0.0005305950377953502,0.6414632797241211,5.368808269500732,8156
1318,10797056,0.0005299983496688971,0.6008212566375732,5.4086384773254395,8159
1319,10805248,0.0005294016967770156,0.6210888028144836,5.4966139793396,8152
1320,10813440,0.0005288050801707596,0.654001772403717,5.514991760253906,8154
1321,10821632,0.0005282085009011188,0.6907355189323425,5.454980850219727,8154
1322,10829824,0.0005276119600190172,0.6424309611320496,5.462822437286377,8150
1323,10838016,0.0005270154585753113,0.7046650648117065,5.528078556060791,8153
1324,10846208,0.0005264189976207879,0.7028598785400391,5.299281120300293,8155
1325,10854400,0.0005258225782061629,0.632171094417572,5.35202693939209,8154
1326,10862592,0.0005252262013820783,0.6477233171463013,5.45986795425415,8153
1327,10870784,0.0005246298681991019,0.6074011921882629,5.333442687988281,8152
1328,10878976,0.0005240335797077239,0.6309061050415039,5.387980937957764,8152
1329,10887168,0.0005234373369583565,0.6696374416351318,5.403316974639893,8153
1330,10895360,0.0005228411410013304,0.6843485832214355,5.431506633758545,8152
1331,10903552,0.0005222449928868949,0.6426546573638916,5.47787618637085,8152
1332,10911744,0.0005216488936652143,0.6496999263763428,5.377179145812988,8154
1333,10919936,0.0005210528443863671,0.6603469848632812,5.3774027824401855,8154
1334,10928128,0.0005204568461003434,0.6576175689697266,5.439493656158447,8155
1335,10936320,0.0005198608998570442,0.6593639850616455,5.502777576446533,8153
1336,10944512,0.000519265006706278,0.634139358997345,5.419277191162109,8151
1337,10952704,0.0005186691676977605,0.6655871868133545,5.479063510894775,8153
1338,10960896,0.0005180733838811115,0.6472455859184265,5.46541166305542,8149
1339,10969088,0.000517477656305854,0.6415573358535767,5.329165458679199,8154
1340,10977280,0.0005168819860214115,0.6384466290473938,5.508727073669434,8154
1341,10985472,0.0005162863740771068,0.6519322395324707,5.51826810836792,8156
1342,10993664,0.00051569082152216,0.639085054397583,5.410026550292969,8151
1343,11001856,0.0005150953294056863,0.6361516118049622,5.35240364074707,8152
1344,11010048,0.000514499898776695,0.6043573617935181,5.408140659332275,8149
1345,11018240,0.0005139045306840862,0.6207893490791321,5.42597770690918,8155
1346,11026432,0.000513309226176651,0.6258522272109985,5.3237996101379395,8151
1347,11034624,0.000512713986303067,0.6307361721992493,5.399460315704346,8150
1348,11042816,0.0005121188121118995,0.6488599181175232,5.214012145996094,8154
1349,11051008,0.000511523704651597,0.6326411366462708,5.374085426330566,8152
1350,11059200,0.000510928664970491,0.6591505408287048,5.3585357666015625,8155
1351,11067392,0.0005103336941167932,0.6245531439781189,5.45192289352417,8155
1352,11075584,0.0005097387931385945,0.6424143314361572,5.322681903839111,8151
1353,11083776,0.0005091439630838623,0.669548511505127,5.446692943572998,8153
1354,11091968,0.0005085492050004394,0.6271460652351379,5.379302501678467,8151
1355,11100160,0.0005079545199360415,0.601039707660675,5.311946868896484,8153
1356,11108352,0.0005073599089382561,0.6554335951805115,5.397972583770752,8148
1357,11116544,0.0005067653730545397,0.7089283466339111,5.429530143737793,8154
1358,11124736,0.0005061709133322169,0.638540506362915,5.385133266448975,8147
1359,11132928,0.0005055765308184778,0.631475031375885,5.388108730316162,8152
1360,11141120,0.0005049822265603769,0.6120161414146423,5.473053932189941,8154
1361,11149312,0.0005043880016048303,0.6404215097427368,5.338087558746338,8154
1362,11157504,0.0005037938569986149,0.6295027136802673,5.407565593719482,8154
1363,11165696,0.000503199793788366,0.6741942167282104,5.298698902130127,8150
1364,11173888,0.0005026058130205751,0.62603759765625,5.460322856903076,8148
1365,11182080,0.000502011915741589,0.8720927238464355,5.484292507171631,8150
1366,11190272,0.000501418102997607,0.6565651297569275,5.606689929962158,8152
1367,11198464,0.0005008243758346799,0.6401715874671936,5.400000095367432,8154
1368,11206656,0.0005002307352987072,0.6893182992935181,5.493916988372803,8156
1369,11214848,0.0004996371824354365,0.70219886302948,5.2787394523620605,8155
1370,11223040,0.0004990437182904601,0.6802881360054016,5.536125659942627,8149
1371,11231232,0.0004984503439092149,0.6906484961509705,5.337666988372803,8149
1372,11239424,0.0004978570603369789,0.6583986878395081,5.424216270446777,8156
1373,11247616,0.0004972638686188708,0.6618873476982117,5.319474697113037,8152
1374,11255808,0.000496670769799847,0.6888040900230408,5.544914245605469,8151
1375,11264000,0.0004960777649247006,0.6480317711830139,5.382968425750732,8154
1376,11272192,0.0004954848550380587,0.7069145441055298,5.479310035705566,8152
1377,11280384,0.0004948920411843818,0.6708624958992004,5.385744571685791,8153
1378,11288576,0.0004942993244079605,0.6612047553062439,5.300742149353027,8152
1379,11296768,0.000493706705752915,0.6176317930221558,5.272225856781006,8152
1380,11304960,0.0004931141862631923,0.6154720187187195,5.212561130523682,8152
1381,11313152,0.0004925217669825648,0.6268594861030579,5.427358627319336,8150
1382,11321344,0.0004919294489546281,0.7038792371749878,5.4619140625,8152
1383,11329536,0.0004913372332228,0.6681933403015137,5.31966495513916,8155
1384,11337728,0.000490745120830318,0.6549504399299622,5.407578945159912,8153
1385,11345920,0.0004901531128202368,0.6901643872261047,5.473348140716553,8150
1386,11354112,0.0004895612102354283,0.6364840865135193,5.357910633087158,8152
1387,11362304,0.0004889694141185777,0.6356995701789856,5.472133636474609,8151
1388,11370496,0.0004883777255121836,0.6632398366928101,5.358267784118652,8156
1389,11378688,0.00048778614545855415,0.6566876173019409,5.354756832122803,8150
1390,11386880,0.00048719467499980744,0.6473140120506287,5.515366077423096,8151
1391,11395072,0.0004866033151778674,0.6842263340950012,5.443459987640381,8151
1392,11403264,0.0004860120670344641,0.6437507271766663,5.332496166229248,8152
1393,11411456,0.0004854209316111299,0.7192145586013794,5.212796211242676,8151
1394,11419648,0.0004848299099491992,0.6521972417831421,5.461994171142578,8150
1395,11427840,0.0004842390030898059,0.6465773582458496,5.338624954223633,8151
1396,11436032,0.0004836482120738815,0.713678777217865,5.4368767738342285,8154
1397,11444224,0.0004830575379421536,0.690125048160553,5.365687847137451,8152
1398,11452416,0.000482466981735144,0.647179365158081,5.301520347595215,8152
1399,11460608,0.00048187654449316616,0.6769222021102905,5.309945583343506,8151
1400,11468800,0.00048128622725632496,0.6841503977775574,5.425588130950928,8157
1401,11476992,0.00048069603106451285,0.7140355110168457,5.287688255310059,8155
1402,11485184,0.00048010595695741005,0.6485469937324524,5.3099799156188965,8150
1403,11493376,0.00047951600597448066,0.6869174242019653,5.366271495819092,8154
1404,11501568,0.0004789261791549728,0.695245087146759,5.420093536376953,8153
1405,11509760,0.0004783364775379155,0.6864649057388306,5.3795270919799805,8152
1406,11517952,0.00047774690216211707,0.6645374298095703,5.421510696411133,8150
1407,11526144,0.0004771574540661638,0.6648419499397278,5.285865783691406,8151
1408,11534336,0.0004765681342884173,0.6498511433601379,5.382142066955566,8153
1409,11542528,0.0004759789438670137,0.6445127129554749,5.330937385559082,8156
1410,11550720,0.00047538988383986067,0.6655868291854858,5.35625696182251,8147
1411,11558912,0.0004748009552446368,0.6561576724052429,5.457075119018555,8147
1412,11567104,0.0004742121591187885,0.7057856321334839,5.355101585388184,8152
1413,11575296,0.0004736234964995293,0.6364305019378662,5.304726600646973,8152
1414,11583488,0.0004730349684238374,0.6873135566711426,5.176026821136475,8150
1415,11591680,0.0004724465759284541,0.667728066444397,5.373538494110107,8151
1416,11599872,0.00047185832004988137,0.7008962631225586,5.341979503631592,8149
1417,11608064,0.0004712702018243813,0.6723502278327942,5.3377203941345215,8154
1418,11616256,0.0004706822222879728,0.640923798084259,5.3680949211120605,8147
1419,11624448,0.00047009438247643106,0.6637415289878845,5.5308709144592285,8151
1420,11632640,0.0004695066834252845,0.6670185327529907,5.333075523376465,8154
1421,11640832,0.0004689191261698142,0.6303046941757202,5.275778293609619,8147
1422,11649024,0.0004683317117450509,0.6412543654441833,5.321816444396973,8155
1423,11657216,0.0004677444411857743,0.647660493850708,5.495828628540039,8154
1424,11665408,0.00046715731552651003,0.6699835062026978,5.305466651916504,8151
1425,11673600,0.00046657033580152913,0.7185021042823792,5.271099090576172,8154
1426,11681792,0.00046598350304484493,0.6358249187469482,5.293481826782227,8155
1427,11689984,0.0004653968182902122,0.6270248293876648,5.308616638183594,8150
1428,11698176,0.00046481028257112537,0.7283690571784973,5.381153583526611,8153
1429,11706368,0.0004642238969208155,0.6516780257225037,5.118556976318359,8151
1430,11714560,0.00046363766237224986,0.6925877332687378,5.6114420890808105,8147
1431,11722752,0.0004630515799581294,0.6809799671173096,5.332172393798828,8153
1432,11730944,0.000462465650710887,0.654274582862854,5.386896133422852,8153
1433,11739136,0.0004618798756626858,0.7101971507072449,5.5085673332214355,8155
1434,11747328,0.00046129425584541756,0.659801721572876,5.335964202880859,8155
1435,11755520,0.0004607087922906998,0.6484866738319397,5.434915065765381,8150
1436,11763712,0.00046012348602987585,0.6604384779930115,5.329442501068115,8154
1437,11771904,0.0004595383380940109,0.6386761665344238,5.271044731140137,8150
1438,11780096,0.0004589533495138923,0.674319326877594,5.4031662940979,8155
1439,11788288,0.00045836852132002546,0.6534641981124878,5.420804500579834,8152
1440,11796480,0.00045778385454263453,0.6552979946136475,5.384916305541992,8154
1441,11804672,0.00045719935021165827,0.6777653694152832,5.385141849517822,8147
1442,11812864,0.00045661500935674997,0.6528210043907166,5.337092399597168,8153
1443,11821056,0.0004560308330072745,0.6637834906578064,5.308844089508057,8152
1444,11829248,0.00045544682219230727,0.6652936339378357,5.413463115692139,8158
1445,11837440,0.0004548629779406317,0.6452014446258545,5.358991622924805,8153
1446,11845632,0.00045427930128073835,0.6582244038581848,5.461946964263916,8148
1447,11853824,0.0004536957932408219,0.6707954406738281,5.347301959991455,8151
1448,11862016,0.0004531124548487806,0.707634449005127,5.603087425231934,8155
1449,11870208,0.0004525292871322134,0.6018522381782532,5.290086269378662,8153
1450,11878400,0.00045194629111841887,0.6170434355735779,5.176077842712402,8155
1451,11886592,0.0004513634678343931,0.663421630859375,5.297845840454102,8152
1452,11894784,0.00045078081830682743,0.7073140740394592,5.391470432281494,8152
1453,11902976,0.0004501983435621079,0.6592260599136353,5.386642932891846,8149
1454,11911168,0.000449616044626312,0.6390064358711243,5.332095623016357,8152
1455,11919360,0.0004490339225252079,0.6755565404891968,5.415210247039795,8153
1456,11927552,0.00044845197828425205,0.6705700159072876,5.349888801574707,8149
1457,11935744,0.0004478702129285878,0.6667166948318481,5.443564414978027,8152
1458,11943936,0.0004472886274830429,0.6340742707252502,5.236091613769531,8157
1459,11952128,0.00044670722297212906,0.6431920528411865,5.307019233703613,8151
1460,11960320,0.00044612600042003817,0.6388658881187439,5.269424915313721,8152
1461,11968512,0.00044554496085064246,0.6593084931373596,5.342736721038818,8150
1462,11976704,0.0004449641052874913,0.6425600647926331,5.201562404632568,8156
1463,11984896,0.00044438343475381034,0.6516369581222534,5.360809803009033,8150
1464,11993088,0.00044380295027249874,0.6809647679328918,5.220990180969238,8154
1465,12001280,0.00044322265286612857,0.71617591381073,5.44627046585083,8154
1466,12009472,0.0004426425435569416,0.6560670733451843,5.219343185424805,8155
1467,12017664,0.00044206262336684914,0.6570529341697693,5.286011695861816,8156
1468,12025856,0.0004414828933174285,0.6872480511665344,5.358601093292236,8147
1469,12034048,0.0004409033544299225,0.7323198318481445,5.292353630065918,8154
1470,12042240,0.00044032400772523714,0.6463763117790222,5.5615010261535645,8152
1471,12050432,0.0004397448542239398,0.6599739193916321,5.350640296936035,8153
1472,12058624,0.00043916589494625777,0.6327909231185913,5.280375957489014,8151
1473,12066816,0.00043858713091207566,0.6173531413078308,5.366496562957764,8152
1474,12075008,0.0004380085631409349,0.6503182649612427,5.342584609985352,8151
1475,12083200,0.00043743019265203033,0.6511484980583191,5.462505340576172,8152
1476,12091392,0.0004368520204642102,0.6086475849151611,5.426518440246582,8154
1477,12099584,0.0004362740475959724,0.6429814696311951,5.377376079559326,8151
1478,12107776,0.00043569627506546467,0.7349936962127686,5.298804759979248,8150
1479,12115968,0.0004351187038904811,0.646514892578125,5.32920503616333,8153
1480,12124160,0.0004345413350884617,0.665207028388977,5.205325126647949,8155
1481,12132352,0.0004339641696764893,0.6780863404273987,5.494361877441406,8149
1482,12140544,0.00043338720867128915,0.6835446953773499,5.354361057281494,8152
1483,12148736,0.00043281045308922575,0.6606932282447815,5.450150489807129,8155
1484,12156928,0.00043223390394630243,0.7214204668998718,5.470391750335693,8151
1485,12165120,0.0004316575622581581,0.6589041352272034,5.330920219421387,8147
1486,12173312,0.00043108142904006697,0.6579248309135437,5.406806945800781,8151
1487,12181504,0.00043050550530693537,0.6511085033416748,5.2559733390808105,8151
1488,12189696,0.000429929792073301,0.6668030023574829,5.3617777824401855,8149
1489,12197888,0.00042935429035333064,0.650845468044281,5.282411575317383,8152
1490,12206080,0.00042877900116081847,0.701782763004303,5.427131175994873,8146
1491,12214272,0.0004282039255091842,0.6726812720298767,5.412143707275391,8152
1492,12222464,0.00042762906441147144,0.6832599639892578,5.318731784820557,8145
1493,12230656,0.00042705441888034616,0.866664707660675,5.2859649658203125,8154
1494,12238848,0.0004264799899280938,0.6966156959533691,5.207491874694824,8155
1495,12247040,0.0004259057785666193,0.6693176031112671,5.420125484466553,8148
1496,12255232,0.0004253317858074432,0.6703748106956482,5.534612655639648,8150
1497,12263424,0.00042475801266170205,0.6578048467636108,5.293206691741943,8151
1498,12271616,0.00042418446014014455,0.6624771356582642,5.380077362060547,8158
1499,12279808,0.00042361112925313164,0.6487735509872437,5.293499946594238,8150
1500,12288000,0.0004230380210106329,0.6431101560592651,5.353625297546387,8148
1501,12296192,0.0004224651364222266,0.6653861403465271,5.348091125488281,8156
1502,12304384,0.0004218924764970964,0.6588109135627747,5.2957329750061035,8150
1503,12312576,0.0004213200422440306,0.6679428219795227,5.200581073760986,8155
1504,12320768,0.0004207478346714195,0.6638603806495667,5.367332458496094,8153
1505,12328960,0.0004201758547872546,0.7269687056541443,5.3779072761535645,8150
1506,12337152,0.000419604103599126,0.6592077016830444,5.508594989776611,8157
1507,12345344,0.00041903258211422093,0.6379199624061584,5.288938522338867,8155
1508,12353536,0.00041846129133932215,0.6846475601196289,5.203330039978027,8153
1509,12361728,0.000417890232280806,0.6128528118133545,5.281887054443359,8150
1510,12369920,0.0004173194059446402,0.6341684460639954,5.267251014709473,8148
1511,12378112,0.00041674881333638315,0.6463040709495544,5.434530735015869,8153
1512,12386304,0.00041617845546118094,0.6668532490730286,5.403099536895752,8147
1513,12394496,0.00041560833332376674,0.6322269439697266,5.34580659866333,8150
1514,12402688,0.0004150384479284581,0.6472022533416748,5.341985702514648,8153
1515,12410880,0.0004144688002791553,0.670766294002533,5.408292770385742,8154
1516,12419072,0.00041389939137934047,0.6885567307472229,5.281485557556152,8151
1517,12427264,0.00041333022223207443,0.6482418775558472,5.294641017913818,8152
1518,12435456,0.0004127612938399963,0.710882306098938,5.428487300872803,8153
1519,12443648,0.0004121926072053205,0.635145902633667,5.269886016845703,8148
1520,12451840,0.0004116241633298361,0.7027134895324707,5.362024307250977,8151
1521,12460032,0.0004110559632149042,0.6872843503952026,5.390493869781494,8150
1522,12468224,0.0004104880078614566,0.6222292184829712,5.111473560333252,8152
1523,12476416,0.00040992029826999375,0.6234078407287598,5.344966888427734,8153
1524,12484608,0.00040935283544058366,0.6574169397354126,5.3838300704956055,8154
1525,12492800,0.0004087856203728591,0.6762208342552185,5.320085048675537,8156
1526,12500992,0.00040821865406601686,0.629204273223877,5.384217262268066,8154
1527,12509184,0.00040765193751881484,0.6571620106697083,5.32456111907959,8157
1528,12517376,0.00040708547172957186,0.6683375835418701,5.333913326263428,8156
1529,12525568,0.00040651925769616425,0.6760079264640808,5.436262130737305,8153
1530,12533760,0.00040595329641602537,0.651228666305542,5.379268646240234,8150
1531,12541952,0.00040538758888614287,0.6707386374473572,5.270266056060791,8147
1532,12550144,0.00040482213610305796,0.6969671249389648,5.257086277008057,8155
1533,12558336,0.0004042569390628624,0.7245620489120483,5.198699951171875,8157
1534,12566528,0.0004036919987611983,0.6645863652229309,5.233820915222168,8150
1535,12574720,0.0004031273161932544,0.6374741792678833,5.28835391998291,8148
1536,12582912,0.0004025628923537664,0.723455011844635,5.370385646820068,8156
1537,12591104,0.00040199872823701413,0.6954007744789124,5.374943733215332,8156
1538,12599296,0.00040143482483681906,0.6631921529769897,5.107360363006592,8150
1539,12607488,0.00040087118314654444,0.6931101679801941,5.226971626281738,8151
1540,12615680,0.0004003078041590917,0.739136278629303,5.303683280944824,8158
1541,12623872,0.00039974468886690005,0.6772944927215576,5.0929131507873535,8150
1542,12632064,0.0003991818382619437,0.6838268637657166,5.424359321594238,8151
1543,12640256,0.00039861925333573115,0.7285763621330261,5.386337757110596,8155
1544,12648448,0.0003980569350793021,0.6924730539321899,5.312121391296387,8152
1545,12656640,0.00039749488448322746,0.7192257642745972,5.3799052238464355,8152
1546,12664832,0.0003969331025376057,0.6660300493240356,5.255052089691162,8147
1547,12673024,0.0003963715902320629,0.7132008075714111,5.342767238616943,8147
1548,12681216,0.00039581034855574933,0.6789041757583618,5.319518089294434,8154
1549,12689408,0.0003952493784973391,0.7170857787132263,5.271719932556152,8152
1550,12697600,0.00039468868104502764,0.6802361011505127,5.3576884269714355,8152
1551,12705792,0.00039412825718653026,0.6622791290283203,5.348746299743652,8154
1552,12713984,0.0003935681079090799,0.6774764657020569,5.416199207305908,8153
1553,12722176,0.00039300823419942665,0.688531219959259,5.312480926513672,8152
1554,12730368,0.0003924486370438341,0.6517565250396729,5.255151271820068,8155
1555,12738560,0.00039188931742807967,0.6514097452163696,5.299825668334961,8152
1556,12746752,0.000391330276337451,0.7019468545913696,5.303144931793213,8152
1557,12754944,0.00039077151475674584,0.6873200535774231,5.351602077484131,8149
1558,12763136,0.0003902130336702691,0.6288316249847412,5.214695930480957,8152
1559,12771328,0.0003896548340618316,0.6219103932380676,5.23280143737793,8154
1560,12779520,0.00038909691691474857,0.6678648591041565,5.153409957885742,8155
1561,12787712,0.00038853928321183737,0.7033746242523193,5.250572204589844,8148
1562,12795904,0.0003879819339354163,0.7054577469825745,5.371563911437988,8152
1563,12804096,0.00038742487006730215,0.6763432025909424,5.27504301071167,8147
1564,12812288,0.00038686809258880984,0.6387896537780762,5.173508167266846,8152
1565,12820480,0.00038631160248074874,0.711855947971344,5.22043514251709,8151
1566,12828672,0.00038575540072342286,0.7291042804718018,5.419839382171631,8155
1567,12836864,0.0003851994882966275,0.678392231464386,5.367676734924316,8156
1568,12845056,0.00038464386617964916,0.7135276198387146,5.407116889953613,8152
1569,12853248,0.0003840885353512618,0.9055324196815491,5.365100383758545,8152
1570,12861440,0.0003835334967897276,0.6554548740386963,5.182365894317627,8153
1571,12869632,0.0003829787514727926,0.6519472002983093,5.317028999328613,8151
1572,12877824,0.0003824243003776872,0.7179070711135864,5.439898490905762,8149
1573,12886016,0.0003818701444811229,0.6850944757461548,5.443122386932373,8154
1574,12894208,0.0003813162847592917,0.6999538540840149,5.3779096603393555,8149
1575,12902400,0.0003807627221878633,0.645304262638092,5.210938930511475,8152
1576,12910592,0.00038020945774198457,0.6510399580001831,5.187638759613037,8152
1577,12918784,0.0003796564923962765,0.7508307695388794,5.256402015686035,8158
1578,12926976,0.00037910382712483384,0.6760637164115906,5.2093305587768555,8153
1579,12935168,0.00037855146290122243,0.6507909893989563,5.2789692878723145,8153
1580,12943360,0.00037799940069847766,0.7027243375778198,5.343425273895264,8152
1581,12951552,0.0003774476414891033,0.6624565124511719,5.227403163909912,8148
1582,12959744,0.0003768961862450688,0.6358330845832825,5.208849906921387,8153
1583,12967936,0.0003763450359378088,0.6574426293373108,5.213345527648926,8153
1584,12976128,0.0003757941915382201,0.634949266910553,5.351283550262451,8148
1585,12984320,0.00037524365401666134,0.668385922908783,5.136308670043945,8154
1586,12992512,0.0003746934243429498,0.7384896874427795,5.369361400604248,8151
1587,13000704,0.00037414350348636107,0.6952858567237854,5.251213073730469,8150
1588,13008896,0.0003735938924156264,0.7283035516738892,5.411653518676758,8153
1589,13017088,0.00037304459209893157,0.686823308467865,5.263457298278809,8154
1590,13025280,0.0003724956035039146,0.6575337052345276,5.198840618133545,8154
1591,13033472,0.00037194692759766486,0.6985395550727844,5.471828937530518,8152
1592,13041664,0.00037139856534672023,0.6568711400032043,5.362942695617676,8153
1593,13049856,0.0003708505177170669,0.7009286284446716,5.319733619689941,8149
1594,13058048,0.0003703027856741361,0.6894475817680359,5.201584815979004,8156
1595,13066240,0.0003697553701828035,0.6791278719902039,5.260874271392822,8154
1596,13074432,0.00036920827220738694,0.637945830821991,5.397387981414795,8151
1597,13082624,0.00036866149271164525,0.70325767993927,5.265372276306152,8152
1598,13090816,0.00036811503265877577,0.7267659306526184,5.324524402618408,8150
1599,13099008,0.0003675688930114135,0.6939667463302612,5.449333667755127,8156
1600,13107200,0.0003670230747316288,0.6417759656906128,5.235307693481445,8151
1601,13115392,0.000366477578780926,0.7422369718551636,5.418066024780273,8151
1602,13123584,0.0003659324061202419,0.6679182052612305,5.279339790344238,8156
1603,13131776,0.000365387557709943,0.6959156394004822,5.338784694671631,8155
1604,13139968,0.00036484303450982566,0.7083671689033508,5.298927307128906,8155
1605,13148160,0.00036429883747911236,0.686240553855896,5.290373802185059,8153
1606,13156352,0.00036375496757645184,0.6554142832756042,5.29107666015625,8150
1607,13164544,0.00036321142575991577,0.6295152902603149,5.233138084411621,8153
1608,13172736,0.0003626682129869989,0.6122536063194275,5.376142978668213,8154
1609,13180928,0.0003621253302146149,0.6881765127182007,5.365242004394531,8152
1610,13189120,0.0003615827783990979,0.7121441960334778,5.379251003265381,8153
1611,13197312,0.0003610405584961972,0.6819973587989807,5.353332042694092,8155
1612,13205504,0.00036049867146107896,0.6501460075378418,5.2775678634643555,8152
1613,13213696,0.0003599571182483217,0.6731771230697632,5.22536039352417,8153
1614,13221888,0.0003594158998119172,0.6680293083190918,5.303833961486816,8153
1615,13230080,0.00035887501710526597,0.6914958953857422,5.375463485717773,8157
1616,13238272,0.00035833447108117876,0.6636468172073364,5.191084861755371,8148
1617,13246464,0.0003577942626918715,0.6985847353935242,5.1642351150512695,8154
1618,13254656,0.000357254392888967,0.6759788990020752,5.29751443862915,8148
1619,13262848,0.0003567148626234902,0.69582599401474,5.220885276794434,8152
1620,13271040,0.0003561756728458692,0.7214921116828918,5.1802873611450195,8153
1621,13279232,0.00035563682450593097,0.642122209072113,5.3494648933410645,8150
1622,13287424,0.0003550983185529023,0.6741454601287842,5.293514251708984,8150
1623,13295616,0.000354560155935406,0.673137903213501,5.2373738288879395,8157
1624,13303808,0.00035402233760146025,0.6454466581344604,5.382439613342285,8149
1625,13312000,0.00035348486449847714,0.6430354714393616,5.301324367523193,8156
1626,13320192,0.00035294773757325957,0.6629382371902466,5.446738243103027,8154
1627,13328384,0.0003524109577720022,0.735668420791626,5.244828701019287,8149
1628,13336576,0.00035187452604028654,0.7005553245544434,5.236319541931152,8150
1629,13344768,0.00035133844332308243,0.6328703761100769,5.2856035232543945,8147
1630,13352960,0.0003508027105647434,0.6604025363922119,5.256735324859619,8152
1631,13361152,0.00035026732870900817,0.7470964193344116,5.352593421936035,8154
1632,13369344,0.00034973229869899556,0.6655470728874207,5.163764476776123,8153
1633,13377536,0.0003491976214772062,0.7066101431846619,5.408519268035889,8152
1634,13385728,0.00034866329798551797,0.6761463284492493,5.233760833740234,8156
1635,13393920,0.0003481293291651867,0.676942765712738,5.137450218200684,8148
1636,13402112,0.00034759571595684234,0.6316948533058167,5.316998481750488,8154
1637,13410304,0.0003470624593004895,0.64850914478302,5.182048797607422,8155
1638,13418496,0.0003465295601355035,0.68387371301651,5.116235733032227,8154
1639,13426688,0.00034599701940063145,0.6792657375335693,5.392435550689697,8149
1640,13434880,0.0003454648380339873,0.6431066989898682,5.294713973999023,8155
1641,13443072,0.0003449330169730535,0.6806872487068176,5.29670524597168,8152
1642,13451264,0.0003444015571546765,0.6723852157592773,5.285508632659912,8149
1643,13459456,0.0003438704595150675,0.7016772627830505,5.268275260925293,8150
1644,13467648,0.0003433397249897991,0.6827686429023743,5.3614726066589355,8153
1645,13475840,0.000342809354513804,0.6768531203269958,5.079480171203613,8148
1646,13484032,0.0003422793490213745,0.659343957901001,5.280056476593018,8151
1647,13492224,0.00034174970944615874,0.7200128436088562,5.240787029266357,8150
1648,13500416,0.00034122043672116156,0.7171287536621094,5.381455421447754,8153
1649,13508608,0.0003406915317787402,0.7417965531349182,5.328397750854492,8151
1650,13516800,0.0003401629955506055,0.7033814191818237,5.383951663970947,8153
1651,13524992,0.0003396348289678173,0.6946151256561279,5.271301746368408,8150
1652,13533184,0.0003391070329607857,0.7792387008666992,5.288975238800049,8153
1653,13541376,0.0003385796084592665,0.7042601704597473,5.2357177734375,8152
1654,13549568,0.00033805255639236267,0.7155866026878357,5.433585166931152,8150
1655,13557760,0.0003375258776885195,0.742889404296875,5.274820804595947,8151
1656,13565952,0.0003369995732755261,0.7493269443511963,5.183272838592529,8152
1657,13574144,0.00033647364408051077,0.6871615648269653,5.379441738128662,8148
1658,13582336,0.00033594809102994235,0.6788286566734314,5.354328632354736,8151
1659,13590528,0.0003354229150496255,0.7076561450958252,5.202879905700684,8155
1660,13598720,0.0003348981170647021,0.706810712814331,5.277026653289795,8148
1661,13606912,0.0003343736979996469,0.6621180772781372,5.373519420623779,8150
1662,13615104,0.0003338496587782681,0.7354844808578491,5.271659851074219,8153
1663,13623296,0.0003333260003237042,0.6985103487968445,5.35280179977417,8152
1664,13631488,0.00033280272355842334,0.6542927622795105,5.08933162689209,8154
1665,13639680,0.00033227982940422086,0.7106603384017944,5.361243724822998,8153
1666,13647872,0.0003317573187822183,0.7433449029922485,5.335386276245117,8150
1667,13656064,0.0003312351926128621,0.6411108374595642,5.300817012786865,8152
1668,13664256,0.00033071345181592035,0.6574416756629944,5.434589385986328,8149
1669,13672448,0.0003301920973104834,0.7252917289733887,5.377689838409424,8153
1670,13680640,0.00032967113001496014,0.7136471271514893,5.2840046882629395,8154
1671,13688832,0.00032915055084707824,0.6840048432350159,5.2786760330200195,8150
1672,13697024,0.00032863036072388073,0.6504977941513062,5.4420928955078125,8155
1673,13705216,0.00032811056056172643,0.6842353343963623,5.18657112121582,8147
1674,13713408,0.0003275911512762859,0.6581739187240601,5.39666223526001,8151
1675,13721600,0.00032707213378254253,0.6498587131500244,5.25214147567749,8151
1676,13729792,0.0003265535089947881,0.653164803981781,5.289185047149658,8155
1677,13737984,0.00032603527782662403,0.6444796919822693,5.36370849609375,8152
1678,13746176,0.00032551744119095724,0.6745288968086243,5.3116841316223145,8157
1679,13754368,0.0003250000000000001,0.6647237539291382,5.194371223449707,8151
1680,13762560,0.0003244829551652684,0.657316267490387,5.189366817474365,8152
1681,13770752,0.0003239663075975796,0.6331940293312073,5.310679912567139,8152
1682,13778944,0.0003234500582070514,0.6969055533409119,5.361429214477539,8156
1683,13787136,0.00032293420790310015,0.6286042928695679,5.122523307800293,8154
1684,13795328,0.000322418757594439,0.7065616250038147,5.164304256439209,8152
1685,13803520,0.00032190370818907657,0.6267741918563843,5.141578674316406,8151
1686,13811712,0.0003213890605943153,0.6770082712173462,5.16353702545166,8151
1687,13819904,0.00032087481571674954,0.7090474963188171,5.368928909301758,8151
1688,13828096,0.000320360974462265,0.6973544955253601,5.241661071777344,8151
1689,13836288,0.0003198475377360351,0.6623023152351379,5.242282867431641,8153
1690,13844480,0.00031933450644252204,0.6432380676269531,5.248057842254639,8150
1691,13852672,0.00031882188148547245,0.7385477423667908,5.378512859344482,8155
1692,13860864,0.00031830966376791863,0.7291039228439331,5.263069152832031,8149
1693,13869056,0.00031779785419217384,0.6945810317993164,5.293478965759277,8155
1694,13877248,0.0003172864536598341,0.7162973880767822,5.233506679534912,8152
1695,13885440,0.0003167754630717735,0.7444786429405212,5.181178092956543,8152
1696,13893632,0.00031626488332814454,0.666069746017456,5.157989025115967,8149
1697,13901824,0.00031575471532837603,0.6621822714805603,5.272294521331787,8153
1698,13910016,0.0003152449599711713,0.7165336608886719,5.249708652496338,8151
1699,13918208,0.0003147356181545068,0.7211071252822876,5.1513285636901855,8158
1700,13926400,0.0003142266907756307,0.6903966665267944,5.19281005859375,8150
1701,13934592,0.0003137181787310607,0.6752269268035889,5.204816818237305,8153
1702,13942784,0.0003132100829165833,0.7117132544517517,5.270965576171875,8152
1703,13950976,0.00031270240422725143,0.6564297080039978,5.167211532592773,8154
1704,13959168,0.0003121951435573834,0.6911603808403015,5.257780075073242,8150
1705,13967360,0.0003116883018005611,0.6541392803192139,5.378350257873535,8151
1706,13975552,0.00031118187984962843,0.6857326030731201,5.1502156257629395,8154
1707,13983744,0.00031067587859668987,0.6553338766098022,5.315163612365723,8148
1708,13991936,0.0003101702989331085,0.671206533908844,5.28519868850708,8151
1709,14000128,0.0003096651417495055,0.6887292265892029,5.28265380859375,8151
1710,14008320,0.0003091604079357567,0.6600503921508789,5.275876998901367,8148
1711,14016512,0.0003086560983809932,0.6755675673484802,5.23466157913208,8152
1712,14024704,0.00030815221397359775,0.6487946510314941,5.295971393585205,8153
1713,14032896,0.0003076487556012053,0.6552107334136963,5.339395046234131,8152
1714,14041088,0.0003071457241506991,0.6820775270462036,5.302773952484131,8154
1715,14049280,0.00030664312050821116,0.6980681419372559,5.294075012207031,8150
1716,14057472,0.0003061409455591196,0.6535842418670654,5.3225603103637695,8154
1717,14065664,0.0003056392001880474,0.6458758115768433,5.2617926597595215,8152
1718,14073856,0.0003051378852788608,0.6899266242980957,5.274107456207275,8149
1719,14082048,0.0003046370017146677,0.6644802093505859,5.428473949432373,8151
1720,14090240,0.0003041365503778162,0.6748076677322388,5.1982831954956055,8152
1721,14098432,0.0003036365321498929,0.6988012194633484,5.396071910858154,8153
1722,14106624,0.0003031369479117217,0.6815740466117859,5.126253128051758,8153
1723,14114816,0.0003026377985433616,0.6801590919494629,5.308438777923584,8151
1724,14123008,0.000302139084924106,0.6681100130081177,5.251477241516113,8151
1725,14131200,0.00030164080793248013,0.6954814195632935,5.159472465515137,8153
1726,14139392,0.0003011429684462407,0.689937174320221,5.310919284820557,8157
1727,14147584,0.0003006455673423732,0.6887922883033752,5.228643417358398,8152
1728,14155776,0.00030014860549709113,0.6782538890838623,5.311811923980713,8153
1729,14163968,0.00029965208378583414,0.7230428457260132,5.187087535858154,8149
1730,14172160,0.00029915600308326657,0.6792880892753601,5.308805465698242,8152
1731,14180352,0.0002986603642632758,0.6757121682167053,5.351712703704834,8154
1732,14188544,0.00029816516819897084,0.6614388823509216,5.155606269836426,8153
1733,14196736,0.0002976704157626809,0.6447408199310303,5.117410659790039,8152
1734,14204928,0.0002971761078259535,0.6639041900634766,5.368513584136963,8149
1735,14213120,0.00029668224525955316,0.6764066219329834,5.269524574279785,8150
1736,14221312,0.00029618882893346,0.7117134928703308,5.162762641906738,8151
1737,14229504,0.0002956958597168678,0.7016022205352783,5.292444705963135,8149
1738,14237696,0.000295203338478183,0.7328682541847229,5.2856645584106445,8153
1739,14245888,0.0002947112660850227,0.7082032561302185,5.293079853057861,8154
1740,14254080,0.0002942196434042133,0.7031458616256714,5.275580406188965,8150
1741,14262272,0.0002937284713017892,0.7171690464019775,5.246560096740723,8153
1742,14270464,0.0002932377506429908,0.6880897879600525,5.193066120147705,8151
1743,14278656,0.0002927474822922635,0.6776624917984009,5.136059284210205,8153
1744,14286848,0.0002922576671132558,0.6865842342376709,5.205338001251221,8147
1745,14295040,0.0002917683059688178,0.6986782550811768,5.2182230949401855,8154
1746,14303232,0.0002912793997209999,0.6948176622390747,5.2714691162109375,8152
1747,14311424,0.0002907909492310512,0.6896278262138367,5.133663654327393,8149
1748,14319616,0.0002903029553594179,0.6768679022789001,5.3764543533325195,8151
1749,14327808,0.0002898154189657418,0.7155473232269287,5.421785354614258,8154
1750,14336000,0.00028932834090885875,0.6878266334533691,5.391051292419434,8151
1751,14344192,0.00028884172204679743,0.8330624103546143,5.2122483253479,8155
1752,14352384,0.0002883555632367774,0.6868301033973694,5.213147163391113,8152
1753,14360576,0.00028786986533520774,0.6691470146179199,5.196237564086914,8154
1754,14368768,0.0002873846291976859,0.6710975766181946,5.0861310958862305,8152
1755,14376960,0.00028689985567899567,0.6478036046028137,5.176950454711914,8147
1756,14385152,0.0002864155456331059,0.740339457988739,5.363368511199951,8156
1757,14393344,0.00028593169991316905,0.703174889087677,5.395092487335205,8152
1758,14401536,0.00028544831937151973,0.7128348350524902,5.300647735595703,8155
1759,14409728,0.0002849654048596729,0.6709880232810974,5.140257835388184,8154
1760,14417920,0.0002844829572283226,0.657272219657898,5.2709479331970215,8153
1761,14426112,0.00028400097732734066,0.6987820863723755,5.2563676834106445,8151
1762,14434304,0.0002835194660057746,0.6644914150238037,5.257050037384033,8153
1763,14442496,0.0002830384241118468,0.6813844442367554,5.123803615570068,8151
1764,14450688,0.0002825578524929526,0.7291955947875977,5.2533464431762695,8150
1765,14458880,0.0002820777519956588,0.6614253520965576,5.218035697937012,8156
1766,14467072,0.0002815981234657025,0.6874534487724304,5.260463714599609,8151
1767,14475264,0.00028111896774798924,0.6947197318077087,5.31956672668457,8152
1768,14483456,0.00028064028568659165,0.6659627556800842,5.254725933074951,8153
1769,14491648,0.00028016207812474797,0.7473865747451782,5.246777534484863,8154
1770,14499840,0.0002796843459048608,0.6765015125274658,5.153896808624268,8150
1771,14508032,0.00027920708986849504,0.7038059234619141,5.256015777587891,8157
1772,14516224,0.00027873031085637697,0.6830509305000305,5.392716407775879,8155
1773,14524416,0.0002782540097083925,0.7028235793113708,5.339966297149658,8154
1774,14532608,0.0002777781872635858,0.6732029914855957,5.216717720031738,8149
1775,14540800,0.00027730284436015763,0.6647721529006958,5.175556659698486,8155
1776,14548992,0.00027682798183546406,0.6988372802734375,5.161364555358887,8153
1777,14557184,0.00027635360052601494,0.7252151966094971,5.359890937805176,8155
1778,14565376,0.0002758797012674725,0.6783960461616516,5.230021953582764,8155
1779,14573568,0.00027540628489464977,0.7119550704956055,5.218299388885498,8151
1780,14581760,0.00027493335224150896,0.6694846749305725,5.006321907043457,8151
1781,14589952,0.00027446090414116035,0.6822690963745117,5.284263610839844,8152
1782,14598144,0.0002739889414258606,0.6692966818809509,5.153391361236572,8148
1783,14606336,0.00027351746492701125,0.7270632982254028,5.131252765655518,8152
1784,14614528,0.0002730464754751575,0.7045624852180481,5.183292388916016,8155
1785,14622720,0.00027257597389998637,0.6984425783157349,5.318194389343262,8149
1786,14630912,0.0002721059610303256,0.6987380385398865,5.239624500274658,8157
1787,14639104,0.00027163643769414196,0.7666934728622437,5.280566692352295,8152
1788,14647296,0.0002711674047185399,0.6918448209762573,5.225232124328613,8147
1789,14655488,0.00027069886292975997,0.6594061255455017,5.062705993652344,8152
1790,14663680,0.0002702308131531776,0.7082932591438293,5.369592189788818,8150
1791,14671872,0.00026976325621330135,0.6878006458282471,5.203606605529785,8147
1792,14680064,0.0002692961929337718,0.6482728123664856,5.271790504455566,8154
1793,14688256,0.00026882962413735974,0.6965417861938477,5.291256904602051,8152
1794,14696448,0.000268363550645965,0.7072750926017761,5.282995223999023,8148
1795,14704640,0.00026789797328061443,0.7002623081207275,5.220473766326904,8154
1796,14712832,0.00026743289286146175,0.7358295917510986,5.252124309539795,8150
1797,14721024,0.0002669683102077848,0.7054233551025391,5.398334980010986,8150
1798,14729216,0.00026650422613798435,0.6918760538101196,5.085501670837402,8153
1799,14737408,0.0002660406414695833,0.6817542314529419,5.275171279907227,8156
1800,14745600,0.00026557755701922455,0.7523494362831116,5.20204496383667,8149
1801,14753792,0.0002651149736026699,0.8092799782752991,5.08565092086792,8154
1802,14761984,0.00026465289203479855,0.6865316033363342,5.194802761077881,8152
1803,14770176,0.0002641913131296057,0.6603274345397949,5.237380504608154,8146
1804,14778368,0.0002637302377002009,0.7092559337615967,5.270334720611572,8152
1805,14786560,0.0002632696665588069,0.7126616835594177,5.226412773132324,8157
1806,14794752,0.00026280960051675814,0.7170649766921997,5.101681232452393,8152
1807,14802944,0.0002623500403844993,0.6730038523674011,5.182201385498047,8156
1808,14811136,0.00026189098697158365,0.639761209487915,5.190900802612305,8155
1809,14819328,0.0002614324410866721,0.7045270800590515,5.295683860778809,8152
1810,14827520,0.0002609744035375314,0.723137378692627,5.182002544403076,8153
1811,14835712,0.0002605168751310328,0.7241837382316589,5.291757583618164,8150
1812,14843904,0.00026005985667315037,0.6945889592170715,5.281288146972656,8154
1813,14852096,0.00025960334896896073,0.7049781680107117,5.156649589538574,8150
1814,14860288,0.0002591473528226396,0.680452287197113,5.0850749015808105,8154
1815,14868480,0.00025869186903746267,0.6874476075172424,5.316197395324707,8152
1816,14876672,0.00025823689841580205,0.6723265647888184,5.152571201324463,8155
1817,14884864,0.0002577824417591267,0.7267417907714844,5.276890754699707,8154
1818,14893056,0.00025732849986799983,0.7124669551849365,5.304066181182861,8156
1819,14901248,0.00025687507354207764,0.6686591506004333,5.319960594177246,8152
1820,14909440,0.0002564221635801085,0.6947509050369263,5.174983024597168,8154
1821,14917632,0.00025596977077993097,0.6967881321907043,5.187352657318115,8153
1822,14925824,0.00025551789593847264,0.6714171767234802,5.231951713562012,8154
1823,14934016,0.00025506653985174856,0.6789959669113159,5.112985134124756,8154
1824,14942208,0.00025461570331486015,0.7148380875587463,5.059462547302246,8149
1825,14950400,0.0002541653871219934,0.7091871500015259,5.299245834350586,8149
1826,14958592,0.0002537155920664179,0.7364393472671509,5.2048845291137695,8154
1827,14966784,0.0002532663189404849,0.6959471702575684,5.33294677734375,8152
1828,14974976,0.0002528175685356267,0.6793134808540344,5.381404876708984,8155
1829,14983168,0.00025236934164235385,0.6627005338668823,5.219804286956787,8156
1830,14991360,0.00025192163905025613,0.6731627583503723,5.382681369781494,8151
1831,14999552,0.0002514744615479982,0.697303056716919,5.223849773406982,8152
1832,15007744,0.0002510278099233211,0.6550474762916565,5.25497579574585,8155
1833,15015936,0.0002505816849630381,0.6847047805786133,5.096306800842285,8155
1834,15024128,0.0002501360874530363,0.7181094884872437,5.425920009613037,8152
1835,15032320,0.000249691018178272,0.686022162437439,5.1764655113220215,8151
1836,15040512,0.0002492464779227724,0.7206672430038452,5.173335075378418,8154
1837,15048704,0.0002488024674696316,0.6625016331672668,5.288434028625488,8153
1838,15056896,0.0002483589876010115,0.6331927180290222,5.219531536102295,8145
1839,15065088,0.0002479160390981383,0.7451480627059937,5.192394256591797,8152
1840,15073280,0.00024747362274130303,0.7033717632293701,5.138082981109619,8151
1841,15081472,0.00024703173930985876,0.6799488663673401,5.142218589782715,8154
1842,15089664,0.00024659038958222,0.6979662179946899,5.086391448974609,8152
1843,15097856,0.00024614957433586097,0.6684535145759583,5.245474815368652,8147
1844,15106048,0.0002457092943473144,0.7032105922698975,5.352185249328613,8149
1845,15114240,0.0002452695503921702,0.6523354649543762,5.196040630340576,8153
1846,15122432,0.0002448303432450739,0.7035837769508362,5.153992176055908,8148
1847,15130624,0.00024439167367972556,0.7000899314880371,5.353336334228516,8151
1848,15138816,0.0002439535424688777,0.6618379354476929,5.198962688446045,8153
1849,15147008,0.00024351595038433555,0.6907712817192078,5.309147834777832,8147
1850,15155200,0.00024307889819695337,0.671193540096283,5.178089618682861,8150
1851,15163392,0.00024264238667663548,0.6899858117103577,5.272841453552246,8152
1852,15171584,0.0002422064165923328,0.7329604625701904,5.249911785125732,8150
1853,15179776,0.00024177098871204337,0.6822472214698792,5.069119930267334,8148
1854,15187968,0.00024133610380280916,0.7490431666374207,5.233612060546875,8152
1855,15196160,0.00024090176263071668,0.7489022016525269,5.229548454284668,8153
1856,15204352,0.00024046796596089337,0.7239973545074463,5.055887222290039,8157
1857,15212544,0.00024003471455750895,0.7043424248695374,5.267874240875244,8152
1858,15220736,0.00023960200918377104,0.6940488815307617,5.124141216278076,8151
1859,15228928,0.0002391698506019269,0.6810309290885925,5.095056056976318,8151
1860,15237120,0.00023873823957325918,0.6894288659095764,5.157945156097412,8153
1861,15245312,0.00023830717685808703,0.7665520906448364,5.14681339263916,8148
1862,15253504,0.00023787666321576322,0.6312879323959351,5.131021022796631,8150
1863,15261696,0.00023744669940467333,0.7428247928619385,5.262628555297852,8148
1864,15269888,0.0002370172861822346,0.7008091807365417,5.141470432281494,8155
1865,15278080,0.00023658842430489366,0.7451152801513672,5.374105453491211,8156
1866,15286272,0.00023616011452812696,0.658416211605072,5.190395355224609,8152
1867,15294464,0.0002357323576064373,0.7070973515510559,5.176136016845703,8148
1868,15302656,0.00023530515429335462,0.6593307852745056,5.184110641479492,8153
1869,15310848,0.0002348785053414326,0.7131752967834473,5.297123908996582,8152
1870,15319040,0.00023445241150224933,0.7404766082763672,5.1577534675598145,8157
1871,15327232,0.00023402687352640412,0.7329518795013428,5.30435037612915,8151
1872,15335424,0.00023360189216351809,0.665647029876709,5.13474178314209,8151
1873,15343616,0.00023317746816223066,0.7342568039894104,5.168734073638916,8151
1874,15351808,0.0002327536022702006,0.7141358256340027,5.230823993682861,8150
1875,15360000,0.0002323302952341024,0.7142493724822998,5.120540618896484,8153
1876,15368192,0.00023190754779962722,0.7012165188789368,5.299691677093506,8154
1877,15376384,0.00023148536071147926,0.7114311456680298,5.2759222984313965,8153
1878,15384576,0.00023106373471337677,0.689232349395752,5.179636478424072,8157
1879,15392768,0.00023064267054804854,0.6876054406166077,5.28818941116333,8153
1880,15400960,0.00023022216895723458,0.6853534579277039,5.2097272872924805,8151
1881,15409152,0.0002298022306816831,0.7120055556297302,5.215461254119873,8150
1882,15417344,0.00022938285646115035,0.6951766610145569,5.229663848876953,8155
1883,15425536,0.00022896404703439923,0.7069705128669739,5.244082927703857,8150
1884,15433728,0.00022854580313919694,0.7284936308860779,5.233567714691162,8156
1885,15441920,0.00022812812551231546,0.6971511244773865,5.355645656585693,8155
1886,15450112,0.00022771101488952805,0.6748026609420776,5.304291725158691,8150
1887,15458304,0.00022729447200561044,0.7127554416656494,5.131461143493652,8151
1888,15466496,0.000226878497594337,0.7082715034484863,5.2696380615234375,8153
1889,15474688,0.00022646309238848178,0.6819965243339539,5.2116312980651855,8153
1890,15482880,0.0002260482571198151,0.7200987339019775,5.284637451171875,8150
1891,15491072,0.0002256339925191045,0.6876535415649414,5.081608295440674,8153
1892,15499264,0.00022522029931611068,0.7556222677230835,5.345790863037109,8153
1893,15507456,0.00022480717823958953,0.673084557056427,5.173008441925049,8154
1894,15515648,0.00022439463001728746,0.7317351698875427,5.357325553894043,8153
1895,15523840,0.0002239826553759431,0.6848139762878418,5.191575527191162,8151
1896,15532032,0.00022357125504128355,0.7130412459373474,5.282630920410156,8146
1897,15540224,0.00022316042973802525,0.7131844758987427,5.207426071166992,8154
1898,15548416,0.00022275018018987059,0.689229428768158,5.185766220092773,8151
1899,15556608,0.0002223405071195089,0.7182967662811279,5.340757846832275,8152
1900,15564800,0.00022193141124861294,0.6856217384338379,5.259289264678955,8153
1901,15572992,0.00022152289329783925,0.7018948197364807,5.182796955108643,8150
1902,15581184,0.00022111495398682626,0.7831863760948181,5.16708517074585,8151
1903,15589376,0.00022070759403419298,0.7016869187355042,5.269451141357422,8157
1904,15597568,0.00022030081415753787,0.7070531249046326,5.168635845184326,8153
1905,15605760,0.0002198946150734374,0.737653374671936,5.239789009094238,8150
1906,15613952,0.0002194889974974455,0.7527230978012085,5.265889644622803,8149
1907,15622144,0.0002190839621440907,0.6815065145492554,5.078876495361328,8152
1908,15630336,0.00021867950972687702,0.7234671115875244,5.084483623504639,8151
1909,15638528,0.00021827564095828057,0.7330862283706665,5.202686786651611,8148
1910,15646720,0.0002178723565497503,0.7037990689277649,5.203375816345215,8154
1911,15654912,0.00021746965721170468,0.6502442359924316,5.309716701507568,8150
1912,15663104,0.00021706754365353274,0.6832000613212585,5.216412544250488,8150
1913,15671296,0.00021666601658359037,0.693045437335968,5.296845436096191,8151
1914,15679488,0.00021626507670920148,0.7902287244796753,5.389099597930908,8155
1915,15687680,0.00021586472473665444,0.7224357724189758,5.226110458374023,8156
1916,15695872,0.00021546496137120325,0.6642258763313293,5.166341781616211,8152
1917,15704064,0.00021506578731706377,0.6753409504890442,5.22908353805542,8153
1918,15712256,0.00021466720327741458,0.68607097864151,5.083507537841797,8150
1919,15720448,0.00021426920995439453,0.7056662440299988,5.160394668579102,8152
1920,15728640,0.00021387180804910208,0.699320912361145,5.174779415130615,8156
1921,15736832,0.00021347499826159368,0.6778771281242371,5.183470249176025,8152
1922,15745024,0.00021307878129088283,0.7058480978012085,5.2561354637146,8149
1923,15753216,0.00021268315783493872,0.7073050737380981,5.246983051300049,8151
1924,15761408,0.000212288128590685,0.677863359451294,5.176175594329834,8157
1925,15769600,0.00021189369425399853,0.7167981863021851,5.081153869628906,8153
1926,15777792,0.00021149985551970806,0.6628232002258301,5.206105709075928,8149
1927,15785984,0.00021110661308159376,0.7248566150665283,5.209733009338379,8153
1928,15794176,0.0002107139676323843,0.7266096472740173,5.200304985046387,8155
1929,15802368,0.00021032191986375794,0.6782293915748596,5.0902791023254395,8153
1930,15810560,0.00020993047046633884,0.719680666923523,5.215044975280762,8145
1931,15818752,0.00020953962012969828,0.7011715173721313,5.339529991149902,8151
1932,15826944,0.00020914936954235115,0.7055299282073975,5.1707305908203125,8149
1933,15835136,0.00020875971939175673,0.7336204648017883,5.141473293304443,8151
1934,15843328,0.00020837067036431596,0.7068669199943542,5.210414409637451,8151
1935,15851520,0.0002079822231453711,0.7372854948043823,5.207895755767822,8156
1936,15859712,0.0002075943784192043,0.7357119917869568,5.283482074737549,8155
1937,15867904,0.00020720713686903628,0.7065403461456299,5.131856918334961,8149
1938,15876096,0.00020682049917702537,0.6992009282112122,5.131105899810791,8156
1939,15884288,0.0002064344660242659,0.6996630430221558,5.113758087158203,8153
1940,15892480,0.00020604903809078747,0.734182596206665,5.266467094421387,8154
1941,15900672,0.00020566421605555348,0.7007632851600647,5.178840160369873,8153
1942,15908864,0.00020528000059645996,0.6945163011550903,5.0951619148254395,8154
1943,15917056,0.00020489639239033437,0.6802594661712646,5.160525321960449,8152
1944,15925248,0.00020451339211293451,0.7038523554801941,5.098524570465088,8153
1945,15933440,0.00020413100043894725,0.6616058349609375,5.134416580200195,8152
1946,15941632,0.00020374921804198738,0.7261591553688049,5.313648223876953,8155
1947,15949824,0.00020336804559459618,0.7045902013778687,5.227059841156006,8155
1948,15958016,0.00020298748376824108,0.6998792290687561,5.235804080963135,8152
1949,15966208,0.00020260753323331286,0.7152092456817627,5.2758989334106445,8152
1950,15974400,0.00020222819465912653,0.7311474680900574,5.227299213409424,8154
1951,15982592,0.00020184946871391803,0.67624831199646,5.1230597496032715,8157
1952,15990784,0.0002014713560648452,0.7613713145256042,5.1980814933776855,8147
1953,15998976,0.00020109385737798448,0.7421021461486816,5.110673427581787,8153
1954,16007168,0.0002007169733183314,0.7593422532081604,5.2097859382629395,8152
1955,16015360,0.00020034070454979863,0.7047637104988098,5.1672186851501465,8154
1956,16023552,0.00019996505173521483,0.7434293031692505,5.16664457321167,8148
1957,16031744,0.00019959001553632372,0.7488484382629395,5.319810390472412,8155
1958,16039936,0.00019921559661378283,0.7612327933311462,5.218516826629639,8151
1959,16048128,0.0001988417956271622,0.770156979560852,5.227909088134766,8155
1960,16056320,0.00019846861323494344,0.7134429812431335,5.217375755310059,8153
1961,16064512,0.0001980960500945183,0.7800474166870117,5.362117290496826,8148
1962,16072704,0.0001977241068621878,0.6806435585021973,5.122227668762207,8152
1963,16080896,0.00019735278419316099,0.7037054896354675,5.1203293800354,8154
1964,16089088,0.00019698208274155352,0.6917908787727356,5.175342082977295,8150
1965,16097280,0.0001966120031603869,0.697685718536377,5.187546253204346,8148
1966,16105472,0.00019624254610158706,0.6921426057815552,5.238394737243652,8153
1967,16113664,0.00019587371221598348,0.709067165851593,5.241741180419922,8150
1968,16121856,0.00019550550215330766,0.7208291292190552,5.062285423278809,8154
1969,16130048,0.00019513791656219226,0.6989307999610901,5.094114780426025,8155
1970,16138240,0.0001947709560901699,0.739141583442688,5.080728054046631,8151
1971,16146432,0.00019440462138367202,0.6961735486984253,5.297856330871582,8155
1972,16154624,0.00019403891308802771,0.6706008315086365,5.251458644866943,8146
1973,16162816,0.00019367383184746252,0.7466984987258911,5.235001087188721,8150
1974,16171008,0.00019330937830509744,0.7021103501319885,5.237112522125244,8154
1975,16179200,0.00019294555310294775,0.6859863996505737,5.11692476272583,8144
1976,16187392,0.00019258235688192178,0.6809735298156738,5.346508502960205,8157
1977,16195584,0.00019221979028181992,0.6973794102668762,5.2512969970703125,8151
1978,16203776,0.00019185785394133342,0.731429398059845,5.272860050201416,8151
1979,16211968,0.00019149654849804327,0.7166573405265808,5.1768107414245605,8150
1980,16220160,0.00019113587458841907,0.7906160950660706,5.302069187164307,8148
1981,16228352,0.0001907758328478179,0.7196241617202759,5.326243877410889,8149
1982,16236544,0.00019041642391048332,0.710344672203064,5.256661415100098,8157
1983,16244736,0.000190057648409544,0.7671903371810913,5.383560657501221,8151
1984,16252928,0.00018969950697701293,0.708573043346405,4.976252555847168,8155
1985,16261120,0.00018934200024378595,0.6934930086135864,5.175576686859131,8152
1986,16269312,0.00018898512883964102,0.705744743347168,5.28464412689209,8148
1987,16277504,0.00018862889339323676,0.6880400776863098,5.255467891693115,8156
1988,16285696,0.00018827329453211157,0.6972205638885498,5.135470867156982,8147
1989,16293888,0.00018791833288268244,0.6762571930885315,5.190980911254883,8150
1990,16302080,0.0001875640090702439,0.7401396632194519,5.1784162521362305,8151
1991,16310272,0.00018721032371896672,0.6761602163314819,5.206301212310791,8149
1992,16318464,0.0001868572774518972,0.7183034420013428,5.093034267425537,8150
1993,16326656,0.00018650487089095567,0.7076923251152039,5.227865695953369,8152
1994,16334848,0.00018615310465693562,0.736426830291748,5.220887184143066,8153
1995,16343040,0.00018580197936950255,0.7215996384620667,5.182634353637695,8155
1996,16351232,0.00018545149564719283,0.672427773475647,5.266146183013916,8152
1997,16359424,0.00018510165410741278,0.7427012920379639,5.019466876983643,8154
1998,16367616,0.00018475245536643737,0.7278611063957214,5.138251304626465,8153
1999,16375808,0.0001844039000394092,0.7001151442527771,5.316624641418457,8154
2000,16384000,0.00018405598874033757,0.671558678150177,5.13377046585083,8155
2001,16392192,0.0001837087220820971,0.6736083030700684,5.172140121459961,8154
2002,16400384,0.0001833621006764269,0.6936330199241638,5.081665515899658,8153
2003,16408576,0.00018301612513392952,0.71198970079422,5.258336067199707,8150
2004,16416768,0.0001826707960640696,0.719973623752594,5.08853006362915,8152
2005,16424960,0.00018232611407517307,0.6592639088630676,5.126311779022217,8148
2006,16433152,0.0001819820797744259,0.7496363520622253,5.148709774017334,8152
2007,16441344,0.0001816386937678732,0.6696380972862244,5.178779602050781,8157
2008,16449536,0.00018129595666041795,0.713164210319519,5.090606212615967,8156
2009,16457728,0.00018095386905582012,0.7169008255004883,5.124076843261719,8151
2010,16465920,0.00018061243155669546,0.7630723118782043,5.246250629425049,8155
2011,16474112,0.0001802716447645146,0.7132757306098938,5.213653087615967,8151
2012,16482304,0.0001799315092796017,0.6801593899726868,5.065272808074951,8154
2013,16490496,0.0001795920257011339,0.6829820871353149,5.117822170257568,8151
2014,16498688,0.0001792531946271397,0.6900203227996826,5.175022125244141,8150
2015,16506880,0.00017891501665449818,0.6578821539878845,5.052395820617676,8152
2016,16515072,0.0001785774923789381,0.7280852794647217,5.099020481109619,8156
2017,16523264,0.00017824062239503647,0.726655900478363,5.2756123542785645,8155
2018,16531456,0.00017790440729621783,0.7228623032569885,5.1929426193237305,8156
2019,16539648,0.00017756884767475305,0.7057772874832153,5.176560878753662,8147
2020,16547840,0.00017723394412175837,0.6946109533309937,5.116279125213623,8150
2021,16556032,0.00017689969722719417,0.7459008097648621,5.178344249725342,8156
2022,16564224,0.0001765661075798643,0.6767290830612183,5.16455602645874,8151
2023,16572416,0.0001762331757674146,0.7084247469902039,5.094927787780762,8149
2024,16580608,0.00017590090237633223,0.7315625548362732,5.090843200683594,8152
2025,16588800,0.00017556928799194435,0.7464216947555542,5.237464427947998,8153
2026,16596992,0.00017523833319841735,0.7065382599830627,5.250732898712158,8156
2027,16605184,0.00017490803857875563,0.7310777306556702,5.134413719177246,8152
2028,16613376,0.0001745784047148006,0.7288241386413574,5.1344428062438965,8151
2029,16621568,0.00017424943218722982,0.7554493546485901,5.127124309539795,8153
2030,16629760,0.00017392112157555572,0.7259750962257385,5.3357954025268555,8148
2031,16637952,0.0001735934734581248,0.7331121563911438,4.961413860321045,8151
2032,16646144,0.00017326648841211651,0.7036203742027283,5.085851669311523,8153
2033,16654336,0.00017294016701354227,0.7005510926246643,5.2038493156433105,8152
2034,16662528,0.00017261450983724412,0.7539941668510437,5.0885114669799805,8151
2035,16670720,0.00017228951745689456,0.6960638165473938,5.1372528076171875,8150
2036,16678912,0.00017196519044499457,0.7012288570404053,5.033870220184326,8149
2037,16687104,0.00017164152937287325,0.6654234528541565,5.046863555908203,8154
2038,16695296,0.0001713185348106865,0.7227239608764648,5.036360740661621,8154
2039,16703488,0.000170996207327416,0.6741796731948853,5.088542461395264,8149
2040,16711680,0.00017067454749086867,0.7125207781791687,5.1810503005981445,8153
2041,16719872,0.0001703535558676749,0.6836617588996887,5.255252838134766,8145
2042,16728064,0.00017003323302328818,0.7071043252944946,5.130404949188232,8150
2043,16736256,0.00016971357952198394,0.7169182896614075,5.240881443023682,8152
2044,16744448,0.00016939459592685833,0.7123337984085083,5.243734836578369,8154
2045,16752640,0.00016907628279982755,0.7186990976333618,5.214601516723633,8151
2046,16760832,0.0001687586407016266,0.7077630162239075,5.198653697967529,8154
2047,16769024,0.0001684416701918086,0.7517392635345459,5.322386741638184,8150
2048,16777216,0.00016812537182874334,0.6781026721000671,5.1034369468688965,8150
2049,16785408,0.00016780974616961684,0.7134882807731628,5.109255313873291,8155
2050,16793600,0.00016749479377042994,0.7224025726318359,5.202522277832031,8152
2051,16801792,0.00016718051518599733,0.6685476303100586,5.182485103607178,8156
2052,16809984,0.00016686691096994718,0.7066668272018433,5.161498069763184,8152
2053,16818176,0.00016655398167471906,0.7933076620101929,5.267584800720215,8148
2054,16826368,0.00016624172785156436,0.7351521849632263,5.367415904998779,8146
2055,16834560,0.00016593015005054383,0.7020398378372192,5.058261394500732,8147
2056,16842752,0.00016561924882052792,0.6932610273361206,5.194682598114014,8154
2057,16850944,0.000165309024709195,0.6878583431243896,5.183930397033691,8150
2058,16859136,0.00016499947826303056,0.74040687084198,5.166285514831543,8156
2059,16867328,0.0001646906100273265,0.7582029700279236,5.219209671020508,8154
2060,16875520,0.00016438242054617988,0.7291098237037659,5.279237747192383,8154
2061,16883712,0.0001640749103624922,0.7006427049636841,5.203787326812744,8150
2062,16891904,0.00016376808001796814,0.7230126261711121,5.139500141143799,8153
2063,16900096,0.00016346193005311495,0.7311046719551086,5.269014358520508,8155
2064,16908288,0.00016315646100724125,0.6989718675613403,5.236381530761719,8150
2065,16916480,0.0001628516734184562,0.7201347351074219,4.983582496643066,8154
2066,16924672,0.00016254756782366848,0.6861616969108582,5.1837687492370605,8152
2067,16932864,0.00016224414475858552,0.7270379662513733,5.240234375,8154
2068,16941056,0.00016194140475771202,0.7210565805435181,5.143285274505615,8152
2069,16949248,0.00016163934835435005,0.6983106732368469,5.148841857910156,8156
2070,16957440,0.00016133797608059672,0.6949025392532349,5.0551323890686035,8150
2071,16965632,0.00016103728846734473,0.7077904343605042,5.164078712463379,8150
2072,16973824,0.00016073728604428005,0.7138955593109131,5.17941951751709,8151
2073,16982016,0.00016043796933988216,0.6952425241470337,5.110127925872803,8149
2074,16990208,0.00016013933888142206,0.6753382086753845,5.071985244750977,8152
2075,16998400,0.00015984139519496256,0.7352871894836426,5.177304267883301,8152
2076,17006592,0.00015954413880535582,0.6994771361351013,5.210611343383789,8154
2077,17014784,0.00015924757023624408,0.6867935657501221,5.018311977386475,8153
2078,17022976,0.0001589516900100572,0.661360502243042,5.105855941772461,8150
2079,17031168,0.0001586564986480131,0.6802365183830261,5.152760028839111,8153
2080,17039360,0.0001583619966701159,0.7009256482124329,5.190793514251709,8150
2081,17047552,0.0001580681845951552,0.7807965278625488,5.233100891113281,8152
2082,17055744,0.00015777506294070554,0.7019335627555847,5.214067459106445,8157
2083,17063936,0.00015748263222312508,0.6955114006996155,5.046994686126709,8153
2084,17072128,0.00015719089295755496,0.7601251602172852,5.428690433502197,8149
2085,17080320,0.0001568998456579179,0.7078153491020203,5.165209770202637,8152
2086,17088512,0.00015660949083691827,0.7122672200202942,5.293647289276123,8147
2087,17096704,0.00015631982900603995,0.6746073961257935,5.2522382736206055,8155
2088,17104896,0.00015603086067554668,0.6607783436775208,5.209078788757324,8149
2089,17113088,0.0001557425863544799,0.7342165112495422,5.303806304931641,8153
2090,17121280,0.00015545500655065914,0.6947603821754456,5.121513843536377,8150
2091,17129472,0.0001551681217706798,0.7117303013801575,5.165926933288574,8152
2092,17137664,0.00015488193251991371,0.6863172650337219,5.0710554122924805,8152
2093,17145856,0.00015459643930250657,0.7489172220230103,5.12052583694458,8155
2094,17154048,0.00015431164262137896,0.697479784488678,5.20772123336792,8151
2095,17162240,0.00015402754297822347,0.6997385025024414,5.182077884674072,8151
2096,17170432,0.0001537441408735057,0.6809543967247009,5.228203773498535,8149
2097,17178624,0.00015346143680646158,0.7032087445259094,5.27294921875,8147
2098,17186816,0.0001531794312750983,0.7706947326660156,5.386504173278809,8154
2099,17195008,0.00015289812477619166,0.7556012272834778,5.16710090637207,8154
2100,17203200,0.00015261751780528679,0.6993347406387329,5.075765609741211,8152
2101,17211392,0.00015233761085669607,0.7127645015716553,5.135897159576416,8158
2102,17219584,0.00015205840442349895,0.7312750816345215,5.207015514373779,8151
2103,17227776,0.00015177989899754085,0.7459121346473694,5.209364891052246,8154
2104,17235968,0.000151502095069432,0.7288482785224915,5.183199882507324,8157
2105,17244160,0.00015122499312854746,0.7155311703681946,5.283265113830566,8154
2106,17252352,0.00015094859366302508,0.7431949973106384,5.304858207702637,8155
2107,17260544,0.0001506728971597658,0.7039811015129089,5.082231521606445,8152
2108,17268736,0.00015039790410443165,0.7351728081703186,5.01235294342041,8152
2109,17276928,0.00015012361498144614,0.7472081780433655,5.282484531402588,8151
2110,17285120,0.000149850030273992,0.726879358291626,5.240750312805176,8153
2111,17293312,0.0001495771504640118,0.69955974817276,5.24169397354126,8153
2112,17301504,0.00014930497603220577,0.7254933714866638,5.223008155822754,8152
2113,17309696,0.00014903350745803208,0.7191445231437683,5.185403347015381,8156
2114,17317888,0.0001487627452197049,0.7083724737167358,5.186972141265869,8156
2115,17326080,0.00014849268979419481,0.7171719670295715,5.218231678009033,8155
2116,17334272,0.00014822334165722658,0.7555838227272034,5.187277793884277,8154
2117,17342464,0.00014795470128327966,0.7115989327430725,5.137061595916748,8156
2118,17350656,0.00014768676914558612,0.6703949570655823,5.066377639770508,8154
2119,17358848,0.0001474195457161311,0.708612322807312,5.151329040527344,8152
2120,17367040,0.00014715303146565055,0.7405245304107666,5.239903450012207,8151
2121,17375232,0.0001468872268636316,0.7103071808815002,5.218175888061523,8153
2122,17383424,0.0001466221323783114,0.6857244372367859,5.097264289855957,8154
2123,17391616,0.00014635774847667558,0.6828147768974304,5.165815353393555,8151
2124,17399808,0.00014609407562445878,0.6917716264724731,5.142366886138916,8150
2125,17408000,0.00014583111428614228,0.7104955911636353,5.23259973526001,8151
2126,17416192,0.00014556886492495474,0.679785430431366,5.148777484893799,8153
2127,17424384,0.00014530732800286988,0.6971555948257446,5.208456039428711,8150
2128,17432576,0.0001450465039806071,0.6752955913543701,5.1020684242248535,8151
2129,17440768,0.00014478639331762927,0.6792927384376526,5.05263614654541,8155
2130,17448960,0.0001445269964721433,0.6778797507286072,5.127549171447754,8152
2131,17457152,0.000144268313901098,0.7186716794967651,5.139821529388428,8150
2132,17465344,0.0001440103460601846,0.7191426157951355,5.118173599243164,8159
2133,17473536,0.00014375309340383457,0.7245292663574219,5.183793544769287,8155
2134,17481728,0.00014349655638522024,0.7384909987449646,5.157481670379639,8152
2135,17489920,0.0001432407354562525,0.686073362827301,4.942788600921631,8153
2136,17498112,0.00014298563106758167,0.7152182459831238,5.1668477058410645,8150
2137,17506304,0.00014273124366859496,0.7364017963409424,5.228789806365967,8149
2138,17514496,0.00014247757370741712,0.7338506579399109,5.090716361999512,8153
2139,17522688,0.0001422246216309089,0.7143319249153137,5.106226444244385,8154
2140,17530880,0.00014197238788466642,0.7006529569625854,5.256463050842285,8151
2141,17539072,0.0001417208729130204,0.764845609664917,5.243783950805664,8153
2142,17547264,0.0001414700771590354,0.7387382388114929,5.292553901672363,8152
2143,17555456,0.00014122000106450906,0.7555536031723022,5.213418483734131,8153
2144,17563648,0.00014097064506997105,0.7313397526741028,5.1791887283325195,8151
2145,17571840,0.00014072200961468304,0.7008379101753235,5.237231731414795,8153
2146,17580032,0.00014047409513663668,0.7152161002159119,5.340888023376465,8154
2147,17588224,0.0001402269020725544,0.674510657787323,5.151700973510742,8148
2148,17596416,0.0001399804308578869,0.7266135215759277,5.09622859954834,8148
2149,17604608,0.00013973468192681414,0.7441135048866272,5.268115997314453,8152
2150,17612800,0.00013948965571224296,0.7108078598976135,5.126945495605469,8155
2151,17620992,0.00013924535264580776,0.6877744793891907,5.18233060836792,8149
2152,17629184,0.00013900177315786838,0.6915595531463623,5.099551200866699,8155
2153,17637376,0.00013875891767751075,0.6948700547218323,5.268165111541748,8152
2154,17645568,0.00013851678663254457,0.7377446889877319,5.12327241897583,8154
2155,17653760,0.00013827538044950424,0.7457124590873718,5.043352127075195,8152
2156,17661952,0.00013803469955364663,0.750158429145813,5.124149322509766,8153
2157,17670144,0.00013779474436895114,0.7115160226821899,5.158389568328857,8154
2158,17678336,0.00013755551531811886,0.6939020156860352,5.038219451904297,8153
2159,17686528,0.00013731701282257167,0.693989098072052,5.240204811096191,8153
2160,17694720,0.0001370792373024516,0.7390270829200745,5.179875373840332,8152
2161,17702912,0.00013684218917661998,0.8105543255805969,5.139005184173584,8157
2162,17711104,0.00013660586886265677,0.7349193096160889,5.1174445152282715,8153
2163,17719296,0.00013637027677685995,0.6995046138763428,5.1440911293029785,8152
2164,17727488,0.0001361354133342445,0.6977874636650085,5.154196739196777,8151
2165,17735680,0.0001359012789485419,0.7389304637908936,5.037607669830322,8152
2166,17743872,0.0001356678740321996,0.7000309824943542,5.183238506317139,8149
2167,17752064,0.00013543519899637945,0.7641404867172241,5.089693546295166,8155
2168,17760256,0.00013520325425095826,0.7499409317970276,5.175271987915039,8151
2169,17768448,0.00013497204020452555,0.7121579051017761,5.11143684387207,8147
2170,17776640,0.00013474155726438456,0.7285245656967163,5.127660274505615,8153
2171,17784832,0.00013451180583654975,0.7426081895828247,5.2086944580078125,8151
2172,17793024,0.0001342827863257478,0.6812872886657715,5.19098424911499,8153
2173,17801216,0.00013405449913541533,0.7585996985435486,5.114485740661621,8154
2174,17809408,0.0001338269446676993,0.692645788192749,5.039676189422607,8146
2175,17817600,0.0001336001233234559,0.7629511952400208,5.102273941040039,8150
2176,17825792,0.00013337403550224975,0.7127586007118225,5.252901077270508,8152
2177,17833984,0.0001331486816023534,0.7088115215301514,5.2172932624816895,8152
2178,17842176,0.00013292406202074645,0.7068420648574829,5.172341823577881,8152
2179,17850368,0.00013270017715311507,0.7027277946472168,5.311217784881592,8150
2180,17858560,0.00013247702739385103,0.683530330657959,5.234643459320068,8150
2181,17866752,0.00013225461313605115,0.7344537973403931,5.048663139343262,8155
2182,17874944,0.00013203293477151676,0.698554515838623,5.195854663848877,8149
2183,17883136,0.00013181199269075272,0.7108266353607178,5.234555244445801,8151
2184,17891328,0.00013159178728296684,0.6701522469520569,5.181451320648193,8152
2185,17899520,0.0001313723189360693,0.7300547957420349,5.226893901824951,8151
2186,17907712,0.00013115358803667183,0.7139651775360107,5.169129848480225,8153
2187,17915904,0.00013093559497008727,0.7220780253410339,5.110446929931641,8152
2188,17924096,0.00013071834012032832,0.7410122752189636,5.132521152496338,8152
2189,17932288,0.00013050182387010768,0.7178615927696228,5.0846967697143555,8153
2190,17940480,0.00013028604660083657,0.7666307091712952,4.9937005043029785,8152
2191,17948672,0.00013007100869262474,0.717513918876648,5.209754943847656,8149
2192,17956864,0.00012985671052427928,0.7238938808441162,5.138741493225098,8152
2193,17965056,0.00012964315247330428,0.7542439103126526,5.178435802459717,8150
2194,17973248,0.0001294303349159,0.7646692991256714,5.145881652832031,8152
2195,17981440,0.00012921825822696234,0.732268214225769,5.257901668548584,8156
2196,17989632,0.00012900692278008198,0.8019431829452515,5.399545192718506,8153
2197,17997824,0.0001287963289475439,0.7462301254272461,5.183258533477783,8153
2198,18006016,0.00012858647710032667,0.7148059010505676,5.155817985534668,8152
2199,18014208,0.0001283773676081018,0.7108879685401917,5.114504337310791,8150
2200,18022400,0.0001281690008392331,0.688722550868988,5.3229079246521,8145
2201,18030592,0.00012796137716077584,0.7319214344024658,5.129767417907715,8154
2202,18038784,0.00012775449693847653,0.7136096954345703,5.032572269439697,8147
2203,18046976,0.00012754836053677186,0.7294652462005615,5.081447601318359,8157
2204,18055168,0.00012734296831878829,0.7760044932365417,5.197110652923584,8152
2205,18063360,0.00012713832064634127,0.7137107253074646,5.263280391693115,8152
2206,18071552,0.0001269344178799347,0.6991580128669739,5.128826141357422,8153
2207,18079744,0.00012673126037876026,0.7864801287651062,5.074273586273193,8152
2208,18087936,0.0001265288485006969,0.7300977110862732,4.966795444488525,8154
2209,18096128,0.00012632718260230984,0.6818981170654297,5.200949668884277,8148
2210,18104320,0.00012612626303885044,0.7441897392272949,5.2797112464904785,8149
2211,18112512,0.00012592609016425519,0.7236796021461487,5.195310592651367,8152
2212,18120704,0.00012572666433114532,0.73833829164505,5.0561137199401855,8153
2213,18128896,0.00012552798589082596,0.7302144765853882,5.066278457641602,8151
2214,18137088,0.00012533005519328578,0.7233884930610657,5.15171480178833,8151
2215,18145280,0.00012513287258719612,0.7535885572433472,4.977718353271484,8157
2216,18153472,0.00012493643841991062,0.7229387164115906,5.116000175476074,8156
2217,18161664,0.00012474075303746434,0.7365370988845825,5.240579128265381,8153
2218,18169856,0.0001245458167845734,0.6837432384490967,5.198934555053711,8152
2219,18178048,0.00012435163000463427,0.706059992313385,5.135627746582031,8153
2220,18186240,0.00012415819303972304,0.6776273846626282,5.066128253936768,8157
2221,18194432,0.00012396550623059512,0.6802716255187988,5.124170780181885,8153
2222,18202624,0.0001237735699166843,0.7368447780609131,5.062746047973633,8152
2223,18210816,0.00012358238443610243,0.7397593855857849,5.095505714416504,8153
2224,18219008,0.00012339195012563852,0.70982426404953,5.1522955894470215,8153
2225,18227200,0.00012320226732075856,0.7049473524093628,5.062833309173584,8154
2226,18235392,0.00012301333635560455,0.7203789949417114,5.057799339294434,8149
2227,18243584,0.00012282515756299416,0.7258248925209045,5.050107479095459,8146
2228,18251776,0.00012263773127441994,0.6984699368476868,5.177736282348633,8151
2229,18259968,0.00012245105782004894,0.7286458611488342,5.087486743927002,8158
2230,18268160,0.000122265137528722,0.7073240876197815,5.1296706199646,8151
2231,18276352,0.00012207997072795308,0.7392369508743286,5.16920804977417,8152
2232,18284544,0.00012189555774392904,0.7191229462623596,5.181704044342041,8151
2233,18292736,0.00012171189890150864,0.7162435054779053,5.172235488891602,8149
2234,18300928,0.00012152899452422218,0.7130517363548279,5.063783168792725,8152
2235,18309120,0.00012134684493427096,0.7105649709701538,5.11953592300415,8152
2236,18317312,0.0001211654504525267,0.7094560861587524,5.170022964477539,8155
2237,18325504,0.00012098481139853085,0.7971477508544922,5.3091044425964355,8152
2238,18333696,0.00012080492809049411,0.7370129823684692,5.148852348327637,8150
2239,18341888,0.00012062580084529591,0.7595198154449463,5.211524486541748,8151
2240,18350080,0.00012044742997848379,0.8253450989723206,5.320415019989014,8153
2241,18358272,0.00012026981580427289,0.7149823904037476,5.083993434906006,8153
2242,18366464,0.00012009295863554534,0.7250121831893921,5.019386291503906,8151
2243,18374656,0.00011991685878384981,0.7162267565727234,5.202192306518555,8153
2244,18382848,0.00011974151655940084,0.7091695070266724,5.213959693908691,8156
2245,18391040,0.00011956693227107827,0.7777193188667297,5.056196689605713,8152
2246,18399232,0.0001193931062264269,0.7507650256156921,5.3391828536987305,8149
2247,18407424,0.00011922003873165585,0.7291149497032166,5.04411506652832,8152
2248,18415616,0.00011904773009163784,0.7124647498130798,5.133480548858643,8155
2249,18423808,0.00011887618060990884,0.7338905930519104,5.113597393035889,8155
2250,18432000,0.0001187053905886676,0.7130119204521179,5.119807720184326,8147
2251,18440192,0.00011853536032877494,0.721664547920227,5.215275287628174,8155
2252,18448384,0.00011836609012975334,0.7674987316131592,5.225878715515137,8157
2253,18456576,0.00011819758028978634,0.6985204219818115,5.03137731552124,8153
2254,18464768,0.00011802983110571796,0.7367293834686279,5.206103324890137,8153
2255,18472960,0.00011786284287305247,0.6900663375854492,5.102433681488037,8151
2256,18481152,0.00011769661588595346,0.7106251120567322,5.159930229187012,8154
2257,18489344,0.0001175311504372436,0.6962041258811951,5.14569091796875,8149
2258,18497536,0.00011736644681840414,0.7749219536781311,5.192739486694336,8151
2259,18505728,0.00011720250531957411,0.758545994758606,5.087313652038574,8151
2260,18513920,0.00011703932622955014,0.7268859148025513,5.210366249084473,8149
2261,18522112,0.00011687690983578581,0.7366096377372742,5.127289772033691,8151
2262,18530304,0.00011671525642439106,0.7224503755569458,5.005903244018555,8152
2263,18538496,0.00011655436628013182,0.7632033228874207,5.158395767211914,8154
2264,18546688,0.00011639423968642954,1.0842576026916504,5.227340221405029,8156
2265,18554880,0.00011623487692536052,0.6990151405334473,5.077592849731445,8148
2266,18563072,0.00011607627827765548,0.7548114061355591,5.235112190246582,8150
2267,18571264,0.00011591844402269913,0.6900045871734619,5.0951457023620605,8156
2268,18579456,0.00011576137443852972,0.7448762059211731,5.16770601272583,8149
2269,18587648,0.00011560506980183833,0.7405030727386475,5.170270919799805,8152
2270,18595840,0.00011544953038796869,0.7093163132667542,5.166070938110352,8154
2271,18604032,0.00011529475647091623,0.731932520866394,5.11091947555542,8150
2272,18612224,0.00011514074832332832,0.7467884421348572,5.206394672393799,8150
2273,18620416,0.00011498750621650288,0.7142871022224426,5.086487293243408,8153
2274,18628608,0.00011483503042038883,0.7273840308189392,5.13939094543457,8147
2275,18636800,0.0001146833212035849,0.7392511367797852,5.229997634887695,8151
2276,18644992,0.00011453237883333949,0.746727466583252,5.13739013671875,8151
2277,18653184,0.00011438220357555017,0.7778689861297607,5.1830878257751465,8153
2278,18661376,0.0001142327956947632,0.7071947455406189,5.126360893249512,8149
2279,18669568,0.00011408415545417288,0.7296411991119385,5.177484512329102,8153
2280,18677760,0.00011393628311562147,0.7659405469894409,5.021024227142334,8152
2281,18685952,0.00011378917893959835,0.7617455720901489,5.140090465545654,8151
2282,18694144,0.00011364284318523978,0.7078179717063904,5.043598651885986,8153
2283,18702336,0.0001134972761103284,0.7126017212867737,5.11740255355835,8149
2284,18710528,0.00011335247797129264,0.770596981048584,4.99199104309082,8154
2285,18718720,0.00011320844902320657,0.7598651051521301,5.202133655548096,8152
2286,18726912,0.00011306518951978913,0.762488067150116,5.144970893859863,8156
2287,18735104,0.00011292269971340385,0.7533315420150757,5.196692943572998,8151
2288,18743296,0.00011278097985505838,0.7486954927444458,5.150493621826172,8151
2289,18751488,0.00011264003019440411,0.7677909135818481,5.137030601501465,8151
2290,18759680,0.00011249985097973543,0.7461011409759521,5.244872093200684,8156
2291,18767872,0.00011236044245798994,0.7585885524749756,5.11462926864624,8152
2292,18776064,0.00011222180487474709,0.7324573397636414,5.138492107391357,8154
2293,18784256,0.00011208393847422875,0.7312020659446716,5.08376407623291,8153
2294,18792448,0.00011194684349929789,0.7778929471969604,4.99090576171875,8155
2295,18800640,0.0001118105201914588,0.7433326840400696,4.993735313415527,8149
2296,18808832,0.00011167496879085634,0.7268581390380859,5.197307586669922,8152
2297,18817024,0.00011154018953627554,0.7048023343086243,5.136362075805664,8151
2298,18825216,0.0001114061826651413,0.7108103632926941,5.122737884521484,8150
2299,18833408,0.00011127294841351783,0.7323160171508789,5.077375411987305,8151
2300,18841600,0.00011114048701610843,0.7414226531982422,5.145747184753418,8149
2301,18849792,0.00011100879870625487,0.7220739126205444,5.025343894958496,8151
2302,18857984,0.00011087788371593699,0.7709564566612244,5.064610004425049,8149
2303,18866176,0.00011074774227577252,0.6982555389404297,5.141205787658691,8152
2304,18874368,0.00011061837461501638,0.7141820192337036,5.0434064865112305,8148
2305,18882560,0.00011048978096156055,0.7072573304176331,5.113604545593262,8154
2306,18890752,0.00011036196154193337,0.7164998650550842,5.14528226852417,8146
2307,18898944,0.00011023491658129936,0.7217791080474854,5.17833137512207,8153
2308,18907136,0.00011010864630345892,0.7369977235794067,5.1316375732421875,8157
2309,18915328,0.00010998315093084753,0.7769427299499512,5.194146633148193,8154
2310,18923520,0.00010985843068453582,0.834884524345398,5.373779773712158,8155
2311,18931712,0.00010973448578422876,0.7228060960769653,5.081729888916016,8153
2312,18939904,0.0001096113164482658,0.7323062419891357,5.0201029777526855,8151
2313,18948096,0.0001094889228936198,0.714226245880127,5.00925874710083,8148
2314,18956288,0.00010936730533589728,0.8035323023796082,5.242001056671143,8152
2315,18964480,0.00010924646398933762,0.732668399810791,5.125548362731934,8152
2316,18972672,0.00010912639906681304,0.7867157459259033,5.064579010009766,8151
2317,18980864,0.00010900711077982777,0.7282840609550476,5.039240837097168,8150
2318,18989056,0.0001088885993385181,0.7532490491867065,5.165188789367676,8156
2319,18997248,0.00010877086495165181,0.7350873947143555,5.026556968688965,8156
2320,19005440,0.00010865390782662781,0.7602532505989075,5.2171630859375,8152
2321,19013632,0.00010853772816947579,0.7259060144424438,5.170495986938477,8157
2322,19021824,0.0001084223261848559,0.7412480115890503,5.124979019165039,8149
2323,19030016,0.00010830770207605836,0.7062946557998657,5.087405681610107,8151
2324,19038208,0.000108193856045003,0.7324193716049194,5.159184455871582,8152
2325,19046400,0.00010808078829223922,0.6979279518127441,5.12791109085083,8151
2326,19054592,0.00010796849901694511,0.7605640292167664,5.214165687561035,8151
2327,19062784,0.00010785698841692771,0.7285870909690857,5.0409016609191895,8152
2328,19070976,0.0001077462566886221,0.7811782956123352,5.030800819396973,8152
2329,19079168,0.00010763630402709157,0.7809301614761353,5.103196144104004,8149
2330,19087360,0.0001075271306260268,0.7489665150642395,5.147352695465088,8152
2331,19095552,0.00010741873667774584,0.7375829815864563,5.121367931365967,8152
2332,19103744,0.00010731112237319361,0.7676882147789001,5.143943786621094,8153
2333,19111936,0.00010720428790194177,0.7331340312957764,4.9983649253845215,8147
2334,19120128,0.00010709823345218797,0.7261466979980469,5.062830924987793,8150
2335,19128320,0.00010699295921075617,0.7385284304618835,5.153114318847656,8154
2336,19136512,0.00010688846536309547,0.6978653073310852,5.100402355194092,8148
2337,19144704,0.00010678475209328069,0.7335828542709351,5.12973690032959,8151
2338,19152896,0.00010668181958401116,0.7033547759056091,5.158326148986816,8152
2339,19161088,0.00010657966801661126,0.7505794167518616,5.221960067749023,8154
2340,19169280,0.00010647829757102944,0.7422618865966797,5.102275371551514,8155
2341,19177472,0.00010637770842583811,0.7330017685890198,5.103123664855957,8153
2342,19185664,0.00010627790075823346,0.6709404587745667,5.032413482666016,8151
2343,19193856,0.00010617887474403496,0.7882806062698364,5.084866523742676,8154
2344,19202048,0.00010608063055768529,0.7182621955871582,5.100337982177734,8148
2345,19210240,0.00010598316837224962,0.7356834411621094,5.0210723876953125,8149
2346,19218432,0.00010588648835941581,0.7534637451171875,5.126599311828613,8152
2347,19226624,0.00010579059068949363,0.7290197014808655,5.146566390991211,8152
2348,19234816,0.00010569547553141494,0.7648645043373108,5.117081165313721,8151
2349,19243008,0.00010560114305273289,0.7101343274116516,5.088071346282959,8156
2350,19251200,0.00010550759341962215,0.7428835034370422,5.205700874328613,8150
2351,19259392,0.00010541482679687797,0.7647992372512817,5.202330589294434,8151
2352,19267584,0.00010532284334791665,0.721082329750061,5.234045028686523,8151
2353,19275776,0.00010523164323477459,0.7464654445648193,5.2017717361450195,8154
2354,19283968,0.00010514122661810844,0.7017807960510254,5.057733535766602,8149
2355,19292160,0.00010505159365719458,0.7336332201957703,5.1642351150512695,8156
2356,19300352,0.00010496274450992894,0.7355807423591614,5.065488815307617,8150
2357,19308544,0.0001048746793328266,0.7501470446586609,5.087567329406738,8153
2358,19316736,0.00010478739828102185,0.726848304271698,5.1590657234191895,8154
2359,19324928,0.00010470090150826741,0.7324173450469971,5.084540367126465,8154
2360,19333120,0.00010461518916693453,0.7589221000671387,5.056238651275635,8150
2361,19341312,0.0001045302614080128,0.7691949009895325,5.160177230834961,8153
2362,19349504,0.00010444611838110927,0.6945163011550903,5.197791576385498,8158
2363,19357696,0.00010436276023444915,0.7233317494392395,5.1092400550842285,8152
2364,19365888,0.00010428018711487456,0.7202638387680054,5.188750267028809,8156
2365,19374080,0.00010419839916784505,0.7472139000892639,5.119572162628174,8151
2366,19382272,0.00010411739653743683,0.7366585731506348,5.112043857574463,8150
2367,19390464,0.0001040371793663428,0.7401013970375061,5.056696891784668,8159
2368,19398656,0.00010395774779587212,0.7927553057670593,5.127574443817139,8153
2369,19406848,0.00010387910196595022,0.7093245387077332,5.135778427124023,8155
2370,19415040,0.00010380124201511817,0.7583085894584656,5.094569206237793,8153
2371,19423232,0.00010372416808053286,0.7139067053794861,5.022724628448486,8152
2372,19431424,0.00010364788029796628,0.7424877285957336,5.096683502197266,8155
2373,19439616,0.0001035723788018059,0.715549111366272,5.191921710968018,8149
2374,19447808,0.00010349766372505375,0.7122827172279358,5.057030200958252,8153
2375,19456000,0.00010342373519932677,0.7045871615409851,5.047095775604248,8148
2376,19464192,0.00010335059335485607,0.7053540349006653,4.99306058883667,8153
2377,19472384,0.00010327823832048719,0.7477617263793945,5.093306064605713,8150
2378,19480576,0.00010320667022367953,0.7523622512817383,5.2664055824279785,8157
2379,19488768,0.00010313588919050624,0.7290707230567932,5.1062798500061035,8149
2380,19496960,0.00010306589534565401,0.7233485579490662,5.015386581420898,8148
2381,19505152,0.00010299668881242279,0.7508670091629028,5.2393975257873535,8153
2382,19513344,0.0001029282697127257,0.7394766807556152,5.250838756561279,8153
2383,19521536,0.00010286063816708863,0.780480682849884,5.203012466430664,8153
2384,19529728,0.00010279379429465027,0.7320785522460938,5.149393558502197,8155
2385,19537920,0.00010272773821316153,0.7421746850013733,5.100430488586426,8151
2386,19546112,0.00010266247003898579,0.7489296793937683,5.138166427612305,8157
2387,19554304,0.00010259798988709827,0.6970666646957397,5.001708984375,8150
2388,19562496,0.00010253429787108627,0.7199088931083679,4.952950477600098,8149
2389,19570688,0.00010247139410314847,0.764959454536438,5.171733379364014,8155
2390,19578880,0.00010240927869409515,0.7043790221214294,5.189986228942871,8152
2391,19587072,0.00010234795175334767,0.7393766045570374,5.141191005706787,8149
2392,19595264,0.00010228741338893873,0.7406638860702515,5.10868501663208,8150
2393,19603456,0.00010222766370751151,0.7291857004165649,5.175801753997803,8155
2394,19611648,0.00010216870281432012,0.7991208434104919,5.0892252922058105,8155
2395,19619840,0.00010211053081322912,0.7612311840057373,5.19625997543335,8155
2396,19628032,0.00010205314780671323,0.6985878348350525,5.107908248901367,8154
2397,19636224,0.00010199655389585747,0.7811118364334106,5.160861492156982,8154
2398,19644416,0.00010194074918035673,0.7783305644989014,5.153323650360107,8153
2399,19652608,0.00010188573375851561,0.7766554355621338,5.014615535736084,8153
2400,19660800,0.00010183150772724841,0.781012237071991,5.191491603851318,8150
2401,19668992,0.00010177807118207875,0.7689119577407837,5.099827289581299,8153
2402,19677184,0.00010172542421713953,0.6990562081336975,5.00124979019165,8151
2403,19685376,0.00010167356692517284,0.7016425132751465,5.0905303955078125,8153
2404,19693568,0.00010162249939752957,0.7229283452033997,4.923247814178467,8149
2405,19701760,0.00010157222172416943,0.7820127010345459,5.137791633605957,8154
2406,19709952,0.00010152273399366069,0.7855188250541687,5.129522323608398,8154
2407,19718144,0.00010147403629318018,0.7667988538742065,5.179291725158691,8156
2408,19726336,0.0001014261287085129,0.7321224212646484,5.11177921295166,8153
2409,19734528,0.00010137901132405204,0.722465455532074,5.114619731903076,8154
2410,19742720,0.0001013326842227988,0.7445840239524841,5.104652404785156,8157
2411,19750912,0.00010128714748636227,0.732928454875946,5.099798202514648,8157
2412,19759104,0.00010124240119495915,0.7383809685707092,5.210608959197998,8152
2413,19767296,0.00010119844542741376,0.728377640247345,5.096341133117676,8152
2414,19775488,0.00010115528026115791,0.7851312756538391,5.077749729156494,8153
2415,19783680,0.00010111290577223051,0.790816605091095,5.128710746765137,8156
2416,19791872,0.00010107132203527787,0.7721916437149048,5.087946891784668,8154
2417,19800064,0.00010103052912355308,0.7436513900756836,5.08653450012207,8151
2418,19808256,0.00010099052710891636,0.7357260584831238,5.125131130218506,8154
2419,19816448,0.00010095131606183454,0.7225674390792847,4.909618377685547,8150
2420,19824640,0.00010091289605138118,0.7257406115531921,5.004337310791016,8151
2421,19832832,0.00010087526714523627,0.7378329038619995,5.153752326965332,8157
2422,19841024,0.00010083842940968626,0.7195420265197754,5.1490373611450195,8150
2423,19849216,0.00010080238290962397,0.7210434675216675,5.039063453674316,8155
2424,19857408,0.00010076712770854822,0.7705121040344238,5.133941173553467,8153
2425,19865600,0.00010073266386856397,0.7495381832122803,5.122010231018066,8150
2426,19873792,0.00010069899145038222,0.7232518792152405,5.211447238922119,8155
2427,19881984,0.00010066611051331972,0.7273802161216736,5.086347579956055,8155
2428,19890176,0.00010063402111529898,0.717299222946167,5.123241901397705,8153
2429,19898368,0.00010060272331284806,0.7324441075325012,5.045382499694824,8156
2430,19906560,0.00010057221716110076,0.7255457043647766,5.1390061378479,8150
2431,19914752,0.0001005425027137961,0.7368013858795166,5.187219142913818,8153
2432,19922944,0.00010051358002327868,0.7690984010696411,5.154788494110107,8153
2433,19931136,0.00010048544914049808,0.7412985563278198,5.126077175140381,8151
2434,19939328,0.00010045811011500932,0.7818474173545837,5.117796421051025,8150
2435,19947520,0.00010043156299497227,0.6942346096038818,5.035002708435059,8157
2436,19955712,0.00010040580782715193,0.7784157395362854,4.967762470245361,8150
2437,19963904,0.0001003808446569182,0.7529769539833069,5.105892658233643,8152
2438,19972096,0.00010035667352824572,0.7719370126724243,5.230853080749512,8152
2439,19980288,0.000100333294483714,0.750010073184967,5.249250411987305,8154
2440,19988480,0.00010031070756450717,0.7307013273239136,5.0770416259765625,8153
2441,19996672,0.00010028891281041395,0.7536476850509644,4.934763431549072,8153
2442,20004864,0.00010026791025982762,0.8067883253097534,5.19897985458374,8155
2443,20013056,0.00010024769994974589,0.7809318900108337,5.191816806793213,8153
2444,20021248,0.00010022828191577092,0.7834034562110901,5.051520347595215,8150
2445,20029440,0.00010020965619210922,0.7480430603027344,5.210009574890137,8154
2446,20037632,0.00010019182281157154,0.7119755744934082,5.051507949829102,8153
2447,20045824,0.00010017478180557287,0.7560450434684753,5.163375377655029,8153
2448,20054016,0.00010015853320413234,0.751037061214447,5.19939661026001,8155
2449,20062208,0.00010014307703587317,0.7513167262077332,5.124946594238281,8156
2450,20070400,0.0001001284133280228,0.7469477653503418,5.18632698059082,8154
2451,20078592,0.00010011454210641246,0.7697283029556274,5.030041217803955,8154
2452,20086784,0.00010010146339547756,0.7182733416557312,5.135136604309082,8152
2453,20094976,0.00010008917721825726,0.7831270098686218,5.232487201690674,8150
2454,20103168,0.00010007768359639475,0.8307958245277405,5.239280700683594,8151
2455,20111360,0.00010006698255013694,0.7343862652778625,5.00565767288208,8154
2456,20119552,0.00010005707409833464,0.7829973697662354,5.107356071472168,8153
2457,20127744,0.0001000479582584424,0.7780832648277283,5.14777946472168,8153
2458,20135936,0.00010003963504651853,0.7692368030548096,5.059422492980957,8152
2459,20144128,0.00010003210447722508,0.7481068968772888,4.981476306915283,8154
2460,20152320,0.00010002536656382781,0.7473199367523193,5.100100994110107,8146
2461,20160512,0.00010001942131819601,0.7621567249298096,5.149131774902344,8154
2462,20168704,0.0001000142687508028,0.7421491742134094,5.071404457092285,8150
2463,20176896,0.0001000099088707249,0.7712469100952148,5.104738235473633,8154
2464,20185088,0.00010000634168564247,0.7775452136993408,4.871425151824951,8152
2465,20193280,0.00010000356720183952,0.7671763896942139,5.1459126472473145,8154
2466,20201472,0.00010000158542420348,0.7052555680274963,5.019606113433838,8147
2467,20209664,0.00010000039635622545,0.7048048377037048,5.1204705238342285,8150
