step,tokens,lr,grad_norm,train_L1,n1,train_L2,n2
1,8192,1e-05,9.146794319152832,10.921483993530273,8154,10.919614791870117,8116
2,16384,2e-05,8.733033180236816,10.889542579650879,8154,10.86357593536377,8116
3,24576,3e-05,7.715433120727539,10.814958572387695,8149,10.79679012298584,8106
4,32768,4e-05,6.438563346862793,10.736292839050293,8152,10.713955879211426,8112
5,40960,5e-05,5.401364803314209,10.641928672790527,8154,10.644558906555176,8116
6,49152,6e-05,4.496550559997559,10.59736156463623,8150,10.574131965637207,8108
7,57344,7.000000000000001e-05,3.7712976932525635,10.511253356933594,8153,10.523223876953125,8114
8,65536,8e-05,3.630143880844116,10.443548202514648,8156,10.416703224182129,8120
9,73728,9e-05,2.9857873916625977,10.394533157348633,8152,10.417282104492188,8113
10,81920,0.0001,3.0100457668304443,10.325994491577148,8145,10.359357833862305,8098
11,90112,0.00010999999999999999,2.828770637512207,10.294644355773926,8147,10.323737144470215,8102
12,98304,0.00012,2.679067850112915,10.2665433883667,8152,10.317999839782715,8112
13,106496,0.00013000000000000002,2.666936159133911,10.221942901611328,8147,10.247867584228516,8102
14,114688,0.00014000000000000001,2.606997013092041,10.192154884338379,8155,10.208478927612305,8118
15,122880,0.00015,2.492131233215332,10.152532577514648,8151,10.191405296325684,8110
16,131072,0.00016,2.6513209342956543,10.042630195617676,8147,10.078734397888184,8103
17,139264,0.00017,2.6106698513031006,10.016729354858398,8150,10.034663200378418,8108
18,147456,0.00018,2.453125238418579,9.975813865661621,8151,9.98108959197998,8110
19,155648,0.00018999999999999998,2.5426297187805176,9.875022888183594,8154,9.90366268157959,8116
20,163840,0.0002,2.39776611328125,9.842437744140625,8154,9.860095977783203,8116
21,172032,0.00021,2.60723614692688,9.729795455932617,8154,9.722332954406738,8116
22,180224,0.00021999999999999998,2.5218825340270996,9.676791191101074,8156,9.679156303405762,8120
23,188416,0.00023,2.5712409019470215,9.549403190612793,8154,9.549056053161621,8116
24,196608,0.00024,2.3669593334198,9.5184907913208,8154,9.511388778686523,8116
25,204800,0.00025,2.5002615451812744,9.378141403198242,8153,9.364416122436523,8114
26,212992,0.00026000000000000003,2.4203193187713623,9.33329963684082,8153,9.329851150512695,8114
27,221184,0.00027,2.4501125812530518,9.273653030395508,8150,9.26294231414795,8108
28,229376,0.00028000000000000003,2.4500272274017334,9.126708984375,8148,9.1349458694458,8104
29,237568,0.00029,2.356417179107666,9.07937240600586,8155,9.094901084899902,8118
30,245760,0.0003,2.3160881996154785,8.992090225219727,8156,8.993244171142578,8120
31,253952,0.00031,2.39789080619812,8.836398124694824,8150,8.865130424499512,8110
32,262144,0.00032,2.3395931720733643,8.77244758605957,8154,8.803448677062988,8116
33,270336,0.00033,2.241612195968628,8.730764389038086,8154,8.742208480834961,8116
34,278528,0.00034,2.478048801422119,8.580848693847656,8154,8.621224403381348,8116
35,286720,0.00035000000000000005,2.283859968185425,8.476709365844727,8156,8.507833480834961,8120
36,294912,0.00036,2.3940443992614746,8.433076858520508,8153,8.467586517333984,8114
37,303104,0.00037,2.2875924110412598,8.333599090576172,8149,8.366947174072266,8106
38,311296,0.00037999999999999997,2.190730094909668,8.283475875854492,8153,8.32159423828125,8114
39,319488,0.00039,2.2460150718688965,8.15080451965332,8155,8.195350646972656,8118
40,327680,0.0004,2.158212423324585,8.132034301757812,8152,8.180216789245605,8112
41,335872,0.00041,1.9643275737762451,8.064107894897461,8152,8.124975204467773,8112
42,344064,0.00042,1.8042490482330322,8.017526626586914,8150,8.078337669372559,8108
43,352256,0.00043000000000000004,1.9185235500335693,7.940553188323975,8150,8.029692649841309,8108
44,360448,0.00043999999999999996,1.7749799489974976,7.827566146850586,8152,7.913363456726074,8112
45,368640,0.00045,1.6310608386993408,7.82429838180542,8152,7.913779258728027,8112
46,376832,0.00046,1.4922473430633545,7.772328853607178,8153,7.842320442199707,8114
47,385024,0.00047,1.5278571844100952,7.620701313018799,8153,7.71998405456543,8114
48,393216,0.00048,1.1884253025054932,7.710205078125,8153,7.827942371368408,8114
49,401408,0.00049,1.0959968566894531,7.705508232116699,8155,7.845596790313721,8118
50,409600,0.0005,0.8765849471092224,7.6396708488464355,8153,7.774386882781982,8114
51,417792,0.00051,0.8587698340415955,7.474822521209717,8154,7.6074419021606445,8116
52,425984,0.0005200000000000001,0.7333726286888123,7.657169342041016,8148,7.8078508377075195,8104
53,434176,0.00053,1.9560651779174805,7.447700500488281,8153,7.654977798461914,8115
54,442368,0.00054,0.8857770562171936,7.534677982330322,8153,7.685220241546631,8114
55,450560,0.00055,0.948448657989502,7.463916301727295,8151,7.628817558288574,8110
56,458752,0.0005600000000000001,1.6681458950042725,7.526756763458252,8149,7.739368438720703,8106
57,466944,0.00057,1.136170506477356,7.478982925415039,8154,7.6731648445129395,8116
58,475136,0.00058,0.8106738924980164,7.542168140411377,8146,7.743370056152344,8100
59,483328,0.00059,1.116094946861267,7.5052289962768555,8153,7.71972131729126,8114
60,491520,0.0006,0.5740922093391418,7.485342979431152,8151,7.728705883026123,8110
61,499712,0.00061,0.823249876499176,7.401488780975342,8152,7.653373718261719,8112
62,507904,0.00062,0.8960792422294617,7.51590633392334,8146,7.755075931549072,8100
63,516096,0.00063,0.8175885677337646,7.333884239196777,8154,7.622004508972168,8116
64,524288,0.00064,0.7817705273628235,7.304698944091797,8153,7.561924457550049,8114
65,532480,0.00065,0.7401531934738159,7.349328517913818,8156,7.605916976928711,8120
66,540672,0.00066,0.8218631148338318,7.467750072479248,8154,7.730881690979004,8116
67,548864,0.00067,0.9444776773452759,7.332211017608643,8151,7.6295623779296875,8110
68,557056,0.00068,1.361507773399353,7.466612339019775,8154,7.750511169433594,8116
69,565248,0.0006900000000000001,0.807956337928772,7.218535423278809,8153,7.541725158691406,8114
70,573440,0.0007000000000000001,0.7287328839302063,7.336113452911377,8154,7.645341873168945,8116
71,581632,0.0007100000000000001,0.6825098991394043,7.374837875366211,8150,7.70538854598999,8108
72,589824,0.00072,0.8174291253089905,7.154427528381348,8152,7.501793384552002,8112
73,598016,0.00073,0.7857181429862976,7.3868489265441895,8152,7.68688440322876,8112
74,606208,0.00074,1.1058584451675415,7.282483100891113,8151,7.625371932983398,8110
75,614400,0.00075,0.981256902217865,7.317148685455322,8151,7.670343399047852,8110
76,622592,0.0007599999999999999,0.7706387042999268,7.210965156555176,8148,7.575440406799316,8104
77,630784,0.00077,0.6104192137718201,7.214935302734375,8153,7.584016799926758,8114
78,638976,0.00078,0.7130358815193176,7.294683456420898,8149,7.668335437774658,8107
79,647168,0.00079,0.6691551804542542,7.162903785705566,8153,7.577586650848389,8114
80,655360,0.0008,0.7320048213005066,7.165048122406006,8155,7.562806606292725,8119
81,663552,0.0008100000000000001,0.7979710698127747,7.1444268226623535,8150,7.551185607910156,8109
82,671744,0.00082,0.7250873446464539,7.096065044403076,8150,7.536026954650879,8108
83,679936,0.00083,0.7300221920013428,7.1572957038879395,8151,7.62661075592041,8110
84,688128,0.00084,0.6223931908607483,7.102180004119873,8151,7.534317493438721,8111
85,696320,0.0008500000000000001,0.7491735219955444,7.007400989532471,8153,7.448807716369629,8114
86,704512,0.0008600000000000001,0.7456663250923157,7.0840582847595215,8146,7.507928371429443,8100
87,712704,0.0008700000000000001,0.7325357794761658,7.251120567321777,8152,7.673827171325684,8112
88,720896,0.0008799999999999999,0.8991748690605164,7.168774127960205,8148,7.6231770515441895,8104
89,729088,0.00089,1.2659838199615479,7.180881977081299,8147,7.615243434906006,8102
90,737280,0.0009,0.7494590878486633,7.037074089050293,8152,7.519680500030518,8112
91,745472,0.00091,0.8190658688545227,7.0779709815979,8156,7.575981140136719,8120
92,753664,0.00092,0.7879770398139954,7.036212921142578,8151,7.504798412322998,8110
93,761856,0.0009299999999999999,0.8145493865013123,7.037635326385498,8150,7.502620697021484,8108
94,770048,0.00094,0.7303528189659119,6.979947566986084,8154,7.501186847686768,8116
95,778240,0.00095,1.092568278312683,7.019752502441406,8153,7.526250839233398,8114
96,786432,0.00096,1.2347508668899536,7.0996832847595215,8151,7.595923900604248,8110
97,794624,0.00097,0.9703940749168396,7.029191970825195,8154,7.535223484039307,8116
98,802816,0.00098,0.7487237453460693,7.0046916007995605,8151,7.512065410614014,8110
99,811008,0.00099,0.7922180891036987,7.109706401824951,8154,7.602575302124023,8116
100,819200,0.001,0.8125109076499939,6.7457451820373535,8153,7.338640213012695,8114
101,827392,0.001,1.0854320526123047,6.901839256286621,8149,7.4373064041137695,8106
102,835584,0.0009999996036437746,0.9182254076004028,6.99731969833374,8148,7.526951313018799,8104
103,843776,0.0009999984145757964,0.9118240475654602,7.0627923011779785,8149,7.577098369598389,8106
104,851968,0.0009999964327981605,0.9823203086853027,6.941482067108154,8158,7.49549674987793,8124
105,860160,0.0009999936583143575,0.8078069686889648,6.876474380493164,8152,7.435698509216309,8112
106,868352,0.000999990091129275,0.9803487062454224,6.8283915519714355,8153,7.414185523986816,8114
107,876544,0.0009999857312491972,0.8158140778541565,6.807497024536133,8153,7.410702228546143,8114
108,884736,0.000999980578681804,0.7252519130706787,6.963343620300293,8154,7.524490833282471,8116
109,892928,0.000999974633436172,0.9200175404548645,7.0736517906188965,8151,7.641596794128418,8110
110,901120,0.000999967895522775,0.7985612154006958,6.826010227203369,8155,7.420359134674072,8118
111,909312,0.0009999603649534815,0.7084755897521973,6.908085346221924,8148,7.486884593963623,8104
112,917504,0.0009999520417415576,0.7788367867469788,6.982540130615234,8152,7.550709247589111,8112
113,925696,0.0009999429259016654,0.8556850552558899,6.904489517211914,8153,7.487110614776611,8114
114,933888,0.0009999330174498631,0.771880567073822,6.823896884918213,8150,7.399393558502197,8108
115,942080,0.0009999223164036052,0.7679134607315063,6.822634220123291,8151,7.4042863845825195,8110
116,950272,0.0009999108227817428,0.7611312866210938,6.874370098114014,8153,7.459017753601074,8114
117,958464,0.0009998985366045225,0.8673156499862671,6.868772029876709,8151,7.493940353393555,8110
118,966656,0.0009998854578935875,0.6984243988990784,6.74104118347168,8152,7.355568885803223,8112
119,974848,0.000999871586671977,0.8837257027626038,6.833638668060303,8153,7.442222595214844,8114
120,983040,0.0009998569229641267,0.8330671787261963,6.862297534942627,8152,7.4667277336120605,8112
121,991232,0.0009998414667958676,0.7840473055839539,6.767702102661133,8151,7.402915000915527,8110
122,999424,0.0009998252181944271,0.7256577014923096,6.711647033691406,8153,7.330277919769287,8114
123,1007616,0.0009998081771884285,0.7240152359008789,6.788124084472656,8152,7.404941082000732,8112
124,1015808,0.0009997903438078908,0.7683645486831665,6.859749794006348,8151,7.463959693908691,8110
125,1024000,0.000999771718084229,0.7956563830375671,6.8132100105285645,8153,7.449154376983643,8114
126,1032192,0.000999752300050254,0.8941540122032166,6.882968425750732,8154,7.494027614593506,8117
127,1040384,0.0009997320897401722,0.7023416757583618,6.788902282714844,8152,7.415045738220215,8112
128,1048576,0.000999711087189586,0.9421459436416626,6.753888130187988,8154,7.392465591430664,8116
129,1056768,0.0009996892924354927,0.7026204466819763,6.659773826599121,8152,7.315938949584961,8112
130,1064960,0.000999666705516286,0.9359428882598877,6.828542232513428,8151,7.448023796081543,8111
131,1073152,0.0009996433264717543,0.7207581400871277,6.723348617553711,8156,7.350869178771973,8121
132,1081344,0.0009996191553430817,0.7859442234039307,6.674790859222412,8155,7.349940299987793,8118
133,1089536,0.000999594192172848,0.7716623544692993,6.910391330718994,8153,7.527133941650391,8114
134,1097728,0.0009995684370050276,0.65571129322052,6.742371559143066,8154,7.365981578826904,8116
135,1105920,0.0009995418898849906,0.6990920305252075,6.6738457679748535,8155,7.330648422241211,8118
136,1114112,0.0009995145508595019,0.7713411450386047,6.85823392868042,8149,7.483588695526123,8106
137,1122304,0.0009994864199767213,0.6949679851531982,6.6948161125183105,8156,7.349184036254883,8120
138,1130496,0.0009994574972862038,0.7866661548614502,6.747776031494141,8149,7.39033317565918,8106
139,1138688,0.0009994277828388992,0.9501957297325134,6.792791366577148,8156,7.457120895385742,8120
140,1146880,0.0009993972766871519,0.7202597856521606,6.750277996063232,8150,7.437414646148682,8108
141,1155072,0.000999365978884701,0.6834874749183655,6.713423728942871,8151,7.391307830810547,8110
142,1163264,0.0009993338894866803,0.7306491136550903,6.631946086883545,8150,7.311799049377441,8108
143,1171456,0.0009993010085496178,0.7095589637756348,6.704163551330566,8155,7.364406585693359,8118
144,1179648,0.0009992673361314361,0.9620149731636047,6.553882122039795,8151,7.237288951873779,8110
145,1187840,0.0009992328722914518,1.0226202011108398,6.79107141494751,8152,7.448971271514893,8112
146,1196032,0.000999197617090376,0.814245879650116,6.6957526206970215,8151,7.351022720336914,8110
147,1204224,0.0009991615705903136,0.777942955493927,6.8678388595581055,8152,7.50036096572876,8112
148,1212416,0.0009991247328547637,0.8509873151779175,6.737470626831055,8149,7.383040904998779,8106
149,1220608,0.0009990871039486189,0.9544624090194702,6.725709438323975,8150,7.386890411376953,8108
150,1228800,0.0009990486839381654,0.7467954754829407,6.699150085449219,8153,7.381383419036865,8114
151,1236992,0.0009990094728910836,0.7714920043945312,6.599920749664307,8152,7.326812267303467,8112
152,1245184,0.000998969470876447,0.6710430979728699,6.5651068687438965,8150,7.2581024169921875,8108
153,1253376,0.0009989286779647222,0.8690941333770752,6.701024055480957,8152,7.3813862800598145,8112
154,1261568,0.0009988870942277694,0.6909855008125305,6.6819658279418945,8154,7.358823299407959,8116
155,1269760,0.0009988447197388421,0.9050425887107849,6.67595911026001,8151,7.35883092880249,8110
156,1277952,0.000998801554572586,0.7466404438018799,6.622880935668945,8148,7.315830707550049,8105
157,1286144,0.0009987575988050408,0.939807116985321,6.708620548248291,8153,7.3835577964782715,8114
158,1294336,0.0009987128525136377,0.8114107847213745,6.638647079467773,8151,7.329963207244873,8110
159,1302528,0.0009986673157772012,0.7876714468002319,6.700553894042969,8151,7.378725528717041,8110
160,1310720,0.000998620988675948,0.8396209478378296,6.787904262542725,8153,7.425538063049316,8114
161,1318912,0.000998573871291487,0.693734347820282,6.533516883850098,8151,7.272180080413818,8111
162,1327104,0.0009985259637068197,0.7544106245040894,6.593834400177002,8157,7.2938032150268555,8122
163,1335296,0.0009984772660063391,0.7259770631790161,6.633148193359375,8150,7.338808059692383,8108
164,1343488,0.0009984277782758306,0.7063961029052734,6.620921611785889,8155,7.3257269859313965,8118
165,1351680,0.0009983775006024704,0.8467500805854797,6.676540851593018,8151,7.358335971832275,8110
166,1359872,0.0009983264330748272,0.7314804196357727,6.706046104431152,8149,7.403872489929199,8106
167,1368064,0.0009982745757828604,0.8247287273406982,6.774300575256348,8154,7.459816932678223,8116
168,1376256,0.0009982219288179213,0.8887693285942078,6.609348773956299,8154,7.312899112701416,8116
169,1384448,0.0009981684922727517,0.7601500749588013,6.657594203948975,8150,7.368056774139404,8110
170,1392640,0.0009981142662414844,0.8250923752784729,6.694816589355469,8153,7.401934623718262,8115
171,1400832,0.0009980592508196432,0.8015575408935547,6.676753044128418,8152,7.409055709838867,8112
172,1409024,0.0009980034461041425,0.7175700664520264,6.449848175048828,8156,7.1807355880737305,8120
173,1417216,0.0009979468521932866,1.9057869911193848,6.813828468322754,8151,7.513813018798828,8110
174,1425408,0.0009978894691867709,0.757862389087677,6.614167213439941,8151,7.354037284851074,8111
175,1433600,0.0009978312971856797,0.986314058303833,6.643786907196045,8156,7.388245582580566,8120
176,1441792,0.0009977723362924885,0.7703352570533752,6.607521057128906,8153,7.304031848907471,8114
177,1449984,0.0009977125866110614,1.3437548875808716,6.717465400695801,8152,7.39085054397583,8112
178,1458176,0.0009976520482466522,0.701479434967041,6.609757900238037,8155,7.309872150421143,8118
179,1466368,0.0009975907213059048,1.0181968212127686,6.668459415435791,8150,7.372588157653809,8108
180,1474560,0.0009975286058968515,0.785075843334198,6.725046634674072,8150,7.447243690490723,8109
181,1482752,0.0009974657021289137,0.7751628756523132,6.538978099822998,8153,7.27693510055542,8115
182,1490944,0.0009974020101129017,0.7636273503303528,6.519199371337891,8155,7.234992027282715,8118
183,1499136,0.0009973375299610141,0.7229953408241272,6.621771335601807,8154,7.345057487487793,8116
184,1507328,0.0009972722617868385,0.7179139852523804,6.701567649841309,8155,7.427232265472412,8118
185,1515520,0.0009972062057053497,0.7497599124908447,6.604450225830078,8151,7.309065818786621,8110
186,1523712,0.0009971393618329113,0.7569486498832703,6.708218574523926,8156,7.438453674316406,8120
187,1531904,0.0009970717302872742,0.7157741189002991,6.686771869659424,8153,7.4092888832092285,8114
188,1540096,0.0009970033111875772,0.8045774102210999,6.639473915100098,8150,7.35705041885376,8108
189,1548288,0.000996934104654346,0.7519628405570984,6.582575798034668,8150,7.328944206237793,8108
190,1556480,0.0009968641108094938,0.6990029811859131,6.6039958000183105,8154,7.321678638458252,8116
191,1564672,0.0009967933297763203,0.7674117088317871,6.515784740447998,8151,7.280400276184082,8110
192,1572864,0.0009967217616795128,0.755020022392273,6.515259742736816,8155,7.269781589508057,8118
193,1581056,0.000996649406645144,0.6905412673950195,6.657699108123779,8147,7.363618850708008,8103
194,1589248,0.0009965762648006732,0.6873378753662109,6.76447868347168,8154,7.471189975738525,8118
195,1597440,0.0009965023362749463,0.8267606496810913,6.5305304527282715,8152,7.256636619567871,8112
196,1605632,0.000996427621198194,0.8216550350189209,6.622578144073486,8152,7.342572212219238,8112
197,1613824,0.0009963521197020337,0.6805446743965149,6.672538757324219,8154,7.397454738616943,8116
198,1622016,0.0009962758319194672,0.7969045042991638,6.56210470199585,8152,7.300806522369385,8112
199,1630208,0.000996198757984882,0.7139000296592712,6.7079877853393555,8155,7.441418647766113,8118
200,1638400,0.0009961208980340498,0.8087753057479858,6.436325550079346,8150,7.18037223815918,8108
201,1646592,0.0009960422522041277,0.7777999043464661,6.443848609924316,8148,7.176675796508789,8104
202,1654784,0.0009959628206336571,0.7127918004989624,6.515866279602051,8152,7.263527870178223,8112
203,1662976,0.0009958826034625631,0.8278511166572571,6.563920497894287,8148,7.303153038024902,8104
204,1671168,0.0009958016008321548,0.8158980011940002,6.4706597328186035,8150,7.207515716552734,8108
205,1679360,0.0009957198128851255,0.7908819913864136,6.546185493469238,8147,7.278685569763184,8104
206,1687552,0.0009956372397655507,0.9332225918769836,6.563360691070557,8153,7.294214725494385,8114
207,1695744,0.0009955538816188907,0.7490839958190918,6.565423011779785,8157,7.313250541687012,8122
208,1703936,0.0009954697385919872,0.7275078296661377,6.501968860626221,8146,7.295185565948486,8101
209,1712128,0.0009953848108330654,0.8806158900260925,6.569550514221191,8148,7.303437232971191,8104
210,1720320,0.0009952990984917326,0.8329838514328003,6.606223106384277,8152,7.347042560577393,8112
211,1728512,0.0009952126017189781,0.6984336376190186,6.451490879058838,8154,7.22247314453125,8116
212,1736704,0.0009951253206671735,0.7802640199661255,6.589076519012451,8151,7.3378424644470215,8110
213,1744896,0.0009950372554900712,0.7834295034408569,6.585648059844971,8152,7.324953556060791,8112
214,1753088,0.0009949484063428054,0.9403985142707825,6.700992584228516,8152,7.430752754211426,8112
215,1761280,0.0009948587733818917,0.7333797216415405,6.4321608543396,8149,7.2089619636535645,8106
216,1769472,0.0009947683567652255,0.7353635430335999,6.473740100860596,8154,7.251464366912842,8116
217,1777664,0.0009946771566520835,0.959855854511261,6.4301652908325195,8152,7.186463832855225,8112
218,1785856,0.000994585173203122,0.745431661605835,6.580288410186768,8151,7.321924209594727,8110
219,1794048,0.000994492406580378,0.7080146074295044,6.530682563781738,8152,7.263729095458984,8112
220,1802240,0.000994398856947267,0.7292851805686951,6.518420219421387,8153,7.269570827484131,8114
221,1810432,0.000994304524468585,0.8348602652549744,6.49866247177124,8148,7.2451491355896,8104
222,1818624,0.0009942094093105063,0.7647083401679993,6.574202060699463,8154,7.329071998596191,8116
223,1826816,0.000994113511640584,0.8120782375335693,6.468753814697266,8150,7.214036464691162,8108
224,1835008,0.0009940168316277503,0.7413293719291687,6.349173069000244,8153,7.1271772384643555,8114
225,1843200,0.0009939193694423146,0.679555356502533,6.520092487335205,8154,7.286097526550293,8116
226,1851392,0.000993821125255965,0.7520527839660645,6.3528947830200195,8152,7.13176965713501,8112
227,1859584,0.0009937220992417665,0.8328668475151062,6.585658073425293,8153,7.327759265899658,8114
228,1867776,0.000993622291574162,0.8462522625923157,6.476612091064453,8150,7.259681701660156,8108
229,1875968,0.0009935217024289705,0.8999843597412109,6.431084156036377,8151,7.208734035491943,8110
230,1884160,0.0009934203319833888,0.7746657729148865,6.464658737182617,8154,7.23525333404541,8116
231,1892352,0.0009933181804159888,0.717817485332489,6.458771705627441,8150,7.244885444641113,8108
232,1900544,0.0009932152479067194,0.8968110084533691,6.493570804595947,8155,7.251272678375244,8118
233,1908736,0.0009931115346369045,0.7017332315444946,6.517195701599121,8151,7.2953200340271,8110
234,1916928,0.000993007040789244,0.7932265400886536,6.563058376312256,8156,7.309521198272705,8120
235,1925120,0.000992901766547812,0.7193263173103333,6.435081958770752,8151,7.212730884552002,8110
236,1933312,0.0009927957120980583,0.6659728288650513,6.485284328460693,8147,7.268063068389893,8102
237,1941504,0.0009926888776268063,0.791325569152832,6.515389919281006,8152,7.299513816833496,8112
238,1949696,0.0009925812633222542,0.7298783659934998,6.499975681304932,8151,7.279799938201904,8110
239,1957888,0.0009924728693739733,0.6878999471664429,6.377206802368164,8150,7.192580223083496,8109
240,1966080,0.0009923636959729084,0.7043580412864685,6.440913200378418,8153,7.231367111206055,8114
241,1974272,0.0009922537433113777,0.7968776822090149,6.511358261108398,8152,7.281479835510254,8112
242,1982464,0.0009921430115830724,0.7954086661338806,6.366636276245117,8150,7.16597843170166,8108
243,1990656,0.000992031500983055,0.7071736454963684,6.498599529266357,8148,7.270666599273682,8104
244,1998848,0.0009919192117077609,0.7812827825546265,6.453146457672119,8153,7.251541614532471,8114
245,2007040,0.000991806143954997,0.7203331589698792,6.334102630615234,8154,7.136159420013428,8116
246,2015232,0.0009916922979239416,0.7721441388130188,6.307153224945068,8149,7.08224630355835,8106
247,2023424,0.000991577673815144,0.9308652877807617,6.516221523284912,8149,7.271275520324707,8106
248,2031616,0.0009914622718305243,0.6656271815299988,6.503068923950195,8154,7.31173849105835,8116
249,2039808,0.0009913460921733722,0.980786919593811,6.368381500244141,8152,7.176423072814941,8112
250,2048000,0.000991229135048348,0.6715028285980225,6.459218978881836,8148,7.240964412689209,8104
251,2056192,0.0009911114006614819,0.7815129160881042,6.462103843688965,8158,7.247732639312744,8124
252,2064384,0.000990992889220172,0.7819335460662842,6.458807945251465,8152,7.244476318359375,8112
253,2072576,0.0009908736009331869,0.6347412467002869,6.405894756317139,8156,7.232335567474365,8120
254,2080768,0.0009907535360106623,0.8266613483428955,6.378915309906006,8151,7.197419166564941,8110
255,2088960,0.0009906326946641027,0.6892367005348206,6.525510787963867,8152,7.314807415008545,8112
256,2097152,0.0009905110771063802,0.8471035361289978,6.566113471984863,8157,7.323963642120361,8122
257,2105344,0.0009903886835517341,0.6481591463088989,6.511329174041748,8148,7.320452690124512,8104
258,2113536,0.0009902655142157712,0.8362289071083069,6.5738935470581055,8151,7.344375133514404,8110
259,2121728,0.0009901415693154643,0.8028783202171326,6.4893269538879395,8155,7.302008152008057,8118
260,2129920,0.0009900168490691525,0.7024421095848083,6.454381942749023,8153,7.2649922370910645,8114
261,2138112,0.0009898913536965411,0.7461708188056946,6.463037014007568,8155,7.260248184204102,8118
262,2146304,0.0009897650834187006,0.7360714077949524,6.472658157348633,8147,7.272365570068359,8102
263,2154496,0.0009896380384580667,0.7655586004257202,6.580204486846924,8154,7.348934650421143,8116
264,2162688,0.0009895102190384394,0.8435133099555969,6.397155284881592,8153,7.1951518058776855,8114
265,2170880,0.0009893816253849835,0.7375335693359375,6.384989261627197,8150,7.196493625640869,8108
266,2179072,0.0009892522577242275,0.6987890005111694,6.385411262512207,8153,7.186868190765381,8114
267,2187264,0.000989122116284063,0.7892135381698608,6.550314426422119,8150,7.3621673583984375,8108
268,2195456,0.000988991201293745,0.913515031337738,6.4755964279174805,8153,7.284245491027832,8114
269,2203648,0.0009888595129838914,0.7312694191932678,6.428728103637695,8155,7.234010219573975,8118
270,2211840,0.000988727051586482,0.8126499652862549,6.367361545562744,8151,7.206870079040527,8110
271,2220032,0.0009885938173348587,0.7182711362838745,6.479031562805176,8151,7.268555641174316,8110
272,2228224,0.0009884598104637245,0.7768124938011169,6.441996097564697,8151,7.231504440307617,8110
273,2236416,0.0009883250312091437,0.7855610847473145,6.5122971534729,8149,7.28579568862915,8106
274,2244608,0.0009881894798085412,0.7360997796058655,6.497918605804443,8152,7.333247661590576,8112
275,2252800,0.000988053156500702,0.8287097215652466,6.473982334136963,8154,7.287633895874023,8116
276,2260992,0.0009879160615257712,0.7875737547874451,6.243957042694092,8154,7.123121738433838,8116
277,2269184,0.000987778195125253,0.7779082655906677,6.467685222625732,8150,7.27506685256958,8108
278,2277376,0.0009876395575420102,0.7818856835365295,6.390506267547607,8153,7.205814361572266,8114
279,2285568,0.0009875001490202645,0.9801206588745117,6.560380935668945,8154,7.3469319343566895,8116
280,2293760,0.000987359969805596,0.7397710084915161,6.468558311462402,8148,7.252898693084717,8104
281,2301952,0.0009872190201449416,0.7506240010261536,6.42006778717041,8153,7.2287278175354,8114
282,2310144,0.0009870773002865962,0.7643470764160156,6.313426971435547,8154,7.1649065017700195,8116
283,2318336,0.0009869348104802108,0.7753275036811829,6.36919641494751,8154,7.148432731628418,8116
284,2326528,0.0009867915509767934,0.7825441956520081,6.39939546585083,8152,7.213780403137207,8112
285,2334720,0.0009866475220287074,0.7186245322227478,6.344485759735107,8156,7.161901473999023,8120
286,2342912,0.0009865027238896715,0.705800473690033,6.3428635597229,8153,7.137618064880371,8114
287,2351104,0.0009863571568147602,0.7832863330841064,6.260393142700195,8154,7.070599555969238,8116
288,2359296,0.0009862108210604017,0.7465084791183472,6.333385944366455,8153,7.165708065032959,8114
289,2367488,0.0009860637168843784,0.765791118144989,6.376285552978516,8152,7.169002532958984,8112
290,2375680,0.0009859158445458271,0.8255534172058105,6.373754978179932,8154,7.196126461029053,8116
291,2383872,0.0009857672043052368,0.7266178131103516,6.294702529907227,8148,7.147436618804932,8104
292,2392064,0.0009856177964244499,0.768334150314331,6.348930358886719,8155,7.176941394805908,8118
293,2400256,0.0009854676211666605,0.7119592428207397,6.359701156616211,8151,7.174103736877441,8110
294,2408448,0.000985316678796415,0.7208911180496216,6.2838544845581055,8150,7.110777378082275,8108
295,2416640,0.000985164969579611,0.7394945025444031,6.433039665222168,8152,7.272310733795166,8113
296,2424832,0.0009850124937834971,0.7797634601593018,6.341388702392578,8150,7.154101848602295,8108
297,2433024,0.0009848592516766717,0.6940324306488037,6.399919033050537,8149,7.2122802734375,8106
298,2441216,0.0009847052435290838,0.7271029353141785,6.353464126586914,8150,7.175631046295166,8108
299,2449408,0.0009845504696120314,0.7358543276786804,6.260427951812744,8151,7.10227632522583,8110
300,2457600,0.0009843949301981618,0.726121723651886,6.262308120727539,8150,7.081881046295166,8109
301,2465792,0.0009842386255614702,0.6847113966941833,6.377744674682617,8150,7.198581695556641,8108
302,2473984,0.0009840815559773008,0.7148018479347229,6.355386257171631,8152,7.182487964630127,8112
303,2482176,0.0009839237217223445,0.6739740967750549,6.492208480834961,8151,7.278533458709717,8110
304,2490368,0.0009837651230746394,0.8059243559837341,6.355645179748535,8154,7.176280975341797,8116
305,2498560,0.0009836057603135704,0.7107163667678833,6.425389766693115,8150,7.260210990905762,8108
306,2506752,0.0009834456337198681,0.7855045199394226,6.353246212005615,8152,7.174531936645508,8112
307,2514944,0.000983284743575609,0.6718334555625916,6.338135242462158,8154,7.152924060821533,8116
308,2523136,0.0009831230901642142,0.7608597278594971,6.301633834838867,8153,7.1450371742248535,8114
309,2531328,0.00098296067377045,0.7006822228431702,6.128216743469238,8149,6.996922492980957,8106
310,2539520,0.0009827974946804258,0.8464820384979248,6.380579948425293,8152,7.195653438568115,8112
311,2547712,0.000982633553181596,0.8615859746932983,6.325152397155762,8151,7.142524242401123,8110
312,2555904,0.0009824688495627563,0.7304254174232483,6.387643814086914,8148,7.220307350158691,8105
313,2564096,0.0009823033841140465,0.9419635534286499,6.181324481964111,8149,6.999266624450684,8106
314,2572288,0.0009821371571269474,0.7809233665466309,6.34486198425293,8149,7.195394992828369,8106
315,2580480,0.000981970168894282,0.8994049429893494,6.308216571807861,8153,7.128119468688965,8114
316,2588672,0.0009818024197102136,0.7187326550483704,6.347770690917969,8151,7.187573432922363,8110
317,2596864,0.0009816339098702466,0.7492524981498718,6.338567733764648,8153,7.164735317230225,8114
318,2605056,0.000981464639671225,0.8269757032394409,6.335697650909424,8154,7.134487152099609,8116
319,2613248,0.0009812946094113323,0.9197374582290649,6.37054967880249,8156,7.201097011566162,8120
320,2621440,0.0009811238193900911,0.870823085308075,6.286985397338867,8154,7.125102996826172,8116
321,2629632,0.0009809522699083621,0.7317246198654175,6.23733377456665,8155,7.03732442855835,8118
322,2637824,0.000980779961268344,0.8800123333930969,6.2784271240234375,8147,7.126674175262451,8102
323,2646016,0.0009806068937735731,0.7441918253898621,6.268092155456543,8154,7.127853870391846,8116
324,2654208,0.0009804330677289218,0.8189637064933777,6.255483627319336,8148,7.105829238891602,8104
325,2662400,0.000980258483440599,0.7490088939666748,6.2707977294921875,8154,7.136331558227539,8116
326,2670592,0.0009800831412161502,0.7400539517402649,6.391032695770264,8148,7.252567291259766,8104
327,2678784,0.0009799070413644547,0.7350200414657593,6.327014923095703,8152,7.183060646057129,8112
328,2686976,0.000979730184195727,0.9035437107086182,6.267508029937744,8152,7.085602283477783,8112
329,2695168,0.0009795525700215164,0.7442812323570251,6.395440578460693,8154,7.255972385406494,8116
330,2703360,0.000979374199154704,0.8173545002937317,6.299621105194092,8152,7.12398099899292,8112
331,2711552,0.0009791950719095059,0.7025706768035889,6.292776107788086,8152,7.139427661895752,8112
332,2719744,0.000979015188601469,0.7662985324859619,6.3546624183654785,8151,7.188974857330322,8110
333,2727936,0.0009788345495474733,0.7652930021286011,6.376460075378418,8154,7.204882621765137,8116
334,2736128,0.000978653155065729,0.789723813533783,6.1912007331848145,8154,7.0055718421936035,8116
335,2744320,0.0009784710054757779,0.7738227844238281,6.192933559417725,8155,7.036482334136963,8118
336,2752512,0.0009782881010984915,0.7459032535552979,6.225422382354736,8151,7.071866512298584,8110
337,2760704,0.000978104442256071,0.7939960360527039,6.326444149017334,8152,7.14124059677124,8112
338,2768896,0.000977920029272047,0.7853786945343018,6.339040756225586,8152,7.165116310119629,8112
339,2777088,0.000977734862471278,0.7258912920951843,6.222550868988037,8151,7.111250400543213,8110
340,2785280,0.000977548942179951,0.9188774824142456,6.358127117156982,8152,7.199587821960449,8112
341,2793472,0.00097736226872558,0.7339276671409607,6.329890727996826,8152,7.167252063751221,8112
342,2801664,0.000977174842437006,0.8268242478370667,6.3254594802856445,8150,7.167495250701904,8109
343,2809856,0.0009769866636443955,0.7378454208374023,6.30681037902832,8156,7.146841526031494,8120
344,2818048,0.0009767977326792414,0.7976913452148438,6.336578369140625,8153,7.17790412902832,8114
345,2826240,0.0009766080498743615,0.8395801782608032,6.293235778808594,8156,7.142993927001953,8120
346,2834432,0.0009764176155638976,0.8221259713172913,6.2510833740234375,8154,7.100363254547119,8116
347,2842624,0.0009762264300833157,0.7981894612312317,6.083746433258057,8153,6.95729398727417,8114
348,2850816,0.0009760344937694049,0.809715747833252,6.440271854400635,8153,7.253530979156494,8114
349,2859008,0.000975841806960277,0.8502917289733887,6.418302059173584,8148,7.2175140380859375,8104
350,2867200,0.0009756483699953657,0.7895805835723877,6.223962783813477,8156,7.0938944816589355,8121
351,2875392,0.0009754541832154266,0.7874780297279358,6.177075386047363,8153,7.0395894050598145,8114
352,2883584,0.0009752592469625357,0.8152744770050049,6.4123382568359375,8152,7.274470806121826,8112
353,2891776,0.0009750635615800895,0.8427726626396179,6.250710964202881,8154,7.10227632522583,8116
354,2899968,0.000974867127412804,0.8912762403488159,6.296199321746826,8154,7.124461650848389,8116
355,2908160,0.0009746699448067143,0.8529720902442932,6.372745513916016,8150,7.190154552459717,8108
356,2916352,0.0009744720141091741,0.8203016519546509,6.221269130706787,8152,7.077981472015381,8113
357,2924544,0.0009742733356688548,0.6825901865959167,6.309587478637695,8152,7.12459135055542,8112
358,2932736,0.0009740739098357448,0.8983452320098877,6.33201789855957,8150,7.200197696685791,8108
359,2940928,0.0009738737369611496,0.7621875405311584,6.378421306610107,8154,7.189416408538818,8116
360,2949120,0.0009736728173976902,0.7864353656768799,6.306840896606445,8152,7.153652191162109,8112
361,2957312,0.0009734711514993032,0.748723566532135,6.310693264007568,8151,7.175614833831787,8110
362,2965504,0.0009732687396212398,0.7685176730155945,6.1479620933532715,8154,7.040907859802246,8116
363,2973696,0.0009730655821200653,0.7229032516479492,6.292783737182617,8154,7.1475090980529785,8116
364,2981888,0.0009728616793536588,0.8406821489334106,6.2551727294921875,8151,7.103035926818848,8110
365,2990080,0.0009726570316812118,0.713015615940094,6.277475833892822,8152,7.128479480743408,8112
366,2998272,0.0009724516394632282,0.7805503606796265,6.168218612670898,8151,7.052689552307129,8110
367,3006464,0.0009722455030615235,0.7165354490280151,6.322442531585693,8150,7.15886116027832,8108
368,3014656,0.0009720386228392241,0.7553582191467285,6.256829261779785,8154,7.10779333114624,8116
369,3022848,0.0009718309991607671,0.8506119847297668,6.037256240844727,8151,6.892792224884033,8110
370,3031040,0.0009716226323918982,0.8255123496055603,6.158938407897949,8152,7.0059356689453125,8112
371,3039232,0.0009714135228996734,0.8392346501350403,6.270771026611328,8153,7.117386817932129,8114
372,3047424,0.0009712036710524562,0.735372006893158,6.146202087402344,8151,7.053318977355957,8110
373,3055616,0.0009709930772199181,0.9303669333457947,6.127016067504883,8150,7.002831935882568,8108
374,3063808,0.0009707817417730376,0.8597670197486877,6.213339328765869,8152,7.064084053039551,8112
375,3072000,0.0009705696650841,0.8104265332221985,6.381328582763672,8155,7.211667060852051,8118
376,3080192,0.0009703568475266958,0.7485835552215576,6.098837852478027,8155,6.96584939956665,8118
377,3088384,0.0009701432894757208,0.7776519656181335,6.227643966674805,8155,7.091270923614502,8118
378,3096576,0.0009699289913073754,0.7631214261054993,6.103370666503906,8154,6.996570110321045,8116
379,3104768,0.0009697139533991634,0.9692180156707764,6.228877067565918,8152,7.117554187774658,8112
380,3112960,0.0009694981761298924,0.8987650275230408,6.224874019622803,8155,7.0667595863342285,8118
381,3121152,0.0009692816598796717,0.8970634341239929,6.319082736968994,8155,7.179862022399902,8118
382,3129344,0.0009690644050299128,0.8310863971710205,6.141701698303223,8150,6.987917900085449,8108
383,3137536,0.0009688464119633282,0.7698596119880676,6.170975208282471,8154,7.041197776794434,8116
384,3145728,0.0009686276810639307,0.852149248123169,6.115524768829346,8153,7.0304951667785645,8114
385,3153920,0.0009684082127170333,0.806282639503479,6.255230903625488,8152,7.127442836761475,8112
386,3162112,0.0009681880073092473,0.8826385140419006,6.171093463897705,8149,7.051921844482422,8106
387,3170304,0.0009679670652284833,0.8162835836410522,6.260176181793213,8148,7.145793914794922,8104
388,3178496,0.000967745386863949,0.9329909682273865,6.265528678894043,8150,7.135796546936035,8108
389,3186688,0.0009675229726061491,0.8236189484596252,6.183103561401367,8151,7.084170818328857,8110
390,3194880,0.000967299822846885,0.8600723147392273,6.104639053344727,8152,6.976541519165039,8112
391,3203072,0.0009670759379792536,0.8585705757141113,6.166841506958008,8152,7.049335479736328,8112
392,3211264,0.0009668513183976467,0.8051372766494751,6.242095470428467,8154,7.104589939117432,8116
393,3219456,0.0009666259644977503,0.7373523712158203,6.2734503746032715,8153,7.1205620765686035,8114
394,3227648,0.0009663998766765441,0.7940727472305298,6.205814361572266,8153,7.089748382568359,8114
395,3235840,0.0009661730553323008,0.8663788437843323,6.179347515106201,8154,7.002151012420654,8116
396,3244032,0.0009659455008645848,0.8214132785797119,6.142264366149902,8155,7.0202836990356445,8118
397,3252224,0.0009657172136742524,0.8242816925048828,6.124908447265625,8155,6.981335639953613,8118
398,3260416,0.0009654881941634503,0.7689256072044373,6.124763011932373,8149,6.995471000671387,8106
399,3268608,0.0009652584427356155,0.8395721912384033,6.200520992279053,8151,7.055369853973389,8110
400,3276800,0.0009650279597954745,0.7812368273735046,6.150241374969482,8156,7.021731853485107,8120
401,3284992,0.0009647967457490418,0.9097249507904053,6.248420238494873,8152,7.134387969970703,8112
402,3293184,0.0009645648010036205,0.779148280620575,6.057766437530518,8146,6.962592601776123,8100
403,3301376,0.0009643321259678005,0.819142758846283,6.2092814445495605,8151,7.0817790031433105,8110
404,3309568,0.0009640987210514581,0.7245354056358337,6.190550804138184,8154,7.0380539894104,8116
405,3317760,0.0009638645866657556,0.7372016310691833,6.149518013000488,8150,7.010007381439209,8108
406,3325952,0.0009636297232231401,0.7531651854515076,6.177328586578369,8153,7.023628234863281,8115
407,3334144,0.0009633941311373433,0.8071813583374023,6.178703308105469,8150,7.041606903076172,8108
408,3342336,0.0009631578108233801,0.8022282123565674,6.195155143737793,8154,7.042553901672363,8117
409,3350528,0.0009629207626975484,0.7972123622894287,6.133413791656494,8157,7.017135143280029,8122
410,3358720,0.0009626829871774283,0.8348327279090881,6.2315354347229,8154,7.098763465881348,8116
411,3366912,0.0009624444846818812,0.8180882930755615,6.3024797439575195,8154,7.186566352844238,8117
412,3375104,0.0009622052556310489,0.7911672592163086,6.173486709594727,8151,7.059973239898682,8110
413,3383296,0.0009619653004463534,0.8366250395774841,6.249002456665039,8155,7.097275733947754,8118
414,3391488,0.0009617246195504958,0.7981112599372864,6.089903831481934,8153,6.978667259216309,8114
415,3399680,0.0009614832133674554,0.801891565322876,6.19759464263916,8148,7.085571765899658,8104
416,3407872,0.0009612410823224894,0.8602652549743652,6.154802322387695,8153,7.058287620544434,8114
417,3416064,0.0009609982268421316,0.8104813694953918,6.078461647033691,8153,6.966782093048096,8114
418,3424256,0.0009607546473541924,0.7843495607376099,6.139761447906494,8156,7.0128936767578125,8120
419,3432448,0.000960510344287757,0.7746458649635315,6.416738033294678,8154,7.260251522064209,8116
420,3440640,0.0009602653180731859,1.001020908355713,6.024909019470215,8150,6.938390731811523,8108
421,3448832,0.0009600195691421131,0.8236110806465149,6.197704315185547,8153,7.073583602905273,8114
422,3457024,0.0009597730979274456,0.8575729727745056,6.217739582061768,8153,7.111874580383301,8114
423,3465216,0.0009595259048633633,0.9013975858688354,6.200016498565674,8155,7.079381942749023,8118
424,3473408,0.000959277990385317,0.8662829399108887,6.042130470275879,8148,6.930047988891602,8105
425,3481600,0.000959029354930029,0.8420861959457397,6.072882175445557,8151,6.965358257293701,8110
426,3489792,0.0009587799989354911,0.8356646299362183,6.2305908203125,8153,7.111111164093018,8114
427,3497984,0.0009585299228409646,0.9343060255050659,6.201711177825928,8150,7.0837812423706055,8109
428,3506176,0.0009582791270869796,0.8634447455406189,6.32024621963501,8149,7.195921421051025,8106
429,3514368,0.0009580276121153336,0.8198503851890564,6.273542881011963,8153,7.162968635559082,8114
430,3522560,0.0009577753783690913,0.7932978272438049,6.1168212890625,8150,6.997189998626709,8108
431,3530752,0.000957522426292583,0.8279001116752625,6.179763317108154,8153,7.075592517852783,8114
432,3538944,0.0009572687563314051,0.8905687928199768,6.16803503036499,8154,7.030877590179443,8116
433,3547136,0.0009570143689324184,0.7970369458198547,6.178702354431152,8150,7.058355808258057,8108
434,3555328,0.0009567592645437474,0.7567030191421509,6.297104835510254,8155,7.14010763168335,8118
435,3563520,0.0009565034436147798,0.8219623565673828,6.088754653930664,8158,6.969295024871826,8124
436,3571712,0.0009562469065961654,0.7383962273597717,6.087101459503174,8149,7.010178565979004,8106
437,3579904,0.0009559896539398155,0.7684469223022461,6.133541107177734,8151,7.006595611572266,8110
438,3588096,0.000955731686098902,0.7218210101127625,6.267900466918945,8150,7.169390678405762,8109
439,3596288,0.0009554730035278568,0.7169038653373718,6.106443881988525,8151,7.013381004333496,8110
440,3604480,0.0009552136066823707,0.814889132976532,6.242964744567871,8150,7.114056587219238,8108
441,3612672,0.000954953496019393,0.8088110089302063,6.263471603393555,8155,7.176231861114502,8118
442,3620864,0.0009546926719971301,0.8976529836654663,6.187831401824951,8156,7.061483860015869,8120
443,3629056,0.0009544311350750454,0.754677414894104,6.2588582038879395,8153,7.111534595489502,8114
444,3637248,0.0009541688857138578,0.8460755348205566,6.18256139755249,8150,7.079097270965576,8108
445,3645440,0.0009539059243755413,0.8284499049186707,6.1373820304870605,8152,7.02094030380249,8112
446,3653632,0.0009536422515233244,0.792451798915863,6.277245044708252,8158,7.169687747955322,8124
447,3661824,0.0009533778676216886,0.7819285988807678,6.188848495483398,8149,7.09074592590332,8106
448,3670016,0.0009531127731363684,0.7738297581672668,6.10538911819458,8153,6.974404811859131,8114
449,3678208,0.0009528469685343495,0.8242234587669373,6.184309482574463,8151,7.05341911315918,8110
450,3686400,0.0009525804542838691,0.8110140562057495,6.002126216888428,8151,6.886950492858887,8110
451,3694592,0.0009523132308544138,0.7175552248954773,6.113805770874023,8156,7.0139970779418945,8120
452,3702784,0.0009520452987167204,0.9067663550376892,6.165656089782715,8154,7.105615139007568,8116
453,3710976,0.0009517766583427734,0.7336398363113403,6.047914028167725,8152,6.948506832122803,8113
454,3719168,0.0009515073102058054,0.8445099592208862,6.181128025054932,8146,7.065686225891113,8100
455,3727360,0.000951237254780295,0.7721970081329346,6.054685592651367,8151,6.952680587768555,8110
456,3735552,0.000950966492541968,0.7705420851707458,5.92126989364624,8145,6.828821659088135,8098
457,3743744,0.0009506950239677943,0.976105272769928,6.049239635467529,8152,6.920018196105957,8113
458,3751936,0.0009504228495359884,0.7827456593513489,6.183198928833008,8151,7.0569963455200195,8110
459,3760128,0.0009501499697260081,0.8839008212089539,6.178390979766846,8152,7.073534965515137,8112
460,3768320,0.000949876385018554,0.8932700753211975,6.095871448516846,8153,6.9987993240356445,8114
461,3776512,0.0009496020958955683,0.8307746648788452,6.034581184387207,8150,6.956967353820801,8108
462,3784704,0.0009493271028402343,0.7948155403137207,5.8390703201293945,8151,6.762133598327637,8111
463,3792896,0.0009490514063369749,0.8816186189651489,6.135753631591797,8151,7.051930904388428,8110
464,3801088,0.0009487750068714525,0.8443384766578674,6.029111862182617,8149,6.917256832122803,8107
465,3809280,0.0009484979049305681,1.0076770782470703,6.133967399597168,8153,7.036539077758789,8114
466,3817472,0.0009482201010024594,0.8027658462524414,5.962295055389404,8155,6.873443126678467,8118
467,3825664,0.000947941595576501,0.7813163995742798,6.1134538650512695,8152,7.018691539764404,8112
468,3833856,0.000947662389143304,0.7834790349006653,6.029664993286133,8151,6.9509596824646,8110
469,3842048,0.0009473824821947132,0.7833131551742554,6.17430305480957,8147,7.062743663787842,8102
470,3850240,0.0009471018752238085,0.8237422108650208,6.026641845703125,8153,6.937171936035156,8114
471,3858432,0.0009468205687249018,0.9632136821746826,5.945643901824951,8154,6.838850498199463,8116
472,3866624,0.0009465385631935385,0.8937275409698486,6.182622909545898,8147,7.048713684082031,8103
473,3874816,0.0009462558591264944,0.7770987153053284,6.083127021789551,8153,7.001621246337891,8114
474,3883008,0.0009459724570217765,0.8503578901290894,6.04767370223999,8154,6.945348262786865,8116
475,3891200,0.0009456883573786211,0.7824230194091797,6.068288803100586,8154,6.965061664581299,8116
476,3899392,0.0009454035606974934,0.7872592806816101,6.00603723526001,8154,6.900432586669922,8116
477,3907584,0.0009451180674800864,0.8241317272186279,6.062231063842773,8150,6.94342041015625,8108
478,3915776,0.0009448318782293201,0.9042462706565857,5.997827053070068,8153,6.918970108032227,8114
479,3923968,0.000944544993449341,0.786712646484375,6.101853847503662,8158,6.999487400054932,8124
480,3932160,0.0009442574136455201,0.892572820186615,6.138879776000977,8155,7.028511047363281,8118
481,3940352,0.0009439691393244535,0.8025838732719421,6.059695243835449,8152,6.943131923675537,8112
482,3948544,0.00094368017099396,0.7636295557022095,5.957526683807373,8155,6.886195182800293,8118
483,3956736,0.0009433905091630818,0.799606204032898,6.080630302429199,8151,6.996018409729004,8110
484,3964928,0.0009431001543420821,0.8608031868934631,5.968170642852783,8150,6.894920349121094,8108
485,3973120,0.0009428091070424452,0.7699476480484009,6.022362232208252,8159,6.974220275878906,8126
486,3981312,0.0009425173677768748,0.8488994240760803,6.00047492980957,8158,6.919081211090088,8124
487,3989504,0.0009422249370592945,0.777816116809845,6.133788108825684,8151,7.0439958572387695,8111
488,3997696,0.0009419318154048448,0.7935743927955627,6.134976387023926,8153,7.010292053222656,8114
489,4005888,0.0009416380033298842,0.7754428386688232,6.0871171951293945,8151,6.998266220092773,8110
490,4014080,0.0009413435013519869,0.8143194317817688,6.058132648468018,8153,6.9668378829956055,8114
491,4022272,0.0009410483099899428,0.7967218160629272,6.196336269378662,8151,7.0957560539245605,8110
492,4030464,0.000940752429763756,0.7652173638343811,5.9901018142700195,8154,6.92195987701416,8116
493,4038656,0.0009404558611946442,0.8969317674636841,6.060579299926758,8150,6.9965667724609375,8108
494,4046848,0.0009401586048050375,0.8286819458007812,6.139828205108643,8151,7.0337724685668945,8111
495,4055040,0.000939860661118578,0.9189959168434143,6.169721603393555,8155,7.05424690246582,8118
496,4063232,0.000939562030660118,0.8177046775817871,6.187993049621582,8152,7.102701663970947,8112
497,4071424,0.0009392627139557199,0.8748680949211121,6.106148719787598,8153,7.010208606719971,8114
498,4079616,0.0009389627115326554,0.7734562754631042,5.885651111602783,8149,6.818277359008789,8106
499,4087808,0.0009386620239194033,0.9412394165992737,5.9362688064575195,8148,6.890015602111816,8104
500,4096000,0.0009383606516456502,0.8886970281600952,6.097750663757324,8155,6.962870121002197,8118
501,4104192,0.0009380585952422879,0.9181503653526306,5.928740501403809,8154,6.850125789642334,8116
502,4112384,0.0009377558552414147,0.7811790704727173,6.1307759284973145,8155,7.035083770751953,8118
503,4120576,0.0009374524321763316,0.7903936505317688,5.934488296508789,8153,6.861137866973877,8114
504,4128768,0.0009371483265815439,0.7708173990249634,5.998458385467529,8153,6.912903308868408,8114
505,4136960,0.0009368435389927588,0.7487843632698059,6.075174331665039,8151,6.990004539489746,8110
506,4145152,0.000936538069946885,0.836392879486084,5.984130382537842,8150,6.899853706359863,8108
507,4153344,0.0009362319199820319,0.8217194080352783,6.048272609710693,8155,6.95849609375,8118
508,4161536,0.0009359250896375078,0.8487301468849182,6.0215630531311035,8151,6.944552421569824,8110
509,4169728,0.0009356175794538201,0.814672589302063,5.933318614959717,8152,6.870743274688721,8112
510,4177920,0.0009353093899726736,0.9086025357246399,5.973124980926514,8156,6.907054424285889,8120
511,4186112,0.0009350005217369695,0.902040958404541,6.161306858062744,8154,7.010500907897949,8116
512,4194304,0.000934690975290805,0.8364444971084595,5.946742534637451,8148,6.895888805389404,8104
513,4202496,0.0009343807511794721,0.8837897777557373,6.036886692047119,8154,6.942011833190918,8116
514,4210688,0.0009340698499494561,0.8020787239074707,6.009062767028809,8154,6.951751232147217,8116
515,4218880,0.0009337582721484357,0.88778156042099,6.168615341186523,8154,7.0794219970703125,8116
516,4227072,0.000933446018325281,0.8764574527740479,6.004673004150391,8152,6.944099426269531,8112
517,4235264,0.0009331330890300529,0.809099555015564,5.973508834838867,8150,6.900907039642334,8108
518,4243456,0.0009328194848140027,0.815008282661438,6.162594318389893,8155,7.075977802276611,8118
519,4251648,0.0009325052062295701,0.9132567048072815,6.110174179077148,8150,6.99699068069458,8108
520,4259840,0.0009321902538303831,0.8532932996749878,6.178920745849609,8151,7.053576946258545,8110
521,4268032,0.0009318746281712566,0.8150401711463928,6.030654430389404,8157,6.906463623046875,8122
522,4276224,0.0009315583298081915,0.9998424649238586,6.050076961517334,8149,6.988965034484863,8106
523,4284416,0.0009312413592983735,0.8279590010643005,6.011589050292969,8151,6.927223205566406,8110
524,4292608,0.0009309237172001725,0.8894874453544617,5.979597091674805,8153,6.907394886016846,8114
525,4300800,0.0009306054040731417,0.8555991053581238,6.035756587982178,8152,6.96343994140625,8112
526,4308992,0.0009302864204780161,0.8027782440185547,6.012132167816162,8151,6.928706645965576,8110
527,4317184,0.0009299667669767118,0.784468412399292,5.971175193786621,8151,6.9161152839660645,8110
528,4325376,0.0009296464441323251,0.9035671949386597,6.069205284118652,8155,6.988009929656982,8118
529,4333568,0.0009293254525091315,0.8448424935340881,6.047695636749268,8148,6.972987651824951,8104
530,4341760,0.000929003792672584,0.8379297852516174,5.995312690734863,8152,6.91129732131958,8112
531,4349952,0.0009286814651893135,0.8039255738258362,6.110201835632324,8155,7.030078411102295,8119
532,4358144,0.0009283584706271268,0.830022394657135,6.163636207580566,8151,7.0752763748168945,8110
533,4366336,0.0009280348095550054,0.8639148473739624,5.990983009338379,8154,6.945274829864502,8116
534,4374528,0.0009277104825431055,0.8080748319625854,6.01186990737915,8151,6.9388508796691895,8110
535,4382720,0.000927385490162756,0.8191797733306885,6.120409965515137,8150,7.043275833129883,8108
536,4390912,0.0009270598329864578,0.8693995475769043,5.973291873931885,8153,6.866647720336914,8114
537,4399104,0.0009267335115878835,0.9434546828269958,6.040760040283203,8156,6.953292369842529,8120
538,4407296,0.0009264065265418752,0.8451158404350281,6.0760369300842285,8153,6.967021465301514,8114
539,4415488,0.0009260788784244443,0.7886777520179749,5.918189525604248,8155,6.83978271484375,8118
540,4423680,0.0009257505678127703,0.8164332509040833,5.9990034103393555,8147,6.924315452575684,8102
541,4431872,0.0009254215952851993,0.8065068125724792,5.974855422973633,8153,6.927326679229736,8114
542,4440064,0.0009250919614212444,0.7875126004219055,5.933956146240234,8154,6.89163875579834,8116
543,4448256,0.0009247616668015827,0.8546096682548523,5.989177227020264,8147,6.9411702156066895,8102
544,4456448,0.0009244307120080557,0.8113705515861511,5.986114025115967,8153,6.929782867431641,8114
545,4464640,0.0009240990976236678,0.8502770066261292,5.946195602416992,8155,6.872873306274414,8118
546,4472832,0.0009237668242325854,0.8633795380592346,5.958058834075928,8152,6.8947978019714355,8112
547,4481024,0.0009234338924201358,0.777672529220581,6.003251552581787,8153,6.916184902191162,8114
548,4489216,0.0009231003027728059,0.7290410995483398,6.006541728973389,8156,6.971424102783203,8120
549,4497408,0.0009227660558782417,0.7826277613639832,5.9409589767456055,8146,6.884265422821045,8100
550,4505600,0.0009224311523252471,0.7506696581840515,5.891639232635498,8153,6.815690517425537,8115
551,4513792,0.0009220955927037823,0.760754406452179,5.889146327972412,8158,6.847302436828613,8124
552,4521984,0.0009217593776049635,0.8180163502693176,5.927123069763184,8152,6.848511695861816,8112
553,4530176,0.0009214225076210619,0.7689594626426697,6.022181034088135,8152,6.931005954742432,8112
554,4538368,0.0009210849833455019,0.8458356857299805,6.063811302185059,8153,6.992843151092529,8114
555,4546560,0.0009207468053728604,0.814242959022522,6.107163429260254,8148,7.008320331573486,8104
556,4554752,0.0009204079742988661,0.890938401222229,5.907362461090088,8150,6.829855918884277,8108
557,4562944,0.0009200684907203982,0.833734393119812,6.072798252105713,8149,6.987276077270508,8106
558,4571136,0.0009197283552354855,0.8965097665786743,6.05095100402832,8153,6.967001438140869,8114
559,4579328,0.0009193875684433046,0.8159558773040771,5.995885848999023,8153,6.919290542602539,8114
560,4587520,0.00091904613094418,0.8052223324775696,5.933050155639648,8154,6.87806510925293,8116
561,4595712,0.0009187040433395821,0.7883543968200684,5.9037652015686035,8149,6.863087177276611,8106
562,4603904,0.0009183613062321268,0.8226842880249023,6.003112316131592,8155,6.95906400680542,8118
563,4612096,0.000918017920225574,0.7558690905570984,5.896336078643799,8157,6.828826427459717,8122
564,4620288,0.0009176738859248269,0.8555687665939331,5.970064640045166,8152,6.903284549713135,8112
565,4628480,0.0009173292039359305,0.8025848269462585,6.05444860458374,8153,6.955868244171143,8114
566,4636672,0.0009169838748660706,0.8744489550590515,6.052170276641846,8153,6.970231533050537,8114
567,4644864,0.0009166378993235731,0.7722712159156799,5.952563285827637,8147,6.888329982757568,8102
568,4653056,0.000916291277917903,0.8645568490028381,5.894465923309326,8158,6.840842247009277,8124
569,4661248,0.0009159440112596625,0.7511820197105408,5.923740386962891,8157,6.846311569213867,8122
570,4669440,0.0009155960999605909,0.8369238376617432,5.8974199295043945,8155,6.864598751068115,8118
571,4677632,0.0009152475446335626,0.7783546447753906,5.994776248931885,8148,6.965444564819336,8105
572,4685824,0.0009148983458925872,0.7909194827079773,6.04114294052124,8148,6.985711097717285,8104
573,4694016,0.0009145485043528073,0.8502197861671448,6.046731472015381,8151,6.9859442710876465,8110
574,4702208,0.0009141980206304976,0.8293471336364746,5.945134162902832,8153,6.877447128295898,8114
575,4710400,0.0009138468953430644,0.8683320879936218,6.0687689781188965,8153,7.031858444213867,8114
576,4718592,0.0009134951291090444,0.8289926648139954,5.880585670471191,8153,6.849278450012207,8114
577,4726784,0.0009131427225481029,0.8032762408256531,5.868511199951172,8151,6.814659118652344,8110
578,4734976,0.0009127896762810333,0.8023589849472046,5.993239879608154,8155,6.948930263519287,8118
579,4743168,0.0009124359909297562,0.8417134881019592,5.934914588928223,8151,6.861865520477295,8110
580,4751360,0.0009120816671173176,0.8043052554130554,6.0215606689453125,8153,6.984539985656738,8114
581,4759552,0.0009117267054678885,0.810148298740387,5.978847980499268,8146,6.906337261199951,8100
582,4767744,0.0009113711066067634,0.8349761366844177,5.97154426574707,8149,6.920170307159424,8106
583,4775936,0.000911014871160359,0.8091933727264404,5.975981712341309,8154,6.905841827392578,8116
584,4784128,0.0009106579997562141,0.8644418120384216,5.952651500701904,8158,6.891046047210693,8124
585,4792320,0.0009103004930229872,0.8669555187225342,5.934267044067383,8152,6.82645320892334,8112
586,4800512,0.0009099423515904561,0.8471990823745728,5.891251564025879,8155,6.8629279136657715,8118
587,4808704,0.0009095835760895167,0.888971209526062,5.919373512268066,8149,6.871991157531738,8106
588,4816896,0.0009092241671521821,0.7953097224235535,5.896140098571777,8151,6.859513282775879,8110
589,4825088,0.000908864125411581,0.896166980266571,5.945961952209473,8151,6.847815990447998,8110
590,4833280,0.0009085034515019568,0.7599908709526062,6.006276607513428,8152,6.920882701873779,8112
591,4841472,0.0009081421460586666,0.8213205933570862,5.997984409332275,8151,6.954405307769775,8110
592,4849664,0.0009077802097181802,0.8738440871238708,5.854141712188721,8148,6.805525302886963,8104
593,4857856,0.0009074176431180783,0.829411506652832,5.966399669647217,8151,6.938337326049805,8110
594,4866048,0.0009070544468970524,0.9406228065490723,6.074265956878662,8157,6.986599922180176,8122
595,4874240,0.0009066906216949026,0.8483760356903076,5.998230934143066,8154,6.931483745574951,8116
596,4882432,0.0009063261681525375,0.8420950770378113,5.91740608215332,8145,6.8805975914001465,8099
597,4890624,0.0009059610869119724,0.9174456000328064,6.035586833953857,8148,6.9851460456848145,8104
598,4898816,0.000905595378616328,0.8365130424499512,5.92073917388916,8148,6.881043910980225,8104
599,4907008,0.0009052290439098301,0.861468493938446,5.966756820678711,8146,6.914891242980957,8100
600,4915200,0.0009048620834378079,0.8511908054351807,5.9618000984191895,8150,6.9391374588012695,8108
601,4923392,0.0009044944978466924,0.8689683675765991,5.893805027008057,8152,6.841884613037109,8112
602,4931584,0.0009041262877840167,0.8393590450286865,5.84879207611084,8150,6.836058139801025,8108
603,4939776,0.000903757453898413,0.8095462918281555,5.922361850738525,8148,6.867550373077393,8104
604,4947968,0.0009033879968396132,0.8509582877159119,6.010049819946289,8155,6.961767196655273,8118
605,4956160,0.0009030179172584466,0.8224265575408936,5.990694999694824,8156,6.9485368728637695,8121
606,4964352,0.0009026472158068391,0.7408055067062378,5.912770748138428,8150,6.873701095581055,8108
607,4972544,0.0009022758931378122,0.8307218551635742,5.956856727600098,8151,6.910059452056885,8110
608,4980736,0.0009019039499054818,0.8366226553916931,5.973700523376465,8147,6.910583972930908,8103
609,4988928,0.0009015313867650566,0.8530462980270386,6.0182414054870605,8151,6.936634063720703,8110
610,4997120,0.0009011582043728379,0.8299267292022705,5.9811906814575195,8153,6.950371265411377,8114
611,5005312,0.0009007844033862173,0.7950665950775146,5.908348560333252,8153,6.852764129638672,8114
612,5013504,0.0009004099844636764,0.8332239985466003,5.901724815368652,8152,6.86109733581543,8112
613,5021696,0.0009000349482647853,0.9698027968406677,5.898819923400879,8155,6.8439836502075195,8118
614,5029888,0.0008996592954502014,0.8093745112419128,6.027319431304932,8151,6.970057964324951,8110
615,5038080,0.0008992830266816687,0.8155036568641663,5.940589904785156,8151,6.889040470123291,8110
616,5046272,0.0008989061426220156,0.9134840369224548,5.862637996673584,8152,6.825937747955322,8112
617,5054464,0.0008985286439351549,0.821901261806488,6.01499080657959,8152,6.990382671356201,8112
618,5062656,0.0008981505312860819,0.9451938271522522,5.881532669067383,8154,6.848895072937012,8116
619,5070848,0.0008977718053408735,0.8906446695327759,5.892031669616699,8149,6.839776515960693,8106
620,5079040,0.0008973924667666872,0.8728476762771606,5.858831405639648,8154,6.8218674659729,8116
621,5087232,0.000897012516231759,0.8960675597190857,5.95609712600708,8154,6.880542755126953,8116
622,5095424,0.0008966319544054038,0.9008747935295105,5.878054141998291,8154,6.8350701332092285,8116
623,5103616,0.0008962507819580127,0.8039491176605225,6.125823974609375,8153,7.065758228302002,8114
624,5111808,0.0008958689995610528,0.9125677943229675,5.851131439208984,8151,6.795752048492432,8110
625,5120000,0.0008954866078870657,0.815779447555542,5.868852138519287,8156,6.809171676635742,8120
626,5128192,0.0008951036076096658,0.7835463285446167,5.797216415405273,8148,6.748945236206055,8104
627,5136384,0.00089471999940354,0.9762343764305115,5.7882771492004395,8152,6.763461589813232,8112
628,5144576,0.0008943357839444466,0.8570049405097961,5.972065448760986,8153,6.9054036140441895,8114
629,5152768,0.0008939509619092126,0.9352955222129822,5.9293365478515625,8150,6.896932601928711,8108
630,5160960,0.0008935655339757342,0.8187524080276489,6.049436569213867,8153,6.993541240692139,8114
631,5169152,0.0008931795008229748,0.8006441593170166,5.914675712585449,8151,6.8631591796875,8110
632,5177344,0.0008927928631309638,0.8149635791778564,5.870586395263672,8157,6.860843181610107,8122
633,5185536,0.0008924056215807958,0.7849557995796204,5.909689903259277,8152,6.860901355743408,8112
634,5193728,0.000892017776854629,0.8996390104293823,5.893365859985352,8153,6.873270511627197,8114
635,5201920,0.0008916293296356841,0.880251407623291,5.9382004737854,8154,6.892631530761719,8116
636,5210112,0.0008912402806082434,0.8700872659683228,5.912792205810547,8153,6.883857727050781,8114
637,5218304,0.0008908506304576489,0.7971569299697876,5.879999160766602,8153,6.850547790527344,8114
638,5226496,0.0008904603798703018,0.8202111124992371,5.937994480133057,8152,6.877823829650879,8112
639,5234688,0.0008900695295336611,0.8457191586494446,5.836274147033691,8149,6.807345867156982,8106
640,5242880,0.0008896780801362421,0.7861033082008362,6.02473783493042,8145,6.97918176651001,8098
641,5251072,0.0008892860323676157,0.808590292930603,5.943576812744141,8152,6.922080993652344,8112
642,5259264,0.0008888933869184064,0.8320114016532898,5.90140438079834,8151,6.865725994110107,8110
643,5267456,0.000888500144480292,0.8860861659049988,5.9095964431762695,8153,6.865938663482666,8114
644,5275648,0.0008881063057460015,0.895782470703125,5.944523811340332,8152,6.879599571228027,8112
645,5283840,0.0008877118714093152,0.8300775289535522,5.787351131439209,8153,6.7602996826171875,8114
646,5292032,0.0008873168421650613,0.9304068088531494,5.802298545837402,8156,6.7649126052856445,8120
647,5300224,0.0008869212187091173,0.8583184480667114,5.810711860656738,8152,6.765081882476807,8112
648,5308416,0.0008865250017384065,0.8894708156585693,5.880924701690674,8159,6.881167411804199,8127
649,5316608,0.000886128191950898,0.909426212310791,5.909449577331543,8150,6.895349025726318,8108
650,5324800,0.0008857307900456056,0.8515665531158447,5.865662574768066,8146,6.852938652038574,8101
651,5332992,0.0008853327967225855,0.8373292088508606,5.799776077270508,8153,6.755153179168701,8114
652,5341184,0.0008849342126829362,0.8525043725967407,5.76411247253418,8150,6.738760471343994,8108
653,5349376,0.000884535038628797,0.7450850009918213,5.967085361480713,8153,6.898065090179443,8114
654,5357568,0.0008841352752633455,0.8474444150924683,5.865239143371582,8144,6.834182262420654,8096
655,5365760,0.0008837349232907987,0.871123731136322,5.823726177215576,8153,6.800087928771973,8114
656,5373952,0.0008833339834164096,0.9202460050582886,5.920047760009766,8157,6.894556045532227,8122
657,5382144,0.0008829324563464674,0.9051617383956909,5.834110260009766,8146,6.824402809143066,8100
658,5390336,0.0008825303427882953,0.87465900182724,5.938918113708496,8153,6.906708717346191,8114
659,5398528,0.0008821276434502499,0.8796848058700562,5.8238372802734375,8152,6.815908432006836,8112
660,5406720,0.0008817243590417194,0.841438353061676,5.922513008117676,8150,6.883288383483887,8108
661,5414912,0.000881320490273123,0.778772234916687,5.759464740753174,8153,6.757737636566162,8114
662,5423104,0.0008809160378559093,0.9194824695587158,5.9789581298828125,8151,6.939215183258057,8110
663,5431296,0.0008805110025025545,0.850012481212616,5.9635009765625,8153,6.92134952545166,8114
664,5439488,0.0008801053849265626,0.85358065366745,5.949106693267822,8150,6.898373126983643,8108
665,5447680,0.0008796991858424622,0.8665568232536316,6.0161261558532715,8154,6.958225727081299,8116
666,5455872,0.0008792924059658071,0.8268721103668213,5.928549289703369,8156,6.886448383331299,8120
667,5464064,0.0008788850460131738,0.8057589530944824,5.861482620239258,8152,6.840109825134277,8112
668,5472256,0.0008784771067021609,0.839317262172699,5.9110870361328125,8149,6.886943817138672,8106
669,5480448,0.0008780685887513872,0.907637357711792,5.986837863922119,8153,6.922044277191162,8114
670,5488640,0.0008776594928804912,0.9100061655044556,5.9918928146362305,8152,6.975034236907959,8112
671,5496832,0.0008772498198101294,0.8365018963813782,5.857470512390137,8147,6.813732147216797,8102
672,5505024,0.0008768395702619748,0.8778030872344971,5.9460930824279785,8154,6.885404586791992,8116
673,5513216,0.0008764287449587163,0.7913289666175842,5.9013166427612305,8153,6.8824462890625,8114
674,5521408,0.000876017344624057,0.8646302223205566,5.868704795837402,8150,6.8556227684021,8108
675,5529600,0.0008756053699827125,0.923349142074585,5.896434307098389,8149,6.890573501586914,8106
676,5537792,0.0008751928217604106,0.8021951913833618,5.900314807891846,8153,6.8797287940979,8114
677,5545984,0.0008747797006838893,0.9051409959793091,5.970953941345215,8157,6.913134574890137,8122
678,5554176,0.0008743660074808956,0.8801261782646179,5.836643695831299,8154,6.830405235290527,8116
679,5562368,0.0008739517428801849,0.8136321306228638,5.846868515014648,8147,6.854766845703125,8103
680,5570560,0.0008735369076115184,0.7957912087440491,5.8395280838012695,8148,6.825927257537842,8104
681,5578752,0.000873121502405663,0.7949724197387695,5.8609232902526855,8153,6.844507217407227,8114
682,5586944,0.0008727055279943896,0.9029847383499146,5.7859320640563965,8156,6.771657466888428,8120
683,5595136,0.0008722889851104719,0.826278805732727,5.850068092346191,8156,6.828246116638184,8120
684,5603328,0.0008718718744876847,0.7713263034820557,5.808212757110596,8149,6.812103271484375,8106
685,5611520,0.0008714541968608031,0.8354201912879944,5.854527950286865,8152,6.849211692810059,8112
686,5619712,0.0008710359529656009,0.8293728232383728,5.889317989349365,8153,6.849345684051514,8114
687,5627904,0.0008706171435388497,0.8617778420448303,5.833199501037598,8152,6.789166450500488,8112
688,5636096,0.000870197769318317,0.7943344116210938,5.788934230804443,8156,6.768081188201904,8120
689,5644288,0.0008697778310427655,0.8250338435173035,5.828527450561523,8156,6.82227897644043,8120
690,5652480,0.0008693573294519515,0.9176470637321472,5.827528953552246,8148,6.815711498260498,8104
691,5660672,0.0008689362652866233,0.8954402804374695,5.906337261199951,8152,6.8760294914245605,8112
692,5668864,0.0008685146392885207,0.8200018405914307,5.775132179260254,8156,6.745413303375244,8120
693,5677056,0.000868092452200373,0.8900245428085327,5.898327350616455,8158,6.877880573272705,8124
694,5685248,0.0008676697047658976,0.9833391308784485,5.939432144165039,8156,6.919984340667725,8120
695,5693440,0.0008672463977297995,0.8544585108757019,5.914631366729736,8155,6.885769844055176,8118
696,5701632,0.0008668225318377694,0.8333693146705627,5.798633575439453,8155,6.7941508293151855,8118
697,5709824,0.000866398107836482,0.8691879510879517,5.786559581756592,8154,6.7866058349609375,8116
698,5718016,0.0008659731264735958,0.8399792909622192,5.911303997039795,8156,6.916767120361328,8120
699,5726208,0.0008655475884977508,0.9306601285934448,5.831585884094238,8151,6.8216071128845215,8110
700,5734400,0.0008651214946585674,0.9169412851333618,5.8560872077941895,8156,6.810027122497559,8120
701,5742592,0.0008646948457066455,0.8375006914138794,5.749778747558594,8150,6.759554386138916,8108
702,5750784,0.0008642676423935628,0.8554137945175171,5.832403659820557,8149,6.8077898025512695,8106
703,5758976,0.0008638398854718732,0.8933315873146057,5.743715763092041,8151,6.747365474700928,8111
704,5767168,0.0008634115756951064,0.8768543601036072,5.842523097991943,8152,6.838210582733154,8112
705,5775360,0.0008629827138177656,0.8295913338661194,5.916276454925537,8151,6.865667343139648,8110
706,5783552,0.0008625533005953267,0.8512603640556335,5.847304821014404,8152,6.807867527008057,8112
707,5791744,0.0008621233367842367,0.8341101408004761,5.829797267913818,8153,6.807394504547119,8114
708,5799936,0.000861692823141913,0.9212967157363892,5.742306232452393,8155,6.73475456237793,8118
709,5808128,0.0008612617604267409,0.9247950911521912,5.770228862762451,8154,6.786797523498535,8116
710,5816320,0.0008608301493980733,0.884059488773346,5.736011981964111,8150,6.705653190612793,8108
711,5824512,0.000860397990816229,0.9556654691696167,5.859192848205566,8147,6.844859600067139,8102
712,5832704,0.0008599652854424912,0.8898953199386597,5.8653106689453125,8147,6.8485260009765625,8102
713,5840896,0.0008595320340391066,0.9174731373786926,5.739652156829834,8154,6.7549052238464355,8116
714,5849088,0.0008590982373692834,0.9065576791763306,5.8112640380859375,8149,6.784234523773193,8106
715,5857280,0.0008586638961971909,0.8748515844345093,5.865714073181152,8153,6.863542079925537,8114
716,5865472,0.0008582290112879567,0.9232659935951233,5.81299352645874,8156,6.80274772644043,8120
717,5873664,0.0008577935834076673,0.9719846248626709,6.000512599945068,8153,6.937315940856934,8115
718,5881856,0.0008573576133233646,0.8457068204879761,5.932100296020508,8150,6.928745746612549,8108
719,5890048,0.0008569211018030467,0.8459382653236389,5.839760780334473,8147,6.809128761291504,8102
720,5898240,0.0008564840496156647,0.9056549072265625,5.732116222381592,8154,6.712506294250488,8116
721,5906432,0.0008560464575311223,0.8616272807121277,5.895272254943848,8151,6.88945198059082,8111
722,5914624,0.0008556083263202745,0.8769558668136597,5.877526760101318,8153,6.867552280426025,8114
723,5922816,0.0008551696567549261,0.9069957733154297,5.820980548858643,8152,6.807906627655029,8112
724,5931008,0.0008547304496078298,0.8724474906921387,5.8903422355651855,8151,6.828882217407227,8110
725,5939200,0.0008542907056526855,0.854636549949646,5.765874862670898,8153,6.7591447830200195,8114
726,5947392,0.000853850425664139,0.856575608253479,5.825317859649658,8156,6.820403099060059,8120
727,5955584,0.0008534096104177801,0.7684314250946045,5.745867729187012,8150,6.766994476318359,8108
728,5963776,0.0008529682606901412,0.860112190246582,5.90303373336792,8154,6.886190414428711,8116
729,5971968,0.000852526377258697,0.7933382391929626,5.837124347686768,8156,6.882044792175293,8120
730,5980160,0.0008520839609018617,0.8290268182754517,5.7637529373168945,8154,6.762091636657715,8116
731,5988352,0.0008516410123989886,0.8571627140045166,5.6987457275390625,8153,6.7275919914245605,8114
732,5996544,0.0008511975325303684,0.8934847116470337,5.903171062469482,8148,6.875543594360352,8104
733,6004736,0.0008507535220772278,0.8101001977920532,5.847441673278809,8154,6.823982238769531,8116
734,6012928,0.0008503089818217281,0.8608294129371643,5.683085918426514,8154,6.688337326049805,8116
735,6021120,0.0008498639125469638,0.8701725602149963,5.81043815612793,8150,6.799180030822754,8108
736,6029312,0.0008494183150369619,0.9038238525390625,5.9505205154418945,8154,6.912985324859619,8116
737,6037504,0.0008489721900766791,0.8671512603759766,5.739064693450928,8151,6.723266124725342,8110
738,6045696,0.0008485255384520019,0.8401972055435181,5.930057525634766,8150,6.894308567047119,8108
739,6053888,0.0008480783609497441,0.8767901659011841,5.818697929382324,8153,6.789549350738525,8114
740,6062080,0.0008476306583576462,0.9043210744857788,5.772221565246582,8155,6.769064903259277,8118
741,6070272,0.0008471824314643735,0.8348276615142822,5.865384101867676,8148,6.847934246063232,8105
742,6078464,0.0008467336810595151,0.874089241027832,5.876469135284424,8151,6.831418037414551,8110
743,6086656,0.0008462844079335821,0.8489113450050354,5.737607479095459,8151,6.731180191040039,8110
744,6094848,0.0008458346128780065,0.8160595893859863,5.881463050842285,8151,6.84843635559082,8110
745,6103040,0.0008453842966851398,0.8196353316307068,5.790930271148682,8157,6.759565830230713,8122
746,6111232,0.0008449334601482514,0.9318545460700989,5.69120454788208,8153,6.677953243255615,8114
747,6119424,0.0008444821040615273,0.8506414294242859,5.7493977546691895,8149,6.726917266845703,8106
748,6127616,0.0008440302292200691,0.8605355620384216,5.841109752655029,8152,6.816712379455566,8112
749,6135808,0.0008435778364198914,1.0984705686569214,5.7279839515686035,8155,6.695004940032959,8118
750,6144000,0.0008431249264579224,0.8572423458099365,6.017214775085449,8157,6.994049549102783,8122
751,6152192,0.0008426715001320002,0.8345234990119934,5.781374931335449,8150,6.784483432769775,8108
752,6160384,0.0008422175582408733,0.817118763923645,5.802687168121338,8149,6.78406286239624,8107
753,6168576,0.000841763101584198,0.938581645488739,5.831961631774902,8148,6.817786693572998,8104
754,6176768,0.0008413081309625375,0.9066819548606873,5.6879754066467285,8153,6.698079586029053,8114
755,6184960,0.0008408526471773605,0.9174214005470276,5.824405193328857,8149,6.810750484466553,8106
756,6193152,0.0008403966510310395,0.9537485837936401,5.648295879364014,8155,6.658835411071777,8118
757,6201344,0.0008399401433268496,0.9691568613052368,5.877503395080566,8149,6.859421253204346,8106
758,6209536,0.0008394831248689674,0.8752922415733337,5.9237589836120605,8148,6.912040710449219,8104
759,6217728,0.0008390255964624687,0.9107645750045776,5.789857387542725,8149,6.771455764770508,8106
760,6225920,0.000838567558913328,0.8476362824440002,5.898592948913574,8145,6.895298004150391,8098
761,6234112,0.0008381090130284164,0.8650221824645996,5.817229747772217,8147,6.819972515106201,8102
762,6242304,0.0008376499596155009,0.8273086547851562,5.7441725730896,8151,6.7296671867370605,8110
763,6250496,0.0008371903994832419,0.842677116394043,5.73347806930542,8151,6.730434417724609,8110
764,6258688,0.0008367303334411931,0.8139359354972839,5.711420059204102,8155,6.735469818115234,8118
765,6266880,0.0008362697622997992,0.9062204957008362,5.857254505157471,8150,6.841555118560791,8109
766,6275072,0.0008358086868703944,0.929236888885498,5.9173994064331055,8154,6.915012836456299,8116
767,6283264,0.0008353471079652015,0.8422021269798279,5.9030375480651855,8152,6.879584312438965,8112
768,6291456,0.0008348850263973302,0.8869554400444031,5.732717037200928,8151,6.735539436340332,8110
769,6299648,0.0008344224429807755,0.9989431500434875,5.671787261962891,8152,6.691873550415039,8112
770,6307840,0.0008339593585304167,0.9051257371902466,5.852745056152344,8155,6.809543609619141,8118
771,6316032,0.0008334957738620157,0.9400609135627747,5.675634384155273,8157,6.705276966094971,8122
772,6324224,0.0008330316897922152,0.8865330815315247,5.940709590911865,8154,6.931027889251709,8116
773,6332416,0.0008325671071385383,0.9116237163543701,5.841593265533447,8154,6.854428768157959,8116
774,6340608,0.0008321020267193856,0.8480604290962219,5.706816673278809,8148,6.739351272583008,8104
775,6348800,0.0008316364493540352,0.8878263831138611,5.815293312072754,8152,6.802554130554199,8112
776,6356992,0.0008311703758626403,0.9138920307159424,5.881956577301025,8149,6.867519378662109,8106
777,6365184,0.0008307038070662283,0.8226358294487,5.8245439529418945,8151,6.810636043548584,8110
778,6373376,0.0008302367437866987,0.9009674787521362,5.686699390411377,8152,6.6848063468933105,8112
779,6381568,0.0008297691868468226,0.8338284492492676,5.763177394866943,8152,6.752988338470459,8112
780,6389760,0.0008293011370702401,0.8540552258491516,5.726844310760498,8152,6.742192268371582,8112
781,6397952,0.0008288325952814602,0.8153015971183777,5.729170799255371,8153,6.737384796142578,8114
782,6406144,0.0008283635623058582,0.8614880442619324,5.780214786529541,8151,6.805258274078369,8110
783,6414336,0.0008278940389696745,0.7987025380134583,5.725183963775635,8149,6.727253437042236,8106
784,6422528,0.0008274240261000136,0.8057593703269958,5.661725997924805,8155,6.651302337646484,8118
785,6430720,0.0008269535245248426,0.9288383722305298,5.875306606292725,8148,6.865971565246582,8104
786,6438912,0.0008264825350729888,0.8488547801971436,5.819448471069336,8155,6.837661266326904,8118
787,6447104,0.0008260110585741394,0.8420838713645935,5.739243030548096,8150,6.747146129608154,8108
788,6455296,0.0008255390958588397,0.9302400946617126,5.9496331214904785,8155,6.955302715301514,8118
789,6463488,0.0008250666477584911,0.9209729433059692,5.690522193908691,8151,6.701094150543213,8110
790,6471680,0.0008245937151053504,0.8313193321228027,5.870611190795898,8155,6.883063793182373,8118
791,6479872,0.0008241202987325274,1.0024425983428955,5.675695419311523,8153,6.6636505126953125,8115
792,6488064,0.0008236463994739851,0.8630748391151428,5.773593902587891,8149,6.7747802734375,8106
793,6496256,0.0008231720181645359,0.7710514664649963,5.749203681945801,8152,6.74483585357666,8112
794,6504448,0.0008226971556398424,0.8086304068565369,5.777158260345459,8153,6.8099493980407715,8114
795,6512640,0.0008222218127364143,0.8199000954627991,5.6310648918151855,8154,6.671883583068848,8116
796,6520832,0.0008217459902916075,0.848203182220459,5.610934257507324,8154,6.632038593292236,8116
797,6529024,0.0008212696891436231,0.9819479584693909,5.780917167663574,8154,6.758840560913086,8116
798,6537216,0.000820792910131505,0.87429279088974,5.845894813537598,8150,6.842650890350342,8108
799,6545408,0.0008203156540951393,0.8899921774864197,5.783034324645996,8153,6.809116363525391,8114
800,6553600,0.0008198379218752522,0.8690374493598938,5.88969612121582,8154,6.887359619140625,8116
801,6561792,0.0008193597143134085,0.9301292896270752,5.653988361358643,8156,6.693070888519287,8120
802,6569984,0.0008188810322520108,0.865738034248352,5.824680328369141,8154,6.845704078674316,8116
803,6578176,0.0008184018765342976,0.9585496783256531,5.735658645629883,8156,6.710242748260498,8120
804,6586368,0.0008179222480043414,0.906131386756897,5.726891040802002,8153,6.726546764373779,8114
805,6594560,0.0008174421475070475,0.8310585021972656,5.713827133178711,8152,6.709640026092529,8112
806,6602752,0.0008169615758881533,0.8751059174537659,5.78302001953125,8149,6.803491115570068,8106
807,6610944,0.0008164805339942254,0.9203269481658936,5.685863018035889,8148,6.712550640106201,8105
808,6619136,0.0008159990226726594,0.8747286200523376,5.7573137283325195,8152,6.769212245941162,8112
809,6627328,0.0008155170427716775,0.9265016317367554,5.8481011390686035,8157,6.826076507568359,8122
810,6635520,0.0008150345951403272,0.9298259615898132,5.910124778747559,8154,6.900139331817627,8116
811,6643712,0.0008145516806284803,0.8656206727027893,5.69167947769165,8155,6.742190837860107,8119
812,6651904,0.000814068300086831,0.985920786857605,5.827164173126221,8153,6.852656364440918,8115
813,6660096,0.0008135844543668942,0.9121794104576111,5.720283508300781,8152,6.742059230804443,8112
814,6668288,0.0008131001443210043,0.8113139271736145,5.6119513511657715,8153,6.642111778259277,8114
815,6676480,0.0008126153708023142,0.8653891682624817,5.671718120574951,8153,6.690648078918457,8114
816,6684672,0.0008121301346647924,0.8303877115249634,5.700186252593994,8153,6.685286998748779,8114
817,6692864,0.0008116444367632226,0.8486708998680115,5.72348165512085,8153,6.739004135131836,8114
818,6701056,0.0008111582779532026,0.8586955666542053,5.670870304107666,8155,6.693136692047119,8118
819,6709248,0.0008106716590911414,0.8640722036361694,5.699977397918701,8156,6.68178129196167,8120
820,6717440,0.0008101845810342583,0.8990700244903564,5.719308853149414,8151,6.711112022399902,8110
821,6725632,0.0008096970446405821,0.7930135726928711,5.658255577087402,8153,6.675024032592773,8115
822,6733824,0.0008092090507689489,0.8881975412368774,5.794460296630859,8154,6.804784774780273,8116
823,6742016,0.0008087206002790002,0.8916022181510925,5.684895992279053,8151,6.708249092102051,8110
824,6750208,0.0008082316940311823,0.8641482591629028,5.854004383087158,8153,6.816773891448975,8114
825,6758400,0.0008077423328867443,0.8562001585960388,5.734463214874268,8154,6.757971286773682,8116
826,6766592,0.0008072525177077365,0.922519326210022,5.716439247131348,8152,6.732148170471191,8112
827,6774784,0.0008067622493570094,0.876185417175293,5.753319263458252,8156,6.7820048332214355,8120
828,6782976,0.0008062715286982109,0.8794235587120056,5.806207656860352,8154,6.811735153198242,8116
829,6791168,0.0008057803565957867,0.9025691151618958,5.875932216644287,8153,6.8674421310424805,8114
830,6799360,0.0008052887339149774,0.8337795734405518,5.669867992401123,8154,6.720454692840576,8116
831,6807552,0.0008047966615218171,0.9056969285011292,5.764383792877197,8150,6.780786514282227,8109
832,6815744,0.0008043041402831323,0.7961457371711731,5.643321514129639,8150,6.688845157623291,8109
833,6823936,0.00080381117106654,0.8477489948272705,5.645500183105469,8152,6.655580520629883,8112
834,6832128,0.0008033177547404468,0.8827797174453735,5.694504737854004,8152,6.720259189605713,8112
835,6840320,0.0008028238921740466,0.8306012153625488,5.7046589851379395,8148,6.730746746063232,8105
836,6848512,0.0008023295842373192,0.9712515473365784,5.474442481994629,8149,6.5422749519348145,8106
837,6856704,0.0008018348318010292,0.8131964802742004,5.668198108673096,8155,6.67143440246582,8118
838,6864896,0.0008013396357367243,0.8667279481887817,5.737270355224609,8155,6.77513313293457,8118
839,6873088,0.0008008439969167335,0.9869038462638855,5.797762870788574,8154,6.785745143890381,8116
840,6881280,0.0008003479162141659,0.9231893420219421,5.624998092651367,8153,6.679266929626465,8114
841,6889472,0.000799851394502909,0.8896072506904602,5.7389235496521,8156,6.7540812492370605,8120
842,6897664,0.0007993544326576269,0.9516752362251282,5.670377731323242,8155,6.701247692108154,8118
843,6905856,0.0007988570315537594,0.8440152406692505,5.777188301086426,8152,6.801643371582031,8112
844,6914048,0.00079835919206752,0.8574290871620178,5.776744842529297,8154,6.7520599365234375,8116
845,6922240,0.0007978609150758941,0.8433384299278259,5.807231426239014,8153,6.825440406799316,8114
846,6930432,0.0007973622014566385,0.872488796710968,5.5974860191345215,8156,6.644915580749512,8120
847,6938624,0.0007968630520882784,0.889856219291687,5.828925132751465,8155,6.850155353546143,8118
848,6946816,0.0007963634678501072,0.8612617254257202,5.743978023529053,8155,6.7632269859313965,8118
849,6955008,0.000795863449622184,0.9480180144309998,5.47612190246582,8156,6.498978614807129,8120
850,6963200,0.0007953629982853324,0.8929585218429565,5.6160359382629395,8147,6.651305198669434,8102
851,6971392,0.0007948621147211392,0.9277654886245728,5.8600077629089355,8152,6.805481910705566,8112
852,6979584,0.0007943607998119526,0.9569781422615051,5.881611347198486,8150,6.911717891693115,8108
853,6987776,0.0007938590544408805,0.9508157968521118,5.7388834953308105,8154,6.722092151641846,8116
854,6995968,0.000793356879491789,0.848750114440918,5.72037410736084,8149,6.73709774017334,8106
855,7004160,0.000792854275849301,0.8792595863342285,5.7854719161987305,8150,6.769632339477539,8108
856,7012352,0.0007923512443987948,0.935628354549408,5.687045097351074,8153,6.724103927612305,8114
857,7020544,0.0007918477860264021,0.7808876633644104,5.814154624938965,8147,6.801039695739746,8102
858,7028736,0.0007913439016190068,0.9344963431358337,5.7810258865356445,8152,6.779053211212158,8112
859,7036928,0.0007908395920642433,0.8198782801628113,5.560368537902832,8153,6.606795310974121,8114
860,7045120,0.0007903348582504945,0.9102675914764404,5.751006603240967,8154,6.697031497955322,8116
861,7053312,0.0007898297010668914,0.85699862241745,5.689741134643555,8153,6.741828918457031,8114
862,7061504,0.0007893241214033101,0.8867349624633789,5.641968727111816,8156,6.650947093963623,8120
863,7069696,0.0007888181201503717,0.9186182618141174,5.695889472961426,8153,6.71605110168457,8114
864,7077888,0.0007883116981994391,0.8974111080169678,5.669074535369873,8151,6.708895683288574,8110
865,7086080,0.0007878048564426168,0.8445568680763245,5.7115983963012695,8154,6.735461235046387,8116
866,7094272,0.0007872975957727487,0.9861690998077393,5.484707832336426,8158,6.539933681488037,8124
867,7102464,0.0007867899170834168,0.9604842662811279,5.667006492614746,8153,6.710733413696289,8114
868,7110656,0.0007862818212689395,0.8688451647758484,5.613186359405518,8154,6.649608135223389,8116
869,7118848,0.0007857733092243694,0.8741195797920227,5.624059677124023,8152,6.661571979522705,8112
870,7127040,0.0007852643818454933,0.8986659646034241,5.692392826080322,8151,6.751142978668213,8110
871,7135232,0.0007847550400288288,0.8826726078987122,5.633119106292725,8148,6.65582275390625,8104
872,7143424,0.0007842452846716241,0.8477872014045715,5.723546028137207,8156,6.736083030700684,8120
873,7151616,0.0007837351166718555,0.9462611079216003,5.826797962188721,8153,6.834513187408447,8114
874,7159808,0.0007832245369282266,0.9088231325149536,5.593002796173096,8155,6.648240566253662,8118
875,7168000,0.0007827135463401659,0.8752023577690125,5.565471172332764,8155,6.600841522216797,8118
876,7176192,0.0007822021458078261,0.9111397862434387,5.689352512359619,8155,6.743277549743652,8118
877,7184384,0.0007816903362320815,0.909541666507721,5.8684563636779785,8152,6.863680839538574,8112
878,7192576,0.0007811781185145274,0.8614296913146973,5.776212215423584,8149,6.797095775604248,8106
879,7200768,0.000780665493557478,0.8994886875152588,5.608041763305664,8150,6.625540733337402,8108
880,7208960,0.0007801524622639648,0.8908712267875671,5.625792980194092,8153,6.661418437957764,8114
881,7217152,0.0007796390255377352,0.8550817966461182,5.681319236755371,8152,6.726120948791504,8112
882,7225344,0.0007791251842832504,0.918333113193512,5.81328010559082,8154,6.786654949188232,8116
883,7233536,0.0007786109394056849,0.913476824760437,5.782445907592773,8157,6.793187141418457,8122
884,7241728,0.0007780962918109236,0.9171891212463379,5.809559345245361,8157,6.836207866668701,8122
885,7249920,0.0007775812424055612,0.9216035604476929,5.634300231933594,8152,6.632580280303955,8112
886,7258112,0.0007770657920969001,0.912225604057312,5.837710857391357,8153,6.884321689605713,8114
887,7266304,0.0007765499417929487,1.0070706605911255,5.808574199676514,8151,6.794536113739014,8110
888,7274496,0.0007760336924024206,0.9059587121009827,5.655031681060791,8153,6.6616082191467285,8114
889,7282688,0.0007755170448347317,0.9241266846656799,5.596599102020264,8154,6.626845359802246,8116
890,7290880,0.0007750000000000001,0.9858783483505249,5.57278299331665,8149,6.578032970428467,8107
891,7299072,0.0007744825588090429,0.9615989923477173,5.749713897705078,8140,6.765720844268799,8089
892,7307264,0.0007739647221733761,0.8784387111663818,5.64744758605957,8154,6.708250045776367,8117
893,7315456,0.000773446491005212,0.8748305439949036,5.670495510101318,8150,6.686553955078125,8108
894,7323648,0.0007729278662174576,0.8381787538528442,5.783404350280762,8149,6.833707332611084,8107
895,7331840,0.0007724088487237141,0.8740091323852539,5.738485813140869,8153,6.740097999572754,8114
896,7340032,0.0007718894394382737,0.9610894918441772,5.689742088317871,8153,6.73107385635376,8114
897,7348224,0.0007713696392761192,0.9972408413887024,5.640150547027588,8152,6.64573335647583,8112
898,7356416,0.0007708494491529219,0.9626065492630005,5.714334964752197,8158,6.751183986663818,8124
899,7364608,0.0007703288699850399,0.8998968005180359,5.759045124053955,8151,6.779308795928955,8110
900,7372800,0.0007698079026895167,0.9251344203948975,5.70116662979126,8154,6.72310733795166,8116
901,7380992,0.0007692865481840797,0.8357957005500793,5.649701118469238,8152,6.727844715118408,8112
902,7389184,0.000768764807387138,0.8356767296791077,5.5658183097839355,8153,6.5905890464782715,8114
903,7397376,0.0007682426812177817,1.022378921508789,5.783928871154785,8154,6.78444766998291,8116
904,7405568,0.0007677201705957793,0.9262574911117554,5.6369099617004395,8156,6.612412929534912,8120
905,7413760,0.0007671972764415769,0.8631836771965027,5.638668060302734,8150,6.675773620605469,8108
906,7421952,0.0007666739996762959,0.9182053208351135,5.75698709487915,8153,6.761753559112549,8114
907,7430144,0.000766150341221732,0.8597774505615234,5.6212263107299805,8153,6.640549182891846,8114
908,7438336,0.0007656263020003532,0.9268736243247986,5.757611274719238,8152,6.7896318435668945,8113
909,7446528,0.0007651018829352981,0.914837121963501,5.71856689453125,8153,6.769262313842773,8114
910,7454720,0.0007645770849503745,0.9079270958900452,5.633755683898926,8154,6.679892539978027,8116
911,7462912,0.0007640519089700578,0.8718371987342834,5.594903945922852,8152,6.6318888664245605,8112
912,7471104,0.0007635263559194891,0.8410956263542175,5.705951690673828,8150,6.731488227844238,8108
913,7479296,0.0007630004267244741,0.8765773773193359,5.617065906524658,8152,6.655869483947754,8112
914,7487488,0.0007624741223114806,0.8893155455589294,5.706491470336914,8153,6.741772651672363,8114
915,7495680,0.0007619474436076376,0.9031134843826294,5.7784504890441895,8149,6.79036283493042,8106
916,7503872,0.0007614203915407335,0.8581687808036804,5.726654052734375,8150,6.748696327209473,8109
917,7512064,0.0007608929670392145,0.94893479347229,5.653932094573975,8153,6.690258502960205,8114
918,7520256,0.0007603651710321827,1.4119982719421387,5.842962741851807,8153,6.862445831298828,8114
919,7528448,0.0007598370044493947,0.9516467452049255,5.5993194580078125,8151,6.676824569702148,8110
920,7536640,0.0007593084682212598,0.8926385045051575,5.661886215209961,8154,6.719627380371094,8116
921,7544832,0.0007587795632788386,0.9376087188720703,5.5776777267456055,8154,6.644227981567383,8116
922,7553024,0.0007582502905538413,0.8856963515281677,5.733090877532959,8154,6.785280227661133,8116
923,7561216,0.0007577206509786256,0.8941193222999573,5.760150909423828,8152,6.791741371154785,8112
924,7569408,0.000757190645486196,0.9172415733337402,5.60933780670166,8151,6.664005279541016,8110
925,7577600,0.000756660275010201,0.9205876588821411,5.6132073402404785,8150,6.610225677490234,8109
926,7585792,0.0007561295404849326,1.0844786167144775,5.7519097328186035,8152,6.778985500335693,8112
927,7593984,0.0007555984428453236,0.9573351740837097,5.660442352294922,8158,6.73940372467041,8124
928,7602176,0.0007550669830269467,1.0150489807128906,5.627228736877441,8152,6.668926239013672,8112
929,7610368,0.0007545351619660127,0.9060056805610657,5.742806434631348,8151,6.763614177703857,8110
930,7618560,0.0007540029805993687,0.9315215349197388,5.732985019683838,8155,6.774879455566406,8118
931,7626752,0.0007534704398644964,0.9468591213226318,5.708674907684326,8156,6.743877410888672,8120
932,7634944,0.0007529375406995106,0.8277462124824524,5.53238582611084,8156,6.601402759552002,8120
933,7643136,0.0007524042840431576,0.8916118741035461,5.723289966583252,8150,6.7718071937561035,8109
934,7651328,0.0007518706708348134,0.9199550151824951,5.703502655029297,8155,6.726285934448242,8118
935,7659520,0.000751336702014482,0.9734468460083008,5.74908447265625,8153,6.788720607757568,8114
936,7667712,0.0007508023785227939,0.8739647269248962,5.624031066894531,8153,6.641537666320801,8114
937,7675904,0.0007502677013010045,0.8613232374191284,5.686378479003906,8151,6.710190296173096,8110
938,7684096,0.000749732671290992,0.908057451248169,5.804719924926758,8150,6.8211894035339355,8108
939,7692288,0.0007491972894352566,0.8733504414558411,5.557718753814697,8150,6.583555698394775,8108
940,7700480,0.0007486615566769179,0.8845919370651245,5.665064811706543,8154,6.70245885848999,8116
941,7708672,0.0007481254739597135,0.8830151557922363,5.70932674407959,8149,6.75624942779541,8106
942,7716864,0.0007475890422279979,0.8645944595336914,5.617913722991943,8152,6.640807628631592,8112
943,7725056,0.0007470522624267403,0.8892462253570557,5.5619893074035645,8148,6.6120219230651855,8104
944,7733248,0.0007465151355015231,0.9265040755271912,5.851147174835205,8155,6.8326096534729,8118
945,7741440,0.0007459776623985398,0.8618872165679932,5.721368312835693,8152,6.752289772033691,8112
946,7749632,0.000745439844064594,0.8922449946403503,5.519744396209717,8151,6.566086769104004,8110
947,7757824,0.0007449016814470976,0.8610026240348816,5.687816143035889,8153,6.715435981750488,8114
948,7766016,0.000744363175494069,0.8643456101417542,5.633908271789551,8154,6.694239139556885,8116
949,7774208,0.000743824327154131,0.8947432041168213,5.708369731903076,8151,6.745872974395752,8110
950,7782400,0.0007432851373765098,1.2026621103286743,5.721432209014893,8160,6.749014377593994,8128
951,7790592,0.0007427456071110331,0.9188741445541382,5.611910820007324,8145,6.683413505554199,8098
952,7798784,0.0007422057373081284,0.9517249464988708,5.686694622039795,8154,6.721166133880615,8116
953,7806976,0.0007416655289188214,0.9683409333229065,5.664057731628418,8153,6.708694934844971,8114
954,7815168,0.0007411249828947339,0.9809800386428833,5.6478729248046875,8152,6.674834728240967,8112
955,7823360,0.000740584100188083,0.983192503452301,5.62589168548584,8152,6.680811405181885,8112
956,7831552,0.0007400428817516783,1.1172963380813599,5.715583801269531,8155,6.749457836151123,8118
957,7839744,0.0007395013285389213,0.977678120136261,5.792872428894043,8153,6.798428058624268,8114
958,7847936,0.000738959441503803,0.8850493431091309,5.605691432952881,8153,6.650507926940918,8115
959,7856128,0.0007384172216009023,0.9377760291099548,5.574173450469971,8153,6.626600742340088,8114
960,7864320,0.000737874669785385,0.9096064567565918,5.631904602050781,8154,6.679095268249512,8116
961,7872512,0.0007373317870130014,0.91557776927948,5.58881950378418,8151,6.65631628036499,8110
962,7880704,0.0007367885742400841,0.858312726020813,5.708427906036377,8153,6.753815174102783,8114
963,7888896,0.0007362450324235483,1.0110969543457031,5.6082000732421875,8149,6.650308132171631,8106
964,7897088,0.0007357011625208877,0.8303224444389343,5.667597770690918,8154,6.715400218963623,8116
965,7905280,0.0007351569654901744,0.9500223994255066,5.659903526306152,8158,6.685898303985596,8124
966,7913472,0.000734612442290057,0.9468151926994324,5.550702095031738,8151,6.617561340332031,8110
967,7921664,0.0007340675938797582,0.9093499779701233,5.531308650970459,8156,6.581448078155518,8120
968,7929856,0.0007335224212190739,0.9358633160591125,5.741149425506592,8151,6.7596588134765625,8112
969,7938048,0.0007329769252683712,0.9299994111061096,5.6589884757995605,8150,6.692660331726074,8108
970,7946240,0.0007324311069885866,0.8599352240562439,5.635394096374512,8155,6.705612659454346,8119
971,7954432,0.0007318849673412243,0.8647713661193848,5.4556803703308105,8153,6.516878604888916,8114
972,7962624,0.0007313385072883549,0.9174927473068237,5.572300434112549,8150,6.632250785827637,8108
973,7970816,0.000730791727792613,0.9008105397224426,5.592173099517822,8151,6.651376724243164,8110
974,7979008,0.0007302446298171967,0.8804457783699036,5.552742004394531,8153,6.614236354827881,8114
975,7987200,0.0007296972143258641,0.8448285460472107,5.530038833618164,8151,6.568883419036865,8110
976,7995392,0.0007291494822829332,0.9246077537536621,5.61458158493042,8154,6.681806564331055,8117
977,8003584,0.0007286014346532798,0.8742946982383728,5.50282096862793,8150,6.578159809112549,8108
978,8011776,0.0007280530724023353,0.8675573468208313,5.521310806274414,8153,6.564610004425049,8114
979,8019968,0.0007275043964960854,0.9305752515792847,5.684708595275879,8151,6.740314960479736,8110
980,8028160,0.0007269554079010685,0.8316075801849365,5.739080429077148,8152,6.768618106842041,8112
981,8036352,0.0007264061075843737,1.1039934158325195,5.70079231262207,8146,6.733031272888184,8100
982,8044544,0.000725856496513639,0.9625052213668823,5.733292102813721,8154,6.725365161895752,8116
983,8052736,0.0007253065756570502,0.94184809923172,5.484567165374756,8155,6.5509748458862305,8118
984,8060928,0.0007247563459833388,0.8909236192703247,5.680452346801758,8150,6.7340312004089355,8108
985,8069120,0.00072420580846178,0.8860137462615967,5.674142360687256,8151,6.719037055969238,8110
986,8077312,0.0007236549640621913,0.9139240980148315,5.710536956787109,8152,6.7017903327941895,8112
987,8085504,0.0007231038137549312,0.9590799808502197,5.541804790496826,8152,6.595480918884277,8113
988,8093696,0.0007225523585108968,0.9204556345939636,5.4999542236328125,8152,6.555023193359375,8112
989,8101888,0.0007220005993015223,0.8866503834724426,5.738035678863525,8150,6.7949700355529785,8108
990,8110080,0.0007214485370987775,0.838577389717102,5.688380718231201,8154,6.709876537322998,8116
991,8118272,0.0007208961728751663,1.0443906784057617,5.942947864532471,8154,6.943547248840332,8116
992,8126464,0.0007203435076037236,0.919600784778595,5.5554585456848145,8153,6.59965705871582,8114
993,8134656,0.0007197905422580156,0.9026943445205688,5.645174503326416,8150,6.654525279998779,8108
994,8142848,0.0007192372778121368,0.9036856889724731,5.701023101806641,8152,6.733119010925293,8112
995,8151040,0.0007186837152407085,0.8677312731742859,5.596850395202637,8152,6.649753570556641,8112
996,8159232,0.0007181298555188772,0.8948493599891663,5.689218044281006,8152,6.735583782196045,8112
997,8167424,0.0007175756996223129,0.8785800337791443,5.401768207550049,8153,6.4913434982299805,8114
998,8175616,0.0007170212485272075,0.9275062680244446,5.630721092224121,8154,6.66826868057251,8116
999,8183808,0.0007164665032102726,0.8725570440292358,5.482266902923584,8153,6.565854072570801,8114
1000,8192000,0.0007159114646487382,0.9077708721160889,5.432600021362305,8155,6.525413990020752,8118
1001,8200192,0.0007153561338203511,0.8392776846885681,5.637699604034424,8156,6.704540729522705,8120
1002,8208384,0.0007148005117033726,0.839259922504425,5.495784282684326,8152,6.54750394821167,8112
1003,8216576,0.0007142445992765772,0.9237115383148193,5.670526027679443,8149,6.721273422241211,8106
1004,8224768,0.0007136883975192512,0.9338414072990417,5.714421272277832,8149,6.746279716491699,8106
1005,8232960,0.0007131319074111902,0.8493847250938416,5.560345649719238,8148,6.626994609832764,8104
1006,8241152,0.0007125751299326978,0.9153211712837219,5.5555419921875,8149,6.661398887634277,8106
1007,8249344,0.0007120180660645838,0.9882248044013977,5.712480545043945,8156,6.756459712982178,8120
1008,8257536,0.0007114607167881627,0.880821168422699,5.580794811248779,8153,6.642066478729248,8114
1009,8265728,0.0007109030830852516,0.9919528961181641,5.635034561157227,8153,6.646732330322266,8114
1010,8273920,0.0007103451659381684,1.0301449298858643,5.529596328735352,8149,6.599618434906006,8106
1011,8282112,0.000709786966329731,0.8454281091690063,5.593100070953369,8154,6.670526504516602,8116
1012,8290304,0.0007092284852432542,0.8920230865478516,5.54457950592041,8145,6.590221405029297,8098
1013,8298496,0.000708669723662549,0.9563530683517456,5.6820783615112305,8152,6.7097296714782715,8112
1014,8306688,0.0007081106825719205,0.9857526421546936,5.561514854431152,8151,6.652564525604248,8110
1015,8314880,0.0007075513629561659,0.9010360836982727,5.561336517333984,8153,6.632903099060059,8114
1016,8323072,0.0007069917658005735,1.0000109672546387,5.650589466094971,8156,6.684112548828125,8120
1017,8331264,0.0007064318920909201,0.9084486961364746,5.891983985900879,8151,6.912810325622559,8110
1018,8339456,0.00070587174281347,1.0293591022491455,5.6554646492004395,8155,6.702516555786133,8118
1019,8347648,0.0007053113189549725,0.9469785094261169,5.659367561340332,8155,6.717578411102295,8118
1020,8355840,0.0007047506215026609,0.9267166256904602,5.637350559234619,8153,6.676546096801758,8114
1021,8364032,0.0007041896514442508,0.8654792904853821,5.552735328674316,8152,6.639149188995361,8112
1022,8372224,0.0007036284097679372,0.9629804491996765,5.707180023193359,8148,6.737158298492432,8104
1023,8380416,0.0007030668974623944,0.881693959236145,5.52065896987915,8148,6.581624507904053,8104
1024,8388608,0.0007025051155167725,0.891012966632843,5.5489821434021,8156,6.629007339477539,8120
1025,8396800,0.0007019430649206978,0.8514825701713562,5.60405158996582,8150,6.6559739112854,8109
1026,8404992,0.000701380746664269,0.8965510725975037,5.666423320770264,8153,6.731751441955566,8114
1027,8413184,0.0007008181617380563,0.8848506212234497,5.599080562591553,8148,6.629939556121826,8104
1028,8421376,0.0007002553111331001,0.8754749298095703,5.620257377624512,8149,6.693286418914795,8106
1029,8429568,0.0006996921958409084,0.9169248342514038,5.6658501625061035,8155,6.716879844665527,8118
1030,8437760,0.0006991288168534557,0.9253429174423218,5.558305740356445,8151,6.651782989501953,8110
1031,8445952,0.0006985651751631809,0.9535089135169983,5.650846481323242,8154,6.705786228179932,8116
1032,8454144,0.0006980012717629859,0.9726520776748657,5.564628601074219,8152,6.635187149047852,8112
1033,8462336,0.0006974371076462335,0.815130889415741,5.6815900802612305,8150,6.694382190704346,8108
1034,8470528,0.0006968726838067456,1.0029513835906982,5.69491720199585,8150,6.754184246063232,8108
1035,8478720,0.000696308001238802,0.9371193647384644,5.766970634460449,8155,6.796962738037109,8118
1036,8486912,0.0006957430609371376,0.9311164617538452,5.6355695724487305,8153,6.681896209716797,8114
1037,8495104,0.0006951778638969421,0.9269377589225769,5.519628047943115,8154,6.557257652282715,8116
1038,8503296,0.0006946124111138571,0.9313787221908569,5.483081817626953,8153,6.5557050704956055,8114
1039,8511488,0.0006940467035839747,0.913810133934021,5.5469889640808105,8151,6.631438732147217,8110
1040,8519680,0.0006934807423038358,0.8066900372505188,5.675302505493164,8153,6.724063873291016,8114
1041,8527872,0.0006929145282704283,0.8750244975090027,5.701047897338867,8152,6.779651641845703,8112
1042,8536064,0.0006923480624811852,0.9409464001655579,5.584621429443359,8149,6.632638931274414,8106
1043,8544256,0.0006917813459339833,0.8671684861183167,5.6009135246276855,8152,6.6496357917785645,8112
1044,8552448,0.0006912143796271409,0.9099524617195129,5.546276569366455,8148,6.6398396492004395,8105
1045,8560640,0.0006906471645594165,0.8720123767852783,5.578588485717773,8149,6.6176886558532715,8106
1046,8568832,0.0006900797017300063,0.983875572681427,5.656383991241455,8153,6.723888874053955,8114
1047,8577024,0.0006895119921385436,0.9229994416236877,5.661283016204834,8150,6.741072654724121,8108
1048,8585216,0.0006889440367850958,0.9261537194252014,5.539088249206543,8151,6.632539749145508,8110
1049,8593408,0.0006883758366701639,0.9958568215370178,5.401317119598389,8155,6.512075901031494,8118
1050,8601600,0.0006878073927946795,1.047295331954956,5.60898494720459,8154,6.6531500816345215,8116
1051,8609792,0.0006872387061600037,0.9704403877258301,5.615452766418457,8156,6.672605991363525,8120
1052,8617984,0.0006866697777679256,0.989771842956543,5.4633002281188965,8151,6.511477947235107,8110
1053,8626176,0.0006861006086206595,0.9027187824249268,5.650777816772461,8155,6.72773551940918,8118
1054,8634368,0.0006855311997208446,0.9004179835319519,5.631242275238037,8152,6.669987678527832,8112
1055,8642560,0.000684961552071542,0.9693922400474548,5.438544750213623,8152,6.5311055183410645,8112
1056,8650752,0.0006843916666762332,0.8855046629905701,5.385202407836914,8153,6.459891319274902,8114
1057,8658944,0.000683821544538819,1.0645232200622559,5.705105781555176,8153,6.761804103851318,8114
1058,8667136,0.000683251186663617,0.8559455871582031,5.599161624908447,8151,6.649651050567627,8110
1059,8675328,0.00068268059405536,0.9558305144309998,5.504642009735107,8149,6.582000732421875,8106
1060,8683520,0.0006821097677191942,0.8766844868659973,5.562010288238525,8152,6.617449760437012,8112
1061,8691712,0.0006815387086606779,0.9524074196815491,5.538330554962158,8148,6.592349052429199,8104
1062,8699904,0.0006809674178857791,0.9159194827079773,5.564811706542969,8154,6.646255016326904,8116
1063,8708096,0.0006803958964008741,0.8925154805183411,5.552590847015381,8154,6.621967792510986,8116
1064,8716288,0.0006798241452127455,0.9261773824691772,5.551191806793213,8153,6.640608310699463,8114
1065,8724480,0.0006792521653285805,0.8677077293395996,5.534619331359863,8155,6.594241142272949,8118
1066,8732672,0.0006786799577559694,0.8665087819099426,5.683332443237305,8158,6.769947528839111,8124
1067,8740864,0.0006781075235029036,1.0969128608703613,5.579789638519287,8150,6.600855350494385,8108
1068,8749056,0.0006775348635777733,0.9036573171615601,5.624004364013672,8152,6.691240310668945,8112
1069,8757248,0.000676961978989367,0.9417718052864075,5.639268398284912,8151,6.7010087966918945,8110
1070,8765440,0.0006763888707468685,0.9526727199554443,5.673318862915039,8153,6.745809555053711,8114
1071,8773632,0.0006758155398598554,0.9503549337387085,5.615965366363525,8152,6.656877040863037,8112
1072,8781824,0.000675241987338298,1.0076115131378174,5.526374816894531,8150,6.610422611236572,8108
1073,8790016,0.0006746682141925567,0.9820061922073364,5.631424903869629,8152,6.642555236816406,8113
1074,8798208,0.0006740942214333808,0.9602184891700745,5.510717868804932,8154,6.565057277679443,8116
1075,8806400,0.0006735200100719062,0.9236766695976257,5.533574104309082,8154,6.626581192016602,8116
1076,8814592,0.0006729455811196539,0.8643323183059692,5.518764495849609,8150,6.591065883636475,8108
1077,8822784,0.0006723709355885285,0.9763322472572327,5.434911251068115,8156,6.568404674530029,8120
1078,8830976,0.0006717960744908159,0.9202004075050354,5.7094573974609375,8150,6.783759593963623,8108
1079,8839168,0.0006712209988391817,1.1177088022232056,5.624965190887451,8153,6.688834190368652,8114
1080,8847360,0.0006706457096466694,0.8638099431991577,5.5706682205200195,8149,6.6408233642578125,8106
1081,8855552,0.0006700702079266991,0.9145774245262146,5.434439182281494,8150,6.542452335357666,8108
1082,8863744,0.0006694944946930647,0.9368858933448792,5.546544551849365,8156,6.669281005859375,8120
1083,8871936,0.0006689185709599331,0.9258880019187927,5.5673441886901855,8153,6.648670673370361,8114
1084,8880128,0.0006683424377418421,0.9376127123832703,5.585387706756592,8152,6.667900562286377,8112
1085,8888320,0.0006677660960536977,0.8896080851554871,5.586967468261719,8154,6.680818557739258,8116
1086,8896512,0.0006671895469107744,0.907099187374115,5.621284484863281,8154,6.676236629486084,8116
1087,8904704,0.0006666127913287109,0.9710817933082581,5.628995895385742,8154,6.684931755065918,8116
1088,8912896,0.0006660358303235107,0.8778248429298401,5.555449962615967,8155,6.663564682006836,8118
1089,8921088,0.0006654586649115384,0.9564670920372009,5.644074440002441,8154,6.701149940490723,8116
1090,8929280,0.0006648812961095188,0.967149555683136,5.505726337432861,8155,6.575178146362305,8118
1091,8937472,0.0006643037249345353,0.962296187877655,5.603933811187744,8145,6.6654438972473145,8098
1092,8945664,0.0006637259524040276,0.9176045060157776,5.775798797607422,8152,6.844725608825684,8112
1093,8953856,0.0006631479795357899,0.9664801359176636,5.57716178894043,8150,6.635746479034424,8108
1094,8962048,0.0006625698073479695,0.9590680003166199,5.6340131759643555,8152,6.687677383422852,8112
1095,8970240,0.0006619914368590652,0.9232973456382751,5.502922534942627,8153,6.569189548492432,8114
1096,8978432,0.0006614128690879244,1.0849387645721436,5.704604625701904,8154,6.745364189147949,8116
1097,8986624,0.0006608341050537423,0.9181892275810242,5.616301536560059,8155,6.670766353607178,8118
1098,8994816,0.0006602551457760603,0.9488303661346436,5.531009674072266,8152,6.5869011878967285,8112
1099,9003008,0.000659675992274763,0.9686007499694824,5.463068008422852,8151,6.507592678070068,8110
1100,9011200,0.0006590966455700776,0.9964184761047363,5.594893455505371,8151,6.663541316986084,8110
1101,9019392,0.0006585171066825716,0.9323387145996094,5.5724568367004395,8151,6.611946105957031,8110
1102,9027584,0.000657937376633151,0.9508031010627747,5.53645133972168,8151,6.619854927062988,8110
1103,9035776,0.0006573574564430585,0.9051151275634766,5.517751216888428,8153,6.6048150062561035,8114
1104,9043968,0.0006567773471338716,0.9913332462310791,5.683948040008545,8158,6.759438991546631,8124
1105,9052160,0.0006561970497275013,0.9409644603729248,5.435025691986084,8146,6.531067848205566,8101
1106,9060352,0.0006556165652461897,0.9369379281997681,5.692758560180664,8151,6.680482387542725,8110
1107,9068544,0.0006550358947125087,0.9487698674201965,5.494717121124268,8153,6.563189506530762,8114
1108,9076736,0.0006544550391493577,1.028268575668335,5.508703708648682,8156,6.587925434112549,8120
1109,9084928,0.000653873999579962,0.9521371126174927,5.61272668838501,8151,6.682412624359131,8110
1110,9093120,0.0006532927770278711,0.9280492067337036,5.515099048614502,8154,6.6056671142578125,8116
1111,9101312,0.000652711372516957,0.9706739187240601,5.5343098640441895,8153,6.607418537139893,8114
1112,9109504,0.0006521297870714123,0.8950411081314087,5.554990291595459,8144,6.634642601013184,8096
1113,9117696,0.000651548021715748,0.9430803060531616,5.607778549194336,8154,6.666698932647705,8116
1114,9125888,0.0006509660774747921,0.9435651898384094,5.485300540924072,8150,6.547545909881592,8108
1115,9134080,0.0006503839553736881,0.8412171006202698,5.559962749481201,8153,6.627311706542969,8114
1116,9142272,0.0006498016564378921,0.8978123068809509,5.632678508758545,8154,6.7011637687683105,8117
1117,9150464,0.0006492191816931726,0.9148348569869995,5.567200183868408,8151,6.629225730895996,8110
1118,9158656,0.000648636532165607,0.9809644222259521,5.626205921173096,8150,6.688506126403809,8108
1119,9166848,0.0006480537088815811,0.8839192390441895,5.609729766845703,8150,6.704462051391602,8109
1120,9175040,0.0006474707128677866,0.9648353457450867,5.628039360046387,8148,6.7190937995910645,8104
1121,9183232,0.0006468875451512195,0.9876223802566528,5.454887390136719,8152,6.5462517738342285,8112
1122,9191424,0.0006463042067591781,0.9709651470184326,5.558006286621094,8154,6.583861351013184,8116
1123,9199616,0.0006457206987192617,0.9570263028144836,5.703019142150879,8152,6.739227294921875,8112
1124,9207808,0.0006451370220593683,0.8958314061164856,5.6466474533081055,8156,6.736675262451172,8120
1125,9216000,0.0006445531778076929,0.937423825263977,5.667852878570557,8148,6.734360694885254,8104
1126,9224192,0.0006439691669927256,0.9164313077926636,5.532344818115234,8152,6.587500095367432,8112
1127,9232384,0.0006433849906432501,0.8598572015762329,5.547779560089111,8150,6.60843563079834,8108
1128,9240576,0.0006428006497883419,0.9145240783691406,5.468322277069092,8152,6.556853294372559,8112
1129,9248768,0.0006422161454573656,0.9270634651184082,5.555433750152588,8155,6.619236946105957,8118
1130,9256960,0.0006416314786799746,0.8884721398353577,5.498128414154053,8156,6.582798957824707,8120
1131,9265152,0.0006410466504861079,0.9350903034210205,5.697429656982422,8150,6.726516246795654,8109
1132,9273344,0.0006404616619059892,0.9014522433280945,5.391010284423828,8152,6.516696929931641,8112
1133,9281536,0.0006398765139701242,0.9469696879386902,5.5079779624938965,8153,6.61208438873291,8114
1134,9289728,0.0006392912077093002,0.9169022440910339,5.5548787117004395,8153,6.607800006866455,8114
1135,9297920,0.0006387057441545826,0.9210960268974304,5.6619367599487305,8155,6.740227222442627,8118
1136,9306112,0.0006381201243373141,0.8521667122840881,5.6415205001831055,8148,6.684213161468506,8104
1137,9314304,0.0006375343492891131,0.966328501701355,5.55594539642334,8150,6.61008882522583,8108
1138,9322496,0.0006369484200418707,0.9551334381103516,5.426206111907959,8146,6.518177509307861,8100
1139,9330688,0.0006363623376277502,0.9493927955627441,5.4472455978393555,8155,6.520875453948975,8118
1140,9338880,0.0006357761030791846,0.9529179930686951,5.484481334686279,8148,6.53988790512085,8104
1141,9347072,0.0006351897174288746,0.9917548298835754,5.480149745941162,8152,6.599952220916748,8113
1142,9355264,0.0006346031817097877,0.9249035716056824,5.41945743560791,8154,6.5171709060668945,8116
1143,9363456,0.0006340164969551552,0.939956784248352,5.593301296234131,8145,6.6924262046813965,8098
1144,9371648,0.0006334296641984711,1.0468287467956543,5.528858184814453,8151,6.626053333282471,8110
1145,9379840,0.00063284268447349,0.9237602353096008,5.471072673797607,8154,6.530125617980957,8116
1146,9388032,0.0006322555588142259,0.9354676008224487,5.549763202667236,8155,6.655633926391602,8118
1147,9396224,0.0006316682882549491,1.021341323852539,5.592617511749268,8154,6.655438423156738,8116
1148,9404416,0.000631080873830186,0.899501383304596,5.565575122833252,8155,6.633667945861816,8118
1149,9412608,0.0006304933165747156,0.9338358044624329,5.57429838180542,8156,6.608901500701904,8120
1150,9420800,0.0006299056175235691,0.964501142501831,5.5569915771484375,8144,6.624342918395996,8097
1151,9428992,0.0006293177777120273,0.9381102323532104,5.557621479034424,8153,6.6342878341674805,8114
1152,9437184,0.0006287297981756188,0.8887007236480713,5.644561767578125,8150,6.731109619140625,8108
1153,9445376,0.0006281416799501188,0.942223310470581,5.4947099685668945,8149,6.61377477645874,8106
1154,9453568,0.0006275534240715461,0.8784367442131042,5.6201887130737305,8150,6.6969685554504395,8108
1155,9461760,0.0006269650315761626,0.8991684913635254,5.485681533813477,8151,6.5703043937683105,8110
1156,9469952,0.0006263765035004707,0.9031205177307129,5.515576362609863,8153,6.576765060424805,8114
1157,9478144,0.0006257878408812116,0.944780170917511,5.495418071746826,8154,6.587596893310547,8116
1158,9486336,0.0006251990447553633,0.9095115065574646,5.579784870147705,8152,6.607275009155273,8112
1159,9494528,0.0006246101161601393,1.0541627407073975,5.795981407165527,8152,6.839641571044922,8112
1160,9502720,0.0006240210561329863,0.9754595756530762,5.683468818664551,8155,6.741225242614746,8118
1161,9510912,0.0006234318657115827,0.9380659461021423,5.549376010894775,8153,6.635990619659424,8114
1162,9519104,0.0006228425459338363,0.9605218768119812,5.387724876403809,8152,6.539467811584473,8112
1163,9527296,0.000622253097837883,0.9655277132987976,5.534488677978516,8153,6.617621898651123,8115
1164,9535488,0.0006216635224620845,0.9522075057029724,5.339852333068848,8153,6.409564018249512,8114
1165,9543680,0.0006210738208450271,0.9765958189964294,5.437998294830322,8153,6.543832302093506,8114
1166,9551872,0.0006204839940255194,0.8835123181343079,5.560044765472412,8155,6.646790981292725,8118
1167,9560064,0.0006198940430425901,0.9717331528663635,5.475350379943848,8153,6.571870803833008,8114
1168,9568256,0.0006193039689354872,0.9347546696662903,5.525076389312744,8152,6.598118305206299,8112
1169,9576448,0.0006187137727436752,0.9231826663017273,5.595398902893066,8153,6.6622395515441895,8114
1170,9584640,0.0006181234555068339,0.9038594961166382,5.60825252532959,8149,6.697510719299316,8106
1171,9592832,0.0006175330182648563,1.00507652759552,5.64876127243042,8155,6.716849327087402,8118
1172,9601024,0.0006169424620578464,1.0608679056167603,5.654449462890625,8154,6.731269359588623,8117
1173,9609216,0.0006163517879261186,0.9114022254943848,5.507176399230957,8156,6.5761895179748535,8121
1174,9617408,0.0006157609969101942,0.9244599938392639,5.449599266052246,8150,6.55393648147583,8109
1175,9625600,0.0006151700900508009,0.9423691034317017,5.41511869430542,8154,6.494845867156982,8116
1176,9633792,0.0006145790683888702,0.8857083320617676,5.602538585662842,8148,6.679361820220947,8104
1177,9641984,0.000613987932965536,0.842674195766449,5.56133508682251,8148,6.631580352783203,8104
1178,9650176,0.0006133966848221325,0.9531852602958679,5.4261932373046875,8152,6.522828578948975,8112
1179,9658368,0.0006128053250001926,0.9082029461860657,5.457220077514648,8152,6.55225944519043,8112
1180,9666560,0.0006122138545414459,0.9590657949447632,5.594661712646484,8148,6.662765979766846,8104
1181,9674752,0.0006116222744878165,0.9485071897506714,5.516878128051758,8155,6.60555362701416,8118
1182,9682944,0.0006110305858814223,0.9316310286521912,5.5308918952941895,8149,6.572322845458984,8106
1183,9691136,0.0006104387897645718,0.9662647843360901,5.5226240158081055,8154,6.604493141174316,8116
1184,9699328,0.0006098468871797633,0.9477046728134155,5.357128143310547,8151,6.461244583129883,8110
1185,9707520,0.0006092548791696822,0.9527106881141663,5.52358341217041,8160,6.630519390106201,8128
1186,9715712,0.0006086627667771999,0.950794517993927,5.512086868286133,8149,6.616246700286865,8106
1187,9723904,0.000608070551045372,1.017214059829712,5.575957775115967,8152,6.659858703613281,8112
1188,9732096,0.0006074782330174355,0.9045333862304688,5.356963157653809,8153,6.448109149932861,8114
1189,9740288,0.0006068858137368078,0.8903257846832275,5.303133487701416,8152,6.442104816436768,8112
1190,9748480,0.0006062932942470851,0.8687467575073242,5.393258094787598,8151,6.518853664398193,8110
1191,9756672,0.0006057006755920395,0.9517717957496643,5.619002342224121,8153,6.6639814376831055,8114
1192,9764864,0.0006051079588156184,0.9368731379508972,5.349137306213379,8153,6.455532073974609,8114
1193,9773056,0.0006045151449619415,0.9029482007026672,5.458676815032959,8150,6.554508209228516,8108
1194,9781248,0.0006039222350752996,0.9179756045341492,5.459496974945068,8146,6.547467231750488,8100
1195,9789440,0.0006033292302001531,0.9127142429351807,5.5097479820251465,8155,6.609609603881836,8118
1196,9797632,0.0006027361313811294,0.8899664878845215,5.4917755126953125,8153,6.609572887420654,8114
1197,9805824,0.0006021429396630212,0.930363118648529,5.607333183288574,8149,6.681401252746582,8106
1198,9814016,0.0006015496560907852,0.9400317072868347,5.491461753845215,8148,6.558896541595459,8105
1199,9822208,0.00060095628170954,0.8988093137741089,5.3228678703308105,8151,6.436457633972168,8110
1200,9830400,0.0006003628175645637,0.909110426902771,5.443325519561768,8153,6.5629072189331055,8114
1201,9838592,0.0005997692647012928,0.9156095385551453,5.496152400970459,8154,6.585860729217529,8116
1202,9846784,0.0005991756241653202,0.8836731314659119,5.5034074783325195,8151,6.601095199584961,8110
1203,9854976,0.000598581897002393,0.9638460874557495,5.524900913238525,8153,6.623867034912109,8114
1204,9863168,0.000597988084258411,0.9615247249603271,5.657476902008057,8152,6.733651161193848,8112
1205,9871360,0.0005973941869794249,0.8987910747528076,5.5548014640808105,8144,6.634926795959473,8096
1206,9879552,0.0005968002062116341,1.1366243362426758,5.434619426727295,8152,6.515742778778076,8112
1207,9887744,0.0005962061430013851,0.9766268730163574,5.499297618865967,8153,6.616981506347656,8114
1208,9895936,0.0005956119983951698,0.9406262636184692,5.367572784423828,8154,6.4599995613098145,8116
1209,9904128,0.0005950177734396232,0.9282671809196472,5.459506511688232,8153,6.564218044281006,8114
1210,9912320,0.0005944234691815223,1.1280303001403809,5.6454386711120605,8150,6.705696105957031,8108
1211,9920512,0.0005938290866677832,0.9044262766838074,5.467268466949463,8147,6.559122562408447,8103
1212,9928704,0.0005932346269454605,0.9704830646514893,5.556609153747559,8154,6.599699974060059,8116
1213,9936896,0.000592640091061744,0.9755154848098755,5.443201541900635,8154,6.536680698394775,8116
1214,9945088,0.0005920454800639586,0.9068580269813538,5.492539405822754,8152,6.6063337326049805,8112
1215,9953280,0.0005914507949995607,1.00774085521698,5.6542253494262695,8150,6.734853267669678,8108
1216,9961472,0.0005908560369161379,0.9415682554244995,5.432379245758057,8150,6.541067123413086,8108
1217,9969664,0.0005902612068614057,0.9597384929656982,5.421809673309326,8152,6.486649990081787,8112
1218,9977856,0.000589666305883207,0.9099204540252686,5.422548770904541,8154,6.541264533996582,8116
1219,9986048,0.0005890713350295093,0.9396243691444397,5.515081882476807,8149,6.589591979980469,8106
1220,9994240,0.0005884762953484031,0.945751428604126,5.407622814178467,8149,6.481605529785156,8107
1221,10002432,0.0005878811878881005,0.9503117203712463,5.380038738250732,8154,6.476595878601074,8116
1222,10010624,0.0005872860136969329,1.0340851545333862,5.648916721343994,8155,6.69240140914917,8118
1223,10018816,0.0005866907738233492,0.9272701144218445,5.438364505767822,8150,6.552852153778076,8108
1224,10027008,0.0005860954693159137,0.9460469484329224,5.578559398651123,8150,6.631000518798828,8108
1225,10035200,0.000585500101223305,0.9158953428268433,5.462166786193848,8151,6.549048900604248,8110
1226,10043392,0.0005849046705943136,0.922389566898346,5.4282989501953125,8151,6.5499491691589355,8110
1227,10051584,0.00058430917847784,0.8981210589408875,5.482883453369141,8151,6.558775901794434,8110
1228,10059776,0.0005837136259228932,0.953870415687561,5.583029747009277,8153,6.646041393280029,8115
1229,10067968,0.0005831180139785886,0.9078458547592163,5.498534679412842,8153,6.597712993621826,8114
1230,10076160,0.0005825223436941461,0.9750197529792786,5.335951805114746,8154,6.416714668273926,8116
1231,10084352,0.0005819266161188885,0.9995262622833252,5.5858964920043945,8153,6.656351566314697,8114
1232,10092544,0.0005813308323022395,1.0013163089752197,5.4078593254089355,8148,6.537081241607666,8104
1233,10100736,0.0005807349932937221,1.0137619972229004,5.555238246917725,8151,6.634660720825195,8110
1234,10108928,0.0005801391001429559,0.9352945685386658,5.486080646514893,8152,6.553638935089111,8112
1235,10117120,0.0005795431538996568,1.0051113367080688,5.790577411651611,8153,6.822171688079834,8114
1236,10125312,0.0005789471556136331,0.9928460717201233,5.389154434204102,8154,6.483108997344971,8116
1237,10133504,0.0005783511063347858,1.0107733011245728,5.663123607635498,8156,6.705877304077148,8120
1238,10141696,0.0005777550071131051,1.0909125804901123,5.511083602905273,8155,6.607414722442627,8118
1239,10149888,0.0005771588589986696,0.9096472859382629,5.4849700927734375,8152,6.556286334991455,8112
1240,10158080,0.0005765626630416437,0.9622998833656311,5.630813121795654,8158,6.726589202880859,8124
1241,10166272,0.0005759664202922763,0.9788194894790649,5.5757341384887695,8154,6.64171838760376,8116
1242,10174464,0.0005753701318008983,1.0166308879852295,5.384636402130127,8157,6.464697360992432,8122
1243,10182656,0.0005747737986179217,0.8375123739242554,5.484439849853516,8153,6.571775436401367,8114
1244,10190848,0.0005741774217938372,0.89264976978302,5.480776786804199,8149,6.579291820526123,8106
1245,10199040,0.000573581002379212,0.9630215167999268,5.455852508544922,8154,6.536832809448242,8116
1246,10207232,0.0005729845414246887,0.947221040725708,5.3803582191467285,8152,6.482666492462158,8112
1247,10215424,0.0005723880399809829,0.930271327495575,5.404428005218506,8152,6.492061138153076,8112
1248,10223616,0.0005717914990988814,0.9438843131065369,5.602602958679199,8153,6.688246726989746,8114
1249,10231808,0.0005711949198292405,0.9576117396354675,5.61821985244751,8150,6.691136360168457,8108
1250,10240000,0.0005705983032229843,0.903047502040863,5.564889430999756,8153,6.646440505981445,8114
1251,10248192,0.000570001650331103,1.0190582275390625,5.5810227394104,8151,6.669015407562256,8110
1252,10256384,0.0005694049622046499,0.9151793718338013,5.5575995445251465,8151,6.623613357543945,8110
1253,10264576,0.0005688082398947409,0.8800455331802368,5.493927478790283,8151,6.586141586303711,8110
1254,10272768,0.000568211484452552,0.9674584865570068,5.513070106506348,8153,6.592287540435791,8114
1255,10280960,0.0005676146969293177,0.9242459535598755,5.400143146514893,8153,6.493288993835449,8114
1256,10289152,0.0005670178783763287,0.9329865574836731,5.506384372711182,8153,6.5943922996521,8114
1257,10297344,0.0005664210298449306,0.9201867580413818,5.458548069000244,8157,6.530951976776123,8122
1258,10305536,0.0005658241523865218,0.901311993598938,5.6680755615234375,8149,6.727768898010254,8106
1259,10313728,0.0005652272470525518,0.9466971755027771,5.400981426239014,8147,6.495984077453613,8102
1260,10321920,0.0005646303148945187,0.8628584146499634,5.377703666687012,8153,6.486298561096191,8114
1261,10330112,0.0005640333569639683,0.9061915278434753,5.54571008682251,8150,6.6229166984558105,8108
1262,10338304,0.0005634363743124918,0.9488598704338074,5.525069713592529,8152,6.620035648345947,8112
1263,10346496,0.0005628393679917234,0.8740316033363342,5.452397346496582,8149,6.583683967590332,8106
1264,10354688,0.0005622423390533401,0.992905855178833,5.495066165924072,8153,6.6035332679748535,8114
1265,10362880,0.0005616452885490577,0.9524933695793152,5.487358570098877,8153,6.595831871032715,8115
1266,10371072,0.0005610482175306302,0.9505487680435181,5.535027503967285,8155,6.630398750305176,8118
1267,10379264,0.0005604511270498482,0.966944694519043,5.457582473754883,8151,6.573329925537109,8110
1268,10387456,0.000559854018158536,1.003188133239746,5.47554874420166,8154,6.569989204406738,8116
1269,10395648,0.0005592568919085508,0.9496728777885437,5.631727695465088,8154,6.697618007659912,8116
1270,10403840,0.0005586597493517799,0.966412365436554,5.5573410987854,8152,6.6420464515686035,8112
1271,10412032,0.00055806259154014,0.9415520429611206,5.590027809143066,8152,6.667116165161133,8112
1272,10420224,0.000557465419525574,0.9033911824226379,5.509605884552002,8147,6.604958534240723,8102
1273,10428416,0.0005568682343600503,0.8991357684135437,5.50097131729126,8154,6.607123851776123,8116
1274,10436608,0.0005562710370955601,0.9551207423210144,5.439046382904053,8155,6.543797016143799,8118
1275,10444800,0.0005556738287841162,0.9551981687545776,5.414070129394531,8148,6.51371955871582,8105
1276,10452992,0.0005550766104777508,0.9757991433143616,5.534915447235107,8153,6.630152225494385,8114
1277,10461184,0.0005544793832285132,0.9660990238189697,5.453999042510986,8150,6.544412136077881,8108
1278,10469376,0.0005538821480884696,1.059120774269104,5.508505821228027,8154,6.594394683837891,8117
1279,10477568,0.0005532849061096989,0.9723528027534485,5.445911407470703,8154,6.504482746124268,8116
1280,10485760,0.0005526876583442928,0.9884880781173706,5.354395389556885,8156,6.475461959838867,8120
1281,10493952,0.0005520904058443527,0.9561910033226013,5.583218574523926,8154,6.663089752197266,8116
1282,10502144,0.0005514931496619889,0.9705474972724915,5.335747241973877,8155,6.457483768463135,8118
1283,10510336,0.0005508958908493176,0.8761953115463257,5.518988609313965,8157,6.597403526306152,8122
1284,10518528,0.00055029863045846,0.9756297469139099,5.5151238441467285,8150,6.620729923248291,8108
1285,10526720,0.00054970136954154,0.9940164089202881,5.552891254425049,8152,6.60012149810791,8112
1286,10534912,0.0005491041091506824,0.9659206867218018,5.4816813468933105,8151,6.558310508728027,8110
1287,10543104,0.0005485068503380113,0.9696789383888245,5.474939823150635,8157,6.570382595062256,8122
1288,10551296,0.0005479095941556473,0.928903341293335,5.430824279785156,8152,6.512962818145752,8112
1289,10559488,0.0005473123416557074,0.9359209537506104,5.552436828613281,8151,6.630224227905273,8110
1290,10567680,0.0005467150938903012,1.0393786430358887,5.481788635253906,8150,6.579597473144531,8108
1291,10575872,0.0005461178519115306,0.9622085690498352,5.6000657081604,8150,6.649852752685547,8108
1292,10584064,0.0005455206167714867,0.9666262269020081,5.544463634490967,8149,6.603050708770752,8106
1293,10592256,0.0005449233895222495,0.9555974006652832,5.680980682373047,8152,6.739543914794922,8112
1294,10600448,0.0005443261712158838,1.0051087141036987,5.5543599128723145,8153,6.659387111663818,8114
1295,10608640,0.00054372896290444,0.973861038684845,5.466366767883301,8153,6.556394577026367,8114
1296,10616832,0.0005431317656399497,0.9869176745414734,5.574944972991943,8154,6.638089179992676,8116
1297,10625024,0.0005425345804744259,1.0133363008499146,5.652238845825195,8151,6.723293781280518,8111
1298,10633216,0.00054193740845986,1.0440572500228882,5.519541263580322,8154,6.583984851837158,8116
1299,10641408,0.00054134025064822,0.9737582206726074,5.542412281036377,8151,6.62729024887085,8110
1300,10649600,0.0005407431080914493,0.9423000812530518,5.4180498123168945,8152,6.556702136993408,8112
1301,10657792,0.0005401459818414642,0.9473338723182678,5.377265453338623,8156,6.518799304962158,8120
1302,10665984,0.0005395488729501519,1.0001620054244995,5.4127326011657715,8153,6.4982590675354,8114
1303,10674176,0.0005389517824693698,0.9764575362205505,5.4949188232421875,8157,6.589303970336914,8122
1304,10682368,0.0005383547114509423,0.967541515827179,5.53871488571167,8153,6.622810363769531,8114
1305,10690560,0.0005377576609466599,0.9562597870826721,5.536480903625488,8152,6.63102912902832,8112
1306,10698752,0.0005371606320082765,1.037704586982727,5.371654033660889,8149,6.467074394226074,8106
1307,10706944,0.0005365636256875083,0.9843566417694092,5.521363735198975,8155,6.622705459594727,8118
1308,10715136,0.0005359666430360319,1.0238209962844849,5.536416053771973,8156,6.6302690505981445,8120
1309,10723328,0.0005353696851054814,0.9820441007614136,5.451700687408447,8155,6.575440883636475,8118
1310,10731520,0.0005347727529474484,1.104032039642334,5.542750358581543,8154,6.625673294067383,8116
1311,10739712,0.0005341758476134782,0.9954215884208679,5.483151912689209,8155,6.592784881591797,8118
1312,10747904,0.0005335789701550696,0.9905981421470642,5.463330268859863,8149,6.581008434295654,8106
1313,10756096,0.0005329821216236715,1.0719050168991089,5.509704113006592,8152,6.57693338394165,8112
1314,10764288,0.0005323853030706826,0.9295638203620911,5.413143157958984,8151,6.517649173736572,8110
1315,10772480,0.0005317885155474481,0.8931909799575806,5.281303405761719,8154,6.413089275360107,8116
1316,10780672,0.0005311917601052593,0.9070937633514404,5.395177841186523,8150,6.470423698425293,8108
1317,10788864,0.0005305950377953502,0.9145214557647705,5.411998271942139,8156,6.513027191162109,8120
1318,10797056,0.0005299983496688971,0.8775595426559448,5.457126617431641,8159,6.545865058898926,8126
1319,10805248,0.0005294016967770156,0.8855094313621521,5.530336856842041,8152,6.6421284675598145,8112
1320,10813440,0.0005288050801707596,0.921688973903656,5.555942535400391,8154,6.657032489776611,8117
1321,10821632,0.0005282085009011188,0.969048261642456,5.503056049346924,8154,6.59020471572876,8116
1322,10829824,0.0005276119600190172,0.9577724933624268,5.507130146026611,8150,6.605154514312744,8108
1323,10838016,0.0005270154585753113,1.0838103294372559,5.583872318267822,8153,6.65049409866333,8114
1324,10846208,0.0005264189976207879,1.0260595083236694,5.335585117340088,8155,6.453195095062256,8118
1325,10854400,0.0005258225782061629,0.9326347708702087,5.394567012786865,8154,6.549835681915283,8116
1326,10862592,0.0005252262013820783,0.9366563558578491,5.496889591217041,8153,6.629063606262207,8114
1327,10870784,0.0005246298681991019,0.9543824791908264,5.364114284515381,8152,6.473636627197266,8112
1328,10878976,0.0005240335797077239,0.9095698595046997,5.438444137573242,8152,6.52606201171875,8112
1329,10887168,0.0005234373369583565,0.907724142074585,5.437553882598877,8153,6.560904502868652,8114
1330,10895360,0.0005228411410013304,0.9288342595100403,5.466100215911865,8152,6.556859493255615,8112
1331,10903552,0.0005222449928868949,0.9657464027404785,5.534564018249512,8152,6.604722023010254,8112
1332,10911744,0.0005216488936652143,0.9982087016105652,5.416399955749512,8154,6.526667594909668,8116
1333,10919936,0.0005210528443863671,0.9591984748840332,5.420356750488281,8154,6.52722692489624,8116
1334,10928128,0.0005204568461003434,0.9642801284790039,5.479343891143799,8155,6.567943572998047,8118
1335,10936320,0.0005198608998570442,1.0122590065002441,5.53695821762085,8153,6.625739097595215,8114
1336,10944512,0.000519265006706278,0.8932012319564819,5.4563798904418945,8151,6.538214683532715,8110
1337,10952704,0.0005186691676977605,0.9642084240913391,5.515253067016602,8153,6.588797092437744,8114
1338,10960896,0.0005180733838811115,0.9843800663948059,5.509799957275391,8149,6.630999565124512,8106
1339,10969088,0.000517477656305854,0.9246428608894348,5.363260269165039,8154,6.504473686218262,8116
1340,10977280,0.0005168819860214115,0.9652632474899292,5.56132698059082,8154,6.6722893714904785,8116
1341,10985472,0.0005162863740771068,0.989133358001709,5.562686920166016,8156,6.62649393081665,8120
1342,10993664,0.00051569082152216,0.9266530275344849,5.465218544006348,8151,6.580207347869873,8110
1343,11001856,0.0005150953294056863,0.9679082632064819,5.406181812286377,8152,6.530787467956543,8112
1344,11010048,0.000514499898776695,0.9834338426589966,5.448685169219971,8149,6.534592628479004,8106
1345,11018240,0.0005139045306840862,0.9040418267250061,5.46364688873291,8155,6.548544406890869,8118
1346,11026432,0.000513309226176651,0.9342230558395386,5.3712334632873535,8151,6.485123157501221,8110
1347,11034624,0.000512713986303067,0.9416489005088806,5.456292152404785,8150,6.5684990882873535,8108
1348,11042816,0.0005121188121118995,0.9338032603263855,5.264085292816162,8154,6.396412372589111,8116
1349,11051008,0.000511523704651597,0.9529863595962524,5.414774417877197,8152,6.537590980529785,8112
1350,11059200,0.000510928664970491,0.9913961887359619,5.404160499572754,8155,6.540199279785156,8118
1351,11067392,0.0005103336941167932,0.9720552563667297,5.501091957092285,8155,6.619685173034668,8118
1352,11075584,0.0005097387931385945,0.9826387763023376,5.358644962310791,8151,6.483353614807129,8110
1353,11083776,0.0005091439630838623,0.9755068421363831,5.483096122741699,8153,6.5847039222717285,8114
1354,11091968,0.0005085492050004394,0.9911872744560242,5.4268717765808105,8151,6.524277210235596,8110
1355,11100160,0.0005079545199360415,0.9098107814788818,5.349264621734619,8153,6.461182594299316,8114
1356,11108352,0.0005073599089382561,0.9725573062896729,5.4242844581604,8148,6.516416549682617,8104
1357,11116544,0.0005067653730545397,1.060829997062683,5.459416389465332,8154,6.557185649871826,8116
1358,11124736,0.0005061709133322169,0.9479790329933167,5.448403358459473,8147,6.574077129364014,8102
1359,11132928,0.0005055765308184778,0.9430192708969116,5.453912258148193,8152,6.535459518432617,8112
1360,11141120,0.0005049822265603769,0.9492603540420532,5.521891117095947,8154,6.611468315124512,8116
1361,11149312,0.0005043880016048303,0.9400668144226074,5.387999534606934,8154,6.484847545623779,8116
1362,11157504,0.0005037938569986149,0.9634042978286743,5.470911502838135,8154,6.585737228393555,8116
1363,11165696,0.000503199793788366,0.9713390469551086,5.332626819610596,8150,6.442229747772217,8108
1364,11173888,0.0005026058130205751,0.9716374278068542,5.509714126586914,8148,6.593750953674316,8104
1365,11182080,0.000502011915741589,1.57530677318573,5.50338077545166,8150,6.609742164611816,8108
1366,11190272,0.000501418102997607,0.9885274767875671,5.654929161071777,8152,6.726001262664795,8112
1367,11198464,0.0005008243758346799,1.0161212682724,5.434967517852783,8154,6.533463478088379,8116
1368,11206656,0.0005002307352987072,1.0069422721862793,5.538331508636475,8156,6.634265899658203,8120
1369,11214848,0.0004996371824354365,1.0404762029647827,5.32157564163208,8155,6.43791389465332,8118
1370,11223040,0.0004990437182904601,0.9683842658996582,5.566015720367432,8149,6.662568092346191,8106
1371,11231232,0.0004984503439092149,1.026746153831482,5.3807854652404785,8149,6.497875690460205,8106
1372,11239424,0.0004978570603369789,1.0040804147720337,5.473895072937012,8156,6.582400798797607,8120
1373,11247616,0.0004972638686188708,0.9268449544906616,5.3591628074646,8152,6.507869243621826,8112
1374,11255808,0.000496670769799847,1.0681068897247314,5.575568675994873,8151,6.68409538269043,8110
1375,11264000,0.0004960777649247006,0.9546593427658081,5.423831462860107,8154,6.5467987060546875,8116
1376,11272192,0.0004954848550380587,0.9947783350944519,5.5169677734375,8152,6.611489772796631,8112
1377,11280384,0.0004948920411843818,1.0693119764328003,5.435629844665527,8153,6.545103549957275,8114
1378,11288576,0.0004942993244079605,1.1130518913269043,5.360945224761963,8152,6.492588520050049,8112
1379,11296768,0.000493706705752915,0.943454384803772,5.306020736694336,8152,6.430416584014893,8112
1380,11304960,0.0004931141862631923,1.0223122835159302,5.26666259765625,8152,6.40792989730835,8112
1381,11313152,0.0004925217669825648,0.9887266755104065,5.477344989776611,8150,6.580169677734375,8108
1382,11321344,0.0004919294489546281,0.9801037907600403,5.51042366027832,8152,6.581587791442871,8112
1383,11329536,0.0004913372332228,0.9522855281829834,5.364023685455322,8155,6.46688985824585,8118
1384,11337728,0.000490745120830318,0.9655124545097351,5.4530439376831055,8153,6.555562973022461,8114
1385,11345920,0.0004901531128202368,0.9337517619132996,5.519812107086182,8150,6.644478797912598,8108
1386,11354112,0.0004895612102354283,0.9487248063087463,5.402895927429199,8152,6.535758018493652,8112
1387,11362304,0.0004889694141185777,1.0528457164764404,5.526419162750244,8151,6.630181789398193,8110
1388,11370496,0.0004883777255121836,1.0417962074279785,5.426187038421631,8156,6.541390895843506,8120
1389,11378688,0.00048778614545855415,0.9077430963516235,5.401096343994141,8150,6.509545803070068,8108
1390,11386880,0.00048719467499980744,1.01935613155365,5.54819393157959,8151,6.668162822723389,8110
1391,11395072,0.0004866033151778674,0.9956954121589661,5.499459743499756,8151,6.611079692840576,8110
1392,11403264,0.0004860120670344641,0.8599788546562195,5.38815450668335,8152,6.497048854827881,8112
1393,11411456,0.0004854209316111299,1.0301741361618042,5.259882926940918,8151,6.414021015167236,8110
1394,11419648,0.0004848299099491992,0.9790071845054626,5.515564441680908,8150,6.618709564208984,8108
1395,11427840,0.0004842390030898059,0.935326099395752,5.374783515930176,8151,6.478399276733398,8110
1396,11436032,0.0004836482120738815,0.9449288845062256,5.469958305358887,8154,6.557974815368652,8116
1397,11444224,0.0004830575379421536,0.9642245769500732,5.402240753173828,8152,6.504957675933838,8113
1398,11452416,0.000482466981735144,0.9822277426719666,5.341856002807617,8152,6.463953495025635,8112
1399,11460608,0.00048187654449316616,0.988534688949585,5.355251789093018,8151,6.510866165161133,8110
1400,11468800,0.00048128622725632496,0.9424599409103394,5.449917316436768,8157,6.56039571762085,8122
1401,11476992,0.00048069603106451285,1.0069371461868286,5.332931041717529,8155,6.472955703735352,8118
1402,11485184,0.00048010595695741005,1.0050883293151855,5.359089374542236,8150,6.4658708572387695,8108
1403,11493376,0.00047951600597448066,1.0086112022399902,5.403433799743652,8154,6.526795864105225,8116
1404,11501568,0.0004789261791549728,0.9790787696838379,5.4762282371521,8153,6.606487274169922,8114
1405,11509760,0.0004783364775379155,0.978694498538971,5.420618534088135,8152,6.537686347961426,8112
1406,11517952,0.00047774690216211707,0.962272047996521,5.465945243835449,8150,6.546497821807861,8108
1407,11526144,0.0004771574540661638,0.9506343007087708,5.337072372436523,8151,6.424603462219238,8110
1408,11534336,0.0004765681342884173,0.9743268489837646,5.4128098487854,8153,6.540373802185059,8114
1409,11542528,0.0004759789438670137,0.953372061252594,5.375385761260986,8156,6.488107204437256,8120
1410,11550720,0.00047538988383986067,0.9664580225944519,5.39949893951416,8147,6.549379825592041,8102
1411,11558912,0.0004748009552446368,0.956407368183136,5.518884658813477,8147,6.646410942077637,8102
1412,11567104,0.0004742121591187885,0.9754329919815063,5.398459434509277,8152,6.544489860534668,8112
1413,11575296,0.0004736234964995293,0.9077142477035522,5.354490756988525,8152,6.506250858306885,8112
1414,11583488,0.0004730349684238374,1.1538857221603394,5.23190450668335,8150,6.363459587097168,8108
1415,11591680,0.0004724465759284541,1.0079598426818848,5.423060417175293,8151,6.527256965637207,8110
1416,11599872,0.00047185832004988137,1.0347950458526611,5.382369041442871,8149,6.5095624923706055,8107
1417,11608064,0.0004712702018243813,0.9478611946105957,5.3675456047058105,8154,6.470423221588135,8116
1418,11616256,0.0004706822222879728,0.9302014708518982,5.394717693328857,8147,6.526101589202881,8102
1419,11624448,0.00047009438247643106,1.0097709894180298,5.576416969299316,8151,6.655373573303223,8110
1420,11632640,0.0004695066834252845,0.977638840675354,5.378713130950928,8154,6.49540901184082,8116
1421,11640832,0.0004689191261698142,0.9464999437332153,5.317777633666992,8147,6.418310165405273,8102
1422,11649024,0.0004683317117450509,0.9559800028800964,5.379724025726318,8155,6.491093635559082,8118
1423,11657216,0.0004677444411857743,0.9617497324943542,5.5357770919799805,8154,6.639550685882568,8117
1424,11665408,0.00046715731552651003,0.9704959988594055,5.364381313323975,8151,6.48807954788208,8110
1425,11673600,0.00046657033580152913,1.0043195486068726,5.313401222229004,8154,6.41675329208374,8116
1426,11681792,0.00046598350304484493,0.9688354134559631,5.332200527191162,8155,6.471747875213623,8118
1427,11689984,0.0004653968182902122,0.8896733522415161,5.352208614349365,8150,6.471644401550293,8108
1428,11698176,0.00046481028257112537,1.0498830080032349,5.428177833557129,8153,6.516531944274902,8114
1429,11706368,0.0004642238969208155,0.9563698172569275,5.144214630126953,8151,6.324522495269775,8110
1430,11714560,0.00046363766237224986,1.018875241279602,5.656551361083984,8147,6.6920695304870605,8102
1431,11722752,0.0004630515799581294,0.9982163310050964,5.376083850860596,8153,6.469014644622803,8115
1432,11730944,0.000462465650710887,0.9484536051750183,5.439981937408447,8153,6.566737174987793,8114
1433,11739136,0.0004618798756626858,1.0104010105133057,5.550174713134766,8155,6.657376766204834,8118
1434,11747328,0.00046129425584541756,0.9414756894111633,5.376889228820801,8155,6.499665260314941,8118
1435,11755520,0.0004607087922906998,0.9746630787849426,5.472016334533691,8150,6.587718963623047,8108
1436,11763712,0.00046012348602987585,0.9498764872550964,5.372323036193848,8154,6.478511810302734,8116
1437,11771904,0.0004595383380940109,0.9590314626693726,5.334437847137451,8150,6.453019618988037,8108
1438,11780096,0.0004589533495138923,0.9768157005310059,5.444665908813477,8155,6.544764518737793,8118
1439,11788288,0.00045836852132002546,0.966937243938446,5.488073348999023,8152,6.5960917472839355,8112
1440,11796480,0.00045778385454263453,0.9527860283851624,5.440023422241211,8154,6.555507659912109,8116
1441,11804672,0.00045719935021165827,1.0460697412490845,5.428624153137207,8147,6.551397800445557,8102
1442,11812864,0.00045661500935674997,1.0284150838851929,5.384952545166016,8153,6.4995832443237305,8114
1443,11821056,0.0004560308330072745,1.0046979188919067,5.3582844734191895,8152,6.502286434173584,8113
1444,11829248,0.00045544682219230727,1.0076122283935547,5.462727069854736,8158,6.581629276275635,8124
1445,11837440,0.0004548629779406317,0.9869043827056885,5.416018486022949,8153,6.524127960205078,8114
1446,11845632,0.00045427930128073835,0.9729046821594238,5.529636383056641,8148,6.6690521240234375,8104
1447,11853824,0.0004536957932408219,1.0150636434555054,5.384377956390381,8151,6.516111850738525,8110
1448,11862016,0.0004531124548487806,1.0154589414596558,5.636830806732178,8155,6.7151007652282715,8118
1449,11870208,0.0004525292871322134,0.9215379953384399,5.347463130950928,8153,6.491166114807129,8114
1450,11878400,0.00045194629111841887,0.9210988879203796,5.2325921058654785,8155,6.37327241897583,8118
1451,11886592,0.0004513634678343931,1.0158368349075317,5.333006381988525,8152,6.440900802612305,8112
1452,11894784,0.00045078081830682743,1.0645225048065186,5.458004951477051,8152,6.570412635803223,8112
1453,11902976,0.0004501983435621079,0.9421237111091614,5.440882682800293,8149,6.534181118011475,8106
1454,11911168,0.000449616044626312,0.9936695098876953,5.386551856994629,8152,6.5054497718811035,8112
1455,11919360,0.0004490339225252079,1.0007774829864502,5.468000888824463,8153,6.562411308288574,8114
1456,11927552,0.00044845197828425205,0.9251515865325928,5.4018168449401855,8149,6.527859687805176,8106
1457,11935744,0.0004478702129285878,0.986308753490448,5.4963836669921875,8152,6.573726654052734,8113
1458,11943936,0.0004472886274830429,0.9598678946495056,5.288519382476807,8157,6.371232032775879,8122
1459,11952128,0.00044670722297212906,0.9684560894966125,5.361353874206543,8151,6.448919296264648,8110
1460,11960320,0.00044612600042003817,0.9529236555099487,5.319784641265869,8152,6.423854827880859,8112
1461,11968512,0.00044554496085064246,1.0471577644348145,5.427618980407715,8150,6.513806343078613,8108
1462,11976704,0.0004449641052874913,0.9640753865242004,5.26867151260376,8156,6.423168659210205,8120
1463,11984896,0.00044438343475381034,0.9501445889472961,5.419745922088623,8150,6.5135297775268555,8108
1464,11993088,0.00044380295027249874,1.0030760765075684,5.2483086585998535,8154,6.405933380126953,8116
1465,12001280,0.00044322265286612857,1.0277549028396606,5.4932074546813965,8154,6.588647365570068,8116
1466,12009472,0.0004426425435569416,0.9148494005203247,5.269912242889404,8155,6.394598484039307,8118
1467,12017664,0.00044206262336684914,0.9742812514305115,5.332546710968018,8156,6.453629016876221,8120
1468,12025856,0.0004414828933174285,0.9827929735183716,5.407893657684326,8147,6.528348445892334,8102
1469,12034048,0.0004409033544299225,1.0968199968338013,5.343603610992432,8154,6.4752583503723145,8117
1470,12042240,0.00044032400772523714,0.9589312672615051,5.619661331176758,8152,6.672236919403076,8113
1471,12050432,0.0004397448542239398,0.9755274653434753,5.39463996887207,8153,6.523461818695068,8114
1472,12058624,0.00043916589494625777,0.9188674688339233,5.310433387756348,8151,6.4342427253723145,8110
1473,12066816,0.00043858713091207566,0.917504072189331,5.410891532897949,8152,6.5421648025512695,8112
1474,12075008,0.0004380085631409349,0.9560801386833191,5.38299036026001,8151,6.514136791229248,8110
1475,12083200,0.00043743019265203033,0.9425216913223267,5.512810230255127,8152,6.596944332122803,8112
1476,12091392,0.0004368520204642102,0.9233229160308838,5.477606773376465,8154,6.599475383758545,8116
1477,12099584,0.0004362740475959724,0.9692304730415344,5.41726016998291,8151,6.53664493560791,8110
1478,12107776,0.00043569627506546467,1.0996298789978027,5.356025695800781,8150,6.482825756072998,8108
1479,12115968,0.0004351187038904811,0.9208870530128479,5.379158020019531,8153,6.507306098937988,8114
1480,12124160,0.0004345413350884617,1.0113741159439087,5.271094799041748,8155,6.462451457977295,8118
1481,12132352,0.0004339641696764893,1.0064870119094849,5.546128273010254,8149,6.670309066772461,8106
1482,12140544,0.00043338720867128915,0.9453180432319641,5.393495082855225,8152,6.518805027008057,8112
1483,12148736,0.00043281045308922575,0.9616979956626892,5.495640754699707,8155,6.589574337005615,8118
1484,12156928,0.00043223390394630243,1.0312299728393555,5.53671932220459,8151,6.626486301422119,8110
1485,12165120,0.0004316575622581581,0.9527308344841003,5.364197254180908,8147,6.513419151306152,8102
1486,12173312,0.00043108142904006697,0.8871739506721497,5.451515197753906,8151,6.575485706329346,8110
1487,12181504,0.00043050550530693537,0.9244664907455444,5.299266338348389,8151,6.430856227874756,8110
1488,12189696,0.000429929792073301,0.9595112800598145,5.40775203704834,8149,6.5185227394104,8106
1489,12197888,0.00042935429035333064,0.9301660060882568,5.344583034515381,8152,6.457710266113281,8112
1490,12206080,0.00042877900116081847,1.0124640464782715,5.477332592010498,8146,6.592108249664307,8100
1491,12214272,0.0004282039255091842,0.9621317386627197,5.465836048126221,8152,6.612479209899902,8112
1492,12222464,0.00042762906441147144,0.9840707778930664,5.381636619567871,8145,6.5330634117126465,8098
1493,12230656,0.00042705441888034616,1.2129571437835693,5.338469982147217,8154,6.480522632598877,8116
1494,12238848,0.0004264799899280938,1.0557754039764404,5.245792865753174,8155,6.404252052307129,8119
1495,12247040,0.0004259057785666193,0.9798083901405334,5.4869208335876465,8148,6.576642036437988,8105
1496,12255232,0.0004253317858074432,0.9894487857818604,5.585452556610107,8150,6.685186386108398,8108
1497,12263424,0.00042475801266170205,0.9634657502174377,5.333364009857178,8151,6.491662502288818,8110
1498,12271616,0.00042418446014014455,0.9529405236244202,5.419787406921387,8158,6.509900093078613,8124
1499,12279808,0.00042361112925313164,0.9523011445999146,5.337934970855713,8150,6.421485424041748,8108
1500,12288000,0.0004230380210106329,0.9195644855499268,5.384050369262695,8148,6.505533218383789,8104
1501,12296192,0.0004224651364222266,0.9321966767311096,5.416669845581055,8156,6.523777008056641,8120
1502,12304384,0.0004218924764970964,0.9490705728530884,5.336730480194092,8150,6.484501361846924,8108
1503,12312576,0.0004213200422440306,0.9732484221458435,5.238043308258057,8155,6.375491619110107,8118
1504,12320768,0.0004207478346714195,0.9562707543373108,5.4144110679626465,8153,6.559014797210693,8114
1505,12328960,0.0004201758547872546,1.007725477218628,5.40049934387207,8150,6.479679107666016,8108
1506,12337152,0.000419604103599126,0.9502089619636536,5.574630260467529,8157,6.678932189941406,8122
1507,12345344,0.00041903258211422093,0.9218854308128357,5.334868431091309,8155,6.44590425491333,8118
1508,12353536,0.00041846129133932215,0.9205172657966614,5.2592010498046875,8153,6.42163610458374,8115
1509,12361728,0.000417890232280806,0.9371013641357422,5.327066898345947,8150,6.481399059295654,8108
1510,12369920,0.0004173194059446402,0.9366319179534912,5.322704792022705,8148,6.446643829345703,8104
1511,12378112,0.00041674881333638315,0.9373883605003357,5.487232685089111,8153,6.595767021179199,8114
1512,12386304,0.00041617845546118094,1.0039807558059692,5.4417219161987305,8147,6.583171367645264,8103
1513,12394496,0.00041560833332376674,0.9076017141342163,5.383960723876953,8150,6.510454177856445,8108
1514,12402688,0.0004150384479284581,0.9802514314651489,5.410666465759277,8153,6.53935432434082,8114
1515,12410880,0.0004144688002791553,0.9920427799224854,5.438718795776367,8154,6.566433429718018,8116
1516,12419072,0.00041389939137934047,0.9654383659362793,5.329932689666748,8151,6.475316524505615,8110
1517,12427264,0.00041333022223207443,0.9628646373748779,5.348117351531982,8152,6.493941783905029,8112
1518,12435456,0.0004127612938399963,0.9805868268013,5.476833820343018,8153,6.597782135009766,8114
1519,12443648,0.0004121926072053205,0.9807652831077576,5.342935562133789,8148,6.483652114868164,8104
1520,12451840,0.0004116241633298361,1.032581090927124,5.439657688140869,8151,6.5615692138671875,8110
1521,12460032,0.0004110559632149042,1.0359712839126587,5.437745571136475,8150,6.516366958618164,8108
1522,12468224,0.0004104880078614566,0.9779909253120422,5.148970603942871,8152,6.300933361053467,8112
1523,12476416,0.00040992029826999375,0.9552671909332275,5.414206027984619,8153,6.526735782623291,8114
1524,12484608,0.00040935283544058366,0.9685914516448975,5.428187847137451,8154,6.562057018280029,8116
1525,12492800,0.0004087856203728591,0.9775686860084534,5.368903160095215,8156,6.480525016784668,8120
1526,12500992,0.00040821865406601686,0.9480934143066406,5.436895370483398,8154,6.576598167419434,8116
1527,12509184,0.00040765193751881484,0.9731539487838745,5.385657787322998,8157,6.518552780151367,8122
1528,12517376,0.00040708547172957186,0.9862746596336365,5.3977837562561035,8156,6.49131441116333,8120
1529,12525568,0.00040651925769616425,1.0361543893814087,5.492222785949707,8153,6.596714496612549,8114
1530,12533760,0.00040595329641602537,0.941119372844696,5.421262741088867,8150,6.542863845825195,8108
1531,12541952,0.00040538758888614287,1.0434186458587646,5.331790924072266,8147,6.440654277801514,8102
1532,12550144,0.00040482213610305796,1.1185401678085327,5.290946006774902,8155,6.40769624710083,8118
1533,12558336,0.0004042569390628624,1.0877915620803833,5.261059284210205,8157,6.421365737915039,8122
1534,12566528,0.0004036919987611983,0.9631670713424683,5.281721591949463,8150,6.432717800140381,8108
1535,12574720,0.0004031273161932544,0.9703962206840515,5.3466925621032715,8148,6.477455139160156,8104
1536,12582912,0.0004025628923537664,1.1171727180480957,5.427687644958496,8156,6.506270408630371,8120
1537,12591104,0.00040199872823701413,1.074434757232666,5.4391608238220215,8156,6.554081916809082,8120
1538,12599296,0.00040143482483681906,1.0445715188980103,5.154066562652588,8150,6.2961039543151855,8108
1539,12607488,0.00040087118314654444,0.9959404468536377,5.274237632751465,8151,6.402953624725342,8110
1540,12615680,0.0004003078041590917,1.0446969270706177,5.344975471496582,8158,6.503242492675781,8124
1541,12623872,0.00039974468886690005,0.9697102904319763,5.152811527252197,8150,6.293369770050049,8108
1542,12632064,0.0003991818382619437,1.0982204675674438,5.475989818572998,8151,6.594888687133789,8110
1543,12640256,0.00039861925333573115,1.0656235218048096,5.429738998413086,8155,6.5026679039001465,8118
1544,12648448,0.0003980569350793021,0.9739350080490112,5.360288143157959,8152,6.471898078918457,8112
1545,12656640,0.00039749488448322746,1.0312469005584717,5.433654308319092,8152,6.5860490798950195,8112
1546,12664832,0.0003969331025376057,0.9836339354515076,5.297226428985596,8147,6.422725677490234,8102
1547,12673024,0.0003963715902320629,1.0075432062149048,5.39720344543457,8147,6.519613265991211,8102
1548,12681216,0.00039581034855574933,1.0215818881988525,5.384792804718018,8154,6.495218753814697,8116
1549,12689408,0.0003952493784973391,1.0218826532363892,5.321636199951172,8152,6.461587429046631,8112
1550,12697600,0.00039468868104502764,0.9763883352279663,5.404542446136475,8152,6.545808792114258,8112
1551,12705792,0.00039412825718653026,1.0116220712661743,5.416271686553955,8154,6.574490070343018,8116
1552,12713984,0.0003935681079090799,1.0813552141189575,5.471236705780029,8153,6.598086833953857,8114
1553,12722176,0.00039300823419942665,0.9392666220664978,5.3708648681640625,8152,6.5292277336120605,8112
1554,12730368,0.0003924486370438341,1.0101892948150635,5.320809841156006,8155,6.471855163574219,8118
1555,12738560,0.00039188931742807967,1.00150465965271,5.353702545166016,8152,6.4767560958862305,8112
1556,12746752,0.000391330276337451,1.014045000076294,5.370601177215576,8152,6.494592189788818,8112
1557,12754944,0.00039077151475674584,0.9567803144454956,5.39113712310791,8149,6.485280513763428,8106
1558,12763136,0.0003902130336702691,0.915422797203064,5.258398532867432,8152,6.4120707511901855,8112
1559,12771328,0.0003896548340618316,0.9011701941490173,5.290602684020996,8154,6.433233261108398,8116
1560,12779520,0.00038909691691474857,0.9821934700012207,5.191333770751953,8155,6.365825176239014,8118
1561,12787712,0.00038853928321183737,0.9841936230659485,5.30290412902832,8148,6.430444240570068,8104
1562,12795904,0.0003879819339354163,1.02165949344635,5.422428131103516,8152,6.575688362121582,8112
1563,12804096,0.00038742487006730215,0.9231293797492981,5.3283514976501465,8147,6.465220928192139,8102
1564,12812288,0.00038686809258880984,0.9914705157279968,5.211519241333008,8152,6.367892742156982,8112
1565,12820480,0.00038631160248074874,0.9787392020225525,5.254037380218506,8151,6.390666961669922,8110
1566,12828672,0.00038575540072342286,0.9953018426895142,5.480911731719971,8155,6.611058235168457,8118
1567,12836864,0.0003851994882966275,1.0307945013046265,5.428793907165527,8156,6.593095779418945,8120
1568,12845056,0.00038464386617964916,0.9807803630828857,5.455483436584473,8152,6.577744960784912,8112
1569,12853248,0.0003840885353512618,1.5450176000595093,5.396664619445801,8152,6.535704612731934,8112
1570,12861440,0.0003835334967897276,1.0531240701675415,5.2337646484375,8153,6.416790962219238,8114
1571,12869632,0.0003829787514727926,0.9688287377357483,5.3659820556640625,8151,6.514506816864014,8110
1572,12877824,0.0003824243003776872,0.960779070854187,5.491620063781738,8149,6.5456085205078125,8106
1573,12886016,0.0003818701444811229,0.9370553493499756,5.486274719238281,8154,6.600421905517578,8116
1574,12894208,0.0003813162847592917,0.9792726039886475,5.431777477264404,8149,6.547208309173584,8106
1575,12902400,0.0003807627221878633,0.9936248660087585,5.2754316329956055,8152,6.418635368347168,8112
1576,12910592,0.00038020945774198457,0.990318238735199,5.254186630249023,8152,6.402306079864502,8112
1577,12918784,0.0003796564923962765,0.9920640587806702,5.305685997009277,8158,6.473429203033447,8124
1578,12926976,0.00037910382712483384,0.9337053298950195,5.253493785858154,8153,6.417560577392578,8114
1579,12935168,0.00037855146290122243,1.0174095630645752,5.337268352508545,8153,6.485380172729492,8114
1580,12943360,0.00037799940069847766,1.073292851448059,5.401066780090332,8152,6.543862342834473,8112
1581,12951552,0.0003774476414891033,1.005367636680603,5.278809070587158,8148,6.3984479904174805,8104
1582,12959744,0.0003768961862450688,0.954306960105896,5.25754976272583,8153,6.390949249267578,8114
1583,12967936,0.0003763450359378088,0.9790800213813782,5.261800765991211,8153,6.42651891708374,8114
1584,12976128,0.0003757941915382201,0.9812375903129578,5.406884670257568,8148,6.537703037261963,8104
1585,12984320,0.00037524365401666134,1.0107104778289795,5.19919490814209,8154,6.321035385131836,8116
1586,12992512,0.0003746934243429498,1.1177703142166138,5.428759574890137,8151,6.546354293823242,8110
1587,13000704,0.00037414350348636107,0.9969638586044312,5.315247535705566,8150,6.454628944396973,8108
1588,13008896,0.0003735938924156264,1.0067670345306396,5.447961807250977,8153,6.5513811111450195,8114
1589,13017088,0.00037304459209893157,0.9773707389831543,5.310758113861084,8154,6.449004173278809,8116
1590,13025280,0.0003724956035039146,0.9756131768226624,5.252294540405273,8154,6.428264617919922,8116
1591,13033472,0.00037194692759766486,1.091931939125061,5.511998653411865,8152,6.613320827484131,8112
1592,13041664,0.00037139856534672023,1.032160997390747,5.403558254241943,8153,6.493293762207031,8114
1593,13049856,0.0003708505177170669,1.007046103477478,5.382853984832764,8149,6.504137992858887,8107
1594,13058048,0.0003703027856741361,1.029133915901184,5.2646803855896,8156,6.410810470581055,8120
1595,13066240,0.0003697553701828035,1.049310326576233,5.30137300491333,8154,6.421571731567383,8116
1596,13074432,0.00036920827220738694,1.017264723777771,5.4606523513793945,8151,6.547662258148193,8110
1597,13082624,0.00036866149271164525,1.0390689373016357,5.313228130340576,8152,6.464460372924805,8112
1598,13090816,0.00036811503265877577,1.043961763381958,5.381886005401611,8150,6.496520519256592,8108
1599,13099008,0.0003675688930114135,1.021635890007019,5.503435134887695,8156,6.627702713012695,8120
1600,13107200,0.0003670230747316288,0.94183349609375,5.287558555603027,8151,6.437750816345215,8110
1601,13115392,0.000366477578780926,1.0793081521987915,5.474856853485107,8151,6.579186916351318,8110
1602,13123584,0.0003659324061202419,0.9622064828872681,5.324023246765137,8156,6.443319797515869,8120
1603,13131776,0.000365387557709943,1.0166763067245483,5.39501953125,8155,6.5538225173950195,8118
1604,13139968,0.00036484303450982566,0.9898334741592407,5.352562427520752,8155,6.533809185028076,8118
1605,13148160,0.00036429883747911236,0.9348291754722595,5.317134857177734,8153,6.445791244506836,8114
1606,13156352,0.00036375496757645184,0.9934982061386108,5.359521865844727,8150,6.48715877532959,8108
1607,13164544,0.00036321142575991577,0.947713315486908,5.274418830871582,8153,6.388608455657959,8114
1608,13172736,0.0003626682129869989,0.934393048286438,5.427565097808838,8154,6.549763202667236,8117
1609,13180928,0.0003621253302146149,1.0031664371490479,5.42119836807251,8152,6.588861465454102,8112
1610,13189120,0.0003615827783990979,1.097699761390686,5.433811187744141,8153,6.549445629119873,8114
1611,13197312,0.0003610405584961972,1.0363473892211914,5.406091213226318,8155,6.510438919067383,8118
1612,13205504,0.00036049867146107896,1.0115134716033936,5.331852436065674,8152,6.460117816925049,8112
1613,13213696,0.0003599571182483217,1.0211660861968994,5.284884452819824,8153,6.4238409996032715,8114
1614,13221888,0.0003594158998119172,0.9983491897583008,5.3644585609436035,8153,6.534854412078857,8115
1615,13230080,0.00035887501710526597,1.0374174118041992,5.429748058319092,8157,6.5308756828308105,8122
1616,13238272,0.00035833447108117876,0.9873434901237488,5.253951549530029,8148,6.407557010650635,8104
1617,13246464,0.0003577942626918715,1.065200686454773,5.239876747131348,8154,6.405174732208252,8116
1618,13254656,0.000357254392888967,1.0395678281784058,5.342980861663818,8148,6.439822196960449,8104
1619,13262848,0.0003567148626234902,1.0475975275039673,5.288301467895508,8152,6.4536638259887695,8112
1620,13271040,0.0003561756728458692,1.0404775142669678,5.231372356414795,8153,6.377095699310303,8114
1621,13279232,0.00035563682450593097,1.0576486587524414,5.412596702575684,8150,6.520889759063721,8108
1622,13287424,0.0003550983185529023,1.014623761177063,5.342212200164795,8150,6.482100963592529,8108
1623,13295616,0.000354560155935406,0.9718979597091675,5.301697254180908,8157,6.411815166473389,8122
1624,13303808,0.00035402233760146025,0.9554201364517212,5.433075428009033,8149,6.568048477172852,8106
1625,13312000,0.00035348486449847714,0.9599907994270325,5.349181652069092,8156,6.477569103240967,8120
1626,13320192,0.00035294773757325957,0.959071159362793,5.5014729499816895,8154,6.608880996704102,8116
1627,13328384,0.0003524109577720022,1.1027837991714478,5.295827865600586,8149,6.438819885253906,8106
1628,13336576,0.00035187452604028654,1.0266444683074951,5.282946586608887,8150,6.447956085205078,8109
1629,13344768,0.00035133844332308243,1.0030314922332764,5.345898151397705,8147,6.500283718109131,8102
1630,13352960,0.0003508027105647434,1.015432596206665,5.3347625732421875,8152,6.491273880004883,8112
1631,13361152,0.00035026732870900817,1.0002413988113403,5.404855251312256,8154,6.530127048492432,8116
1632,13369344,0.00034973229869899556,0.9810282588005066,5.206347465515137,8153,6.340203762054443,8114
1633,13377536,0.0003491976214772062,1.014609456062317,5.470152378082275,8152,6.575165271759033,8112
1634,13385728,0.00034866329798551797,1.079993486404419,5.300550937652588,8156,6.4485297203063965,8120
1635,13393920,0.0003481293291651867,0.9964717626571655,5.192199230194092,8148,6.305666923522949,8104
1636,13402112,0.00034759571595684234,0.9607185125350952,5.37824821472168,8154,6.516174793243408,8116
1637,13410304,0.0003470624593004895,1.030330777168274,5.2407331466674805,8155,6.36947774887085,8118
1638,13418496,0.0003465295601355035,1.027068853378296,5.157564640045166,8154,6.3457722663879395,8116
1639,13426688,0.00034599701940063145,1.1015563011169434,5.455555438995361,8149,6.582588195800781,8106
1640,13434880,0.0003454648380339873,0.9383152723312378,5.3467888832092285,8155,6.4919915199279785,8118
1641,13443072,0.0003449330169730535,1.0642383098602295,5.3577561378479,8152,6.5049214363098145,8112
1642,13451264,0.0003444015571546765,0.987389087677002,5.341516017913818,8149,6.484952449798584,8106
1643,13459456,0.0003438704595150675,1.0582457780838013,5.321710586547852,8150,6.480178356170654,8108
1644,13467648,0.0003433397249897991,1.01371169090271,5.417080879211426,8153,6.557864665985107,8114
1645,13475840,0.000342809354513804,1.0376430749893188,5.116480827331543,8148,6.277347087860107,8105
1646,13484032,0.0003422793490213745,0.9873343110084534,5.330734729766846,8151,6.508753776550293,8110
1647,13492224,0.00034174970944615874,1.0341527462005615,5.290638446807861,8150,6.431227684020996,8108
1648,13500416,0.00034122043672116156,1.0444023609161377,5.433139801025391,8153,6.5728654861450195,8114
1649,13508608,0.0003406915317787402,1.087146282196045,5.38282585144043,8151,6.531644821166992,8110
1650,13516800,0.0003401629955506055,1.0277289152145386,5.436984062194824,8153,6.6082282066345215,8115
1651,13524992,0.0003396348289678173,1.0436798334121704,5.319175720214844,8150,6.434171199798584,8108
1652,13533184,0.0003391070329607857,1.1820242404937744,5.3496880531311035,8153,6.4965291023254395,8114
1653,13541376,0.0003385796084592665,0.9961642622947693,5.280555248260498,8152,6.4070868492126465,8112
1654,13549568,0.00033805255639236267,1.0741486549377441,5.4997711181640625,8150,6.626065731048584,8108
1655,13557760,0.0003375258776885195,0.9412615299224854,5.309055328369141,8151,6.465377330780029,8110
1656,13565952,0.0003369995732755261,0.9606557488441467,5.229773044586182,8152,6.372889041900635,8112
1657,13574144,0.00033647364408051077,1.0471704006195068,5.4348859786987305,8148,6.53872013092041,8104
1658,13582336,0.00033594809102994235,1.029195785522461,5.420074939727783,8151,6.540307998657227,8111
1659,13590528,0.0003354229150496255,0.9784400463104248,5.260287284851074,8155,6.380769729614258,8118
1660,13598720,0.0003348981170647021,0.998431921005249,5.345271587371826,8148,6.483007907867432,8104
1661,13606912,0.0003343736979996469,0.9439606070518494,5.432640075683594,8150,6.566712856292725,8108
1662,13615104,0.0003338496587782681,1.0832067728042603,5.3268561363220215,8153,6.464614391326904,8114
1663,13623296,0.0003333260003237042,1.0598015785217285,5.3974690437316895,8152,6.548227310180664,8112
1664,13631488,0.00033280272355842334,0.9718503355979919,5.144375801086426,8154,6.321320533752441,8116
1665,13639680,0.00033227982940422086,1.0461879968643188,5.427264213562012,8153,6.542550086975098,8114
1666,13647872,0.0003317573187822183,1.060801386833191,5.384093761444092,8150,6.499834060668945,8108
1667,13656064,0.0003312351926128621,0.9804692268371582,5.361353874206543,8152,6.476837158203125,8112
1668,13664256,0.00033071345181592035,1.0264256000518799,5.484958648681641,8149,6.5953569412231445,8106
1669,13672448,0.0003301920973104834,1.061727523803711,5.442124843597412,8153,6.588820934295654,8114
1670,13680640,0.00032967113001496014,0.9754147529602051,5.3258466720581055,8154,6.446390628814697,8116
1671,13688832,0.00032915055084707824,0.9577392935752869,5.336535453796387,8150,6.477511882781982,8108
1672,13697024,0.00032863036072388073,0.9866951704025269,5.493059158325195,8155,6.646860599517822,8118
1673,13705216,0.00032811056056172643,0.9728078246116638,5.234427452087402,8147,6.389850616455078,8102
1674,13713408,0.0003275911512762859,1.007756233215332,5.461912155151367,8151,6.583601951599121,8110
1675,13721600,0.00032707213378254253,0.9454808235168457,5.313020706176758,8151,6.5173659324646,8111
1676,13729792,0.0003265535089947881,0.9413747191429138,5.32826566696167,8155,6.443426132202148,8118
1677,13737984,0.00032603527782662403,0.9544759392738342,5.4139275550842285,8152,6.524335861206055,8112
1678,13746176,0.00032551744119095724,0.9906890392303467,5.368969917297363,8157,6.535083770751953,8122
1679,13754368,0.0003250000000000001,0.944352388381958,5.245983123779297,8151,6.387345790863037,8111
1680,13762560,0.0003244829551652684,0.9327106475830078,5.2393059730529785,8152,6.3772101402282715,8112
1681,13770752,0.0003239663075975796,0.987545907497406,5.370307445526123,8152,6.473583698272705,8112
1682,13778944,0.0003234500582070514,1.0187920331954956,5.419162273406982,8156,6.531276702880859,8120
1683,13787136,0.00032293420790310015,0.9591907262802124,5.180205821990967,8154,6.347700595855713,8116
1684,13795328,0.000322418757594439,1.0485122203826904,5.232185363769531,8152,6.378509521484375,8112
1685,13803520,0.00032190370818907657,0.9205179810523987,5.191914081573486,8151,6.337409496307373,8110
1686,13811712,0.0003213890605943153,1.009433627128601,5.206000328063965,8151,6.361837387084961,8110
1687,13819904,0.00032087481571674954,0.977615475654602,5.413840293884277,8151,6.589871406555176,8110
1688,13828096,0.000320360974462265,0.9897499084472656,5.2973809242248535,8151,6.453875541687012,8110
1689,13836288,0.0003198475377360351,1.0128947496414185,5.299557685852051,8153,6.464646816253662,8114
1690,13844480,0.00031933450644252204,1.0050480365753174,5.302615165710449,8150,6.476717948913574,8108
1691,13852672,0.00031882188148547245,1.087628960609436,5.446869373321533,8155,6.578829288482666,8118
1692,13860864,0.00031830966376791863,1.0883058309555054,5.320474624633789,8149,6.445974349975586,8106
1693,13869056,0.00031779785419217384,1.051469326019287,5.359062671661377,8155,6.52022123336792,8118
1694,13877248,0.0003172864536598341,1.0854320526123047,5.286930084228516,8152,6.418467998504639,8112
1695,13885440,0.0003167754630717735,1.0251506567001343,5.239342212677002,8152,6.410428047180176,8112
1696,13893632,0.00031626488332814454,0.957297682762146,5.21887731552124,8149,6.361097812652588,8106
1697,13901824,0.00031575471532837603,1.0001388788223267,5.336238861083984,8153,6.485550403594971,8114
1698,13910016,0.0003152449599711713,1.0372164249420166,5.320135116577148,8151,6.475276947021484,8110
1699,13918208,0.0003147356181545068,0.9934576153755188,5.204695701599121,8158,6.366947174072266,8124
1700,13926400,0.0003142266907756307,0.9814841151237488,5.23828125,8150,6.358055114746094,8109
1701,13934592,0.0003137181787310607,1.0320868492126465,5.262304306030273,8153,6.379736423492432,8114
1702,13942784,0.0003132100829165833,1.0213801860809326,5.3208770751953125,8152,6.463125705718994,8112
1703,13950976,0.00031270240422725143,0.9245030283927917,5.205907821655273,8154,6.379491329193115,8116
1704,13959168,0.0003121951435573834,0.9703576564788818,5.318506717681885,8150,6.449830532073975,8108
1705,13967360,0.0003116883018005611,0.9742719531059265,5.436947822570801,8151,6.549936294555664,8110
1706,13975552,0.00031118187984962843,0.9494839310646057,5.198183536529541,8154,6.352079391479492,8116
1707,13983744,0.00031067587859668987,0.9618369340896606,5.363381862640381,8148,6.504797458648682,8105
1708,13991936,0.0003101702989331085,0.9512729048728943,5.336808681488037,8151,6.486569404602051,8110
1709,14000128,0.0003096651417495055,0.9594444632530212,5.344396114349365,8151,6.49591064453125,8110
1710,14008320,0.0003091604079357567,0.9551213979721069,5.3333659172058105,8148,6.481993198394775,8104
1711,14016512,0.0003086560983809932,0.9533064961433411,5.283237934112549,8152,6.431219577789307,8113
1712,14024704,0.00030815221397359775,0.9591646194458008,5.335309028625488,8153,6.4628167152404785,8114
1713,14032896,0.0003076487556012053,0.9838880300521851,5.3928446769714355,8152,6.519162178039551,8112
1714,14041088,0.0003071457241506991,0.9824497699737549,5.351431369781494,8154,6.532444953918457,8116
1715,14049280,0.00030664312050821116,1.0473566055297852,5.354085445404053,8150,6.500705242156982,8108
1716,14057472,0.0003061409455591196,1.0476149320602417,5.37053918838501,8154,6.5393853187561035,8116
1717,14065664,0.0003056392001880474,0.9378731846809387,5.30767297744751,8152,6.457437992095947,8113
1718,14073856,0.0003051378852788608,0.9791373610496521,5.320684909820557,8149,6.479255199432373,8106
1719,14082048,0.0003046370017146677,1.0289465188980103,5.4921875,8151,6.611362457275391,8110
1720,14090240,0.0003041365503778162,1.0209767818450928,5.244779109954834,8152,6.402871608734131,8112
1721,14098432,0.0003036365321498929,1.0581923723220825,5.4380202293396,8153,6.537096977233887,8114
1722,14106624,0.0003031369479117217,1.0197315216064453,5.175925254821777,8153,6.339674949645996,8114
1723,14114816,0.0003026377985433616,1.0369302034378052,5.370816230773926,8151,6.49913215637207,8110
1724,14123008,0.000302139084924106,0.9623016119003296,5.303993225097656,8151,6.420743942260742,8110
1725,14131200,0.00030164080793248013,0.9554820656776428,5.198240756988525,8153,6.336225509643555,8114
1726,14139392,0.0003011429684462407,1.0063540935516357,5.368557929992676,8157,6.50897216796875,8122
1727,14147584,0.0003006455673423732,1.006226658821106,5.298163890838623,8152,6.460368633270264,8112
1728,14155776,0.00030014860549709113,1.0001130104064941,5.351457595825195,8153,6.475726127624512,8114
1729,14163968,0.00029965208378583414,1.0871950387954712,5.257712364196777,8149,6.404132843017578,8106
1730,14172160,0.00029915600308326657,1.04743492603302,5.359347343444824,8152,6.483645915985107,8112
1731,14180352,0.0002986603642632758,0.9685462713241577,5.415429592132568,8154,6.562759876251221,8117
1732,14188544,0.00029816516819897084,0.9910669326782227,5.205533027648926,8153,6.373583793640137,8114
1733,14196736,0.0002976704157626809,0.9660075306892395,5.180434226989746,8152,6.367018222808838,8112
1734,14204928,0.0002971761078259535,0.9689512252807617,5.413376808166504,8149,6.529720783233643,8106
1735,14213120,0.00029668224525955316,1.0737866163253784,5.349474906921387,8150,6.514532566070557,8108
1736,14221312,0.00029618882893346,1.0877506732940674,5.237612247467041,8151,6.373345851898193,8110
1737,14229504,0.0002956958597168678,0.9954807162284851,5.3529767990112305,8149,6.477387428283691,8106
1738,14237696,0.000295203338478183,1.0793406963348389,5.334968566894531,8153,6.495610237121582,8114
1739,14245888,0.0002947112660850227,1.0171971321105957,5.363245964050293,8154,6.498116493225098,8116
1740,14254080,0.0002942196434042133,1.054944396018982,5.324530601501465,8150,6.487860202789307,8108
1741,14262272,0.0002937284713017892,1.0713666677474976,5.301021099090576,8153,6.467155456542969,8115
1742,14270464,0.0002932377506429908,1.0053555965423584,5.250673770904541,8151,6.415226936340332,8110
1743,14278656,0.0002927474822922635,1.0127485990524292,5.201927661895752,8153,6.360327243804932,8114
1744,14286848,0.0002922576671132558,1.0173383951187134,5.25248908996582,8147,6.390872955322266,8102
1745,14295040,0.0002917683059688178,1.0192790031433105,5.275369167327881,8154,6.4150471687316895,8116
1746,14303232,0.0002912793997209999,0.9946037530899048,5.335312366485596,8152,6.506595611572266,8112
1747,14311424,0.0002907909492310512,1.0419032573699951,5.195583820343018,8149,6.380320072174072,8107
1748,14319616,0.0002903029553594179,0.9950234293937683,5.438126564025879,8151,6.572551250457764,8110
1749,14327808,0.0002898154189657418,1.0147839784622192,5.476253509521484,8154,6.588038444519043,8116
1750,14336000,0.00028932834090885875,1.0923354625701904,5.462615013122559,8151,6.625250816345215,8110
1751,14344192,0.00028884172204679743,1.1236803531646729,5.2669453620910645,8155,6.3986735343933105,8118
1752,14352384,0.0002883555632367774,1.0633392333984375,5.277164459228516,8152,6.467973709106445,8112
1753,14360576,0.00028786986533520774,1.0054621696472168,5.262034893035889,8154,6.416069030761719,8116
1754,14368768,0.0002873846291976859,1.0155361890792847,5.164000034332275,8152,6.348459243774414,8112
1755,14376960,0.00028689985567899567,0.9747142195701599,5.222898960113525,8147,6.344594955444336,8102
1756,14385152,0.0002864155456331059,1.0633519887924194,5.4182820320129395,8156,6.541561126708984,8120
1757,14393344,0.00028593169991316905,1.098771095275879,5.450913906097412,8152,6.577372074127197,8112
1758,14401536,0.00028544831937151973,0.9982562065124512,5.371206283569336,8155,6.519667148590088,8118
1759,14409728,0.0002849654048596729,1.0549315214157104,5.199801445007324,8154,6.386455535888672,8116
1760,14417920,0.0002844829572283226,0.980503499507904,5.336530685424805,8153,6.487583160400391,8114
1761,14426112,0.00028400097732734066,1.0121045112609863,5.315685272216797,8151,6.52196741104126,8110
1762,14434304,0.0002835194660057746,1.0052597522735596,5.297124862670898,8153,6.477478981018066,8114
1763,14442496,0.0002830384241118468,0.9695982933044434,5.189123630523682,8151,6.366179943084717,8110
1764,14450688,0.0002825578524929526,1.0250645875930786,5.31913948059082,8150,6.461019515991211,8108
1765,14458880,0.0002820777519956588,0.9759877920150757,5.266970157623291,8156,6.4332966804504395,8120
1766,14467072,0.0002815981234657025,1.0452606678009033,5.344029903411865,8151,6.5258564949035645,8110
1767,14475264,0.00028111896774798924,1.0672303438186646,5.380187511444092,8152,6.52099084854126,8112
1768,14483456,0.00028064028568659165,0.9815632104873657,5.307015419006348,8153,6.478562355041504,8114
1769,14491648,0.00028016207812474797,1.0748242139816284,5.297188758850098,8154,6.444505214691162,8116
1770,14499840,0.0002796843459048608,0.9909403324127197,5.209167957305908,8150,6.369251251220703,8108
1771,14508032,0.00027920708986849504,1.0453667640686035,5.31298828125,8157,6.473287105560303,8122
1772,14516224,0.00027873031085637697,0.9629644155502319,5.439691066741943,8155,6.560730934143066,8118
1773,14524416,0.0002782540097083925,0.9970657229423523,5.399966716766357,8154,6.552125453948975,8116
1774,14532608,0.0002777781872635858,1.0079903602600098,5.277618408203125,8149,6.434762001037598,8106
1775,14540800,0.00027730284436015763,1.0075262784957886,5.242703914642334,8155,6.396387577056885,8118
1776,14548992,0.00027682798183546406,1.0771452188491821,5.208755016326904,8153,6.388913154602051,8114
1777,14557184,0.00027635360052601494,1.0769356489181519,5.42647647857666,8155,6.57214879989624,8118
1778,14565376,0.0002758797012674725,0.9744147658348083,5.281370639801025,8155,6.3849568367004395,8118
1779,14573568,0.00027540628489464977,0.9347842335700989,5.2689714431762695,8151,6.395824909210205,8110
1780,14581760,0.00027493335224150896,1.0085783004760742,5.075250625610352,8151,6.248966693878174,8110
1781,14589952,0.00027446090414116035,1.0108917951583862,5.3663787841796875,8152,6.52135705947876,8112
1782,14598144,0.0002739889414258606,1.0082406997680664,5.194891452789307,8148,6.351205825805664,8104
1783,14606336,0.00027351746492701125,1.0426106452941895,5.188018321990967,8152,6.3598809242248535,8112
1784,14614528,0.0002730464754751575,0.9769717454910278,5.238500118255615,8155,6.398162364959717,8118
1785,14622720,0.00027257597389998637,0.9729137420654297,5.392465591430664,8149,6.519903659820557,8106
1786,14630912,0.0002721059610303256,1.021915316581726,5.312676429748535,8157,6.483384609222412,8122
1787,14639104,0.00027163643769414196,1.0496842861175537,5.341437339782715,8152,6.451744079589844,8112
1788,14647296,0.0002711674047185399,0.9553324580192566,5.269505023956299,8147,6.366311073303223,8102
1789,14655488,0.00027069886292975997,0.987824559211731,5.126388072967529,8152,6.286104679107666,8112
1790,14663680,0.0002702308131531776,1.0707776546478271,5.437111854553223,8150,6.536314487457275,8108
1791,14671872,0.00026976325621330135,1.04873526096344,5.258930683135986,8147,6.3804097175598145,8102
1792,14680064,0.0002692961929337718,1.0020679235458374,5.333193302154541,8154,6.442522048950195,8116
1793,14688256,0.00026882962413735974,1.0291006565093994,5.342998027801514,8152,6.502340793609619,8112
1794,14696448,0.000268363550645965,1.0661163330078125,5.33558464050293,8148,6.530826568603516,8104
1795,14704640,0.00026789797328061443,1.0376346111297607,5.282907009124756,8154,6.430277347564697,8116
1796,14712832,0.00026743289286146175,1.087654948234558,5.3129167556762695,8150,6.458022594451904,8108
1797,14721024,0.0002669683102077848,1.0645732879638672,5.458115100860596,8150,6.5945024490356445,8108
1798,14729216,0.00026650422613798435,1.0018419027328491,5.156781196594238,8153,6.3424763679504395,8114
1799,14737408,0.0002660406414695833,1.0227687358856201,5.331305503845215,8156,6.468104362487793,8120
1800,14745600,0.00026557755701922455,1.0802021026611328,5.2765350341796875,8149,6.432701110839844,8107
1801,14753792,0.0002651149736026699,1.0782872438430786,5.151188850402832,8154,6.2930450439453125,8116
1802,14761984,0.00026465289203479855,1.0208122730255127,5.263441562652588,8152,6.4058098793029785,8112
1803,14770176,0.0002641913131296057,1.0263099670410156,5.300243377685547,8146,6.471962928771973,8100
1804,14778368,0.0002637302377002009,1.0712268352508545,5.311873912811279,8152,6.46336555480957,8112
1805,14786560,0.0002632696665588069,1.0562334060668945,5.293918609619141,8157,6.428692817687988,8122
1806,14794752,0.00026280960051675814,1.077825665473938,5.177064418792725,8152,6.368077278137207,8112
1807,14802944,0.0002623500403844993,1.1131703853607178,5.248866081237793,8156,6.405955791473389,8120
1808,14811136,0.00026189098697158365,0.9960553646087646,5.25419807434082,8155,6.470059871673584,8118
1809,14819328,0.0002614324410866721,1.0429787635803223,5.355350971221924,8152,6.500854015350342,8112
1810,14827520,0.0002609744035375314,0.9898462891578674,5.230912208557129,8153,6.391363143920898,8114
1811,14835712,0.0002605168751310328,1.0003101825714111,5.345548152923584,8150,6.479344844818115,8108
1812,14843904,0.00026005985667315037,0.956658661365509,5.338316440582275,8154,6.497351169586182,8116
1813,14852096,0.00025960334896896073,1.0576261281967163,5.207620143890381,8150,6.378448486328125,8108
1814,14860288,0.0002591473528226396,1.0064332485198975,5.159697532653809,8154,6.326829433441162,8116
1815,14868480,0.00025869186903746267,0.996619701385498,5.37355375289917,8152,6.512279987335205,8112
1816,14876672,0.00025823689841580205,0.9357476234436035,5.2177581787109375,8155,6.353368759155273,8118
1817,14884864,0.0002577824417591267,1.0194337368011475,5.320797443389893,8154,6.428502559661865,8116
1818,14893056,0.00025732849986799983,1.0086008310317993,5.36525821685791,8156,6.516529560089111,8120
1819,14901248,0.00025687507354207764,0.9917957186698914,5.377018451690674,8152,6.50630521774292,8112
1820,14909440,0.0002564221635801085,1.0257391929626465,5.233233451843262,8154,6.396644115447998,8116
1821,14917632,0.00025596977077993097,0.9832689762115479,5.264135837554932,8153,6.411018371582031,8114
1822,14925824,0.00025551789593847264,1.0334950685501099,5.288658142089844,8154,6.442287921905518,8116
1823,14934016,0.00025506653985174856,0.9784337878227234,5.161645889282227,8154,6.342030048370361,8116
1824,14942208,0.00025461570331486015,1.0328377485275269,5.115511417388916,8149,6.260496139526367,8107
1825,14950400,0.0002541653871219934,1.0396218299865723,5.368636131286621,8149,6.524989128112793,8106
1826,14958592,0.0002537155920664179,1.0307773351669312,5.2685322761535645,8154,6.4102783203125,8116
1827,14966784,0.0002532663189404849,1.0579596757888794,5.386697769165039,8152,6.537231922149658,8113
1828,14974976,0.0002528175685356267,1.0069278478622437,5.428083896636963,8155,6.558401107788086,8118
1829,14983168,0.00025236934164235385,1.0355738401412964,5.265521049499512,8156,6.427596092224121,8120
1830,14991360,0.00025192163905025613,1.0044983625411987,5.429991722106934,8151,6.547969818115234,8110
1831,14999552,0.0002514744615479982,1.0400174856185913,5.2746992111206055,8152,6.436563968658447,8112
1832,15007744,0.0002510278099233211,0.9281997680664062,5.310293197631836,8155,6.429917335510254,8118
1833,15015936,0.0002505816849630381,0.96792072057724,5.141550540924072,8155,6.282195568084717,8118
1834,15024128,0.0002501360874530363,1.072197437286377,5.479551315307617,8152,6.592986106872559,8112
1835,15032320,0.000249691018178272,0.9733334183692932,5.242259979248047,8151,6.4434428215026855,8110
1836,15040512,0.0002492464779227724,1.0622739791870117,5.236043930053711,8154,6.376689434051514,8116
1837,15048704,0.0002488024674696316,0.9914724826812744,5.331694602966309,8153,6.484934329986572,8114
1838,15056896,0.0002483589876010115,0.9831243753433228,5.272944927215576,8145,6.458412170410156,8098
1839,15065088,0.0002479160390981383,1.1083581447601318,5.252375602722168,8152,6.412186145782471,8112
1840,15073280,0.00024747362274130303,1.032544493675232,5.206137180328369,8151,6.336848735809326,8110
1841,15081472,0.00024703173930985876,0.9674614071846008,5.202383995056152,8154,6.364105701446533,8116
1842,15089664,0.00024659038958222,0.9878241419792175,5.143914699554443,8152,6.31814432144165,8112
1843,15097856,0.00024614957433586097,0.9854497313499451,5.314535617828369,8147,6.510709762573242,8102
1844,15106048,0.0002457092943473144,1.0093140602111816,5.4343719482421875,8149,6.539262771606445,8107
1845,15114240,0.0002452695503921702,0.9944672584533691,5.247089862823486,8153,6.423274517059326,8114
1846,15122432,0.0002448303432450739,1.0560669898986816,5.211681842803955,8148,6.360280513763428,8104
1847,15130624,0.00024439167367972556,1.0315005779266357,5.415455341339111,8151,6.523777484893799,8110
1848,15138816,0.0002439535424688777,1.033925175666809,5.2575249671936035,8153,6.414896011352539,8114
1849,15147008,0.00024351595038433555,0.9707838296890259,5.379889488220215,8147,6.515693664550781,8102
1850,15155200,0.00024307889819695337,0.9938971400260925,5.249210357666016,8150,6.378415584564209,8108
1851,15163392,0.00024264238667663548,1.0190373659133911,5.3290863037109375,8152,6.458780288696289,8112
1852,15171584,0.0002422064165923328,1.0906020402908325,5.323520660400391,8150,6.475239276885986,8108
1853,15179776,0.00024177098871204337,0.9986231923103333,5.139227867126465,8148,6.29166841506958,8104
1854,15187968,0.00024133610380280916,1.060634970664978,5.290463447570801,8152,6.447793006896973,8112
1855,15196160,0.00024090176263071668,1.107087254524231,5.282684326171875,8153,6.417152404785156,8114
1856,15204352,0.00024046796596089337,1.0665714740753174,5.122796058654785,8157,6.305649280548096,8122
1857,15212544,0.00024003471455750895,0.9790958762168884,5.307854652404785,8152,6.486578464508057,8112
1858,15220736,0.00023960200918377104,0.9714807271957397,5.16608190536499,8151,6.291566848754883,8110
1859,15228928,0.0002391698506019269,1.0245782136917114,5.14634370803833,8151,6.342879295349121,8110
1860,15237120,0.00023873823957325918,1.0006144046783447,5.223560333251953,8153,6.392662048339844,8114
1861,15245312,0.00023830717685808703,1.0698522329330444,5.220849990844727,8148,6.399598121643066,8104
1862,15253504,0.00023787666321576322,0.9065116047859192,5.190967082977295,8150,6.369121551513672,8108
1863,15261696,0.00023744669940467333,1.0838600397109985,5.340359687805176,8148,6.468742847442627,8104
1864,15269888,0.0002370172861822346,0.997114360332489,5.188038349151611,8155,6.407806873321533,8118
1865,15278080,0.00023658842430489366,1.079155445098877,5.432215213775635,8156,6.519953727722168,8120
1866,15286272,0.00023616011452812696,0.9950835704803467,5.263600826263428,8152,6.423574924468994,8112
1867,15294464,0.0002357323576064373,1.0244390964508057,5.231528282165527,8148,6.389293193817139,8104
1868,15302656,0.00023530515429335462,1.0130763053894043,5.2392168045043945,8153,6.432797908782959,8114
1869,15310848,0.0002348785053414326,1.0715864896774292,5.3720703125,8152,6.534743309020996,8112
1870,15319040,0.00023445241150224933,1.0578404664993286,5.214388847351074,8157,6.37643575668335,8122
1871,15327232,0.00023402687352640412,1.0960477590560913,5.360541343688965,8151,6.508639812469482,8110
1872,15335424,0.00023360189216351809,1.017508625984192,5.180820465087891,8151,6.355992317199707,8110
1873,15343616,0.00023317746816223066,1.029205322265625,5.22802209854126,8151,6.3812174797058105,8110
1874,15351808,0.0002327536022702006,1.0420730113983154,5.297659873962402,8150,6.408982753753662,8108
1875,15360000,0.0002323302952341024,1.011126160621643,5.180531024932861,8153,6.316797733306885,8114
1876,15368192,0.00023190754779962722,1.0142565965652466,5.366205215454102,8154,6.481916427612305,8116
1877,15376384,0.00023148536071147926,1.0004901885986328,5.34115743637085,8153,6.5184431076049805,8114
1878,15384576,0.00023106373471337677,1.0041087865829468,5.239170074462891,8157,6.425285816192627,8122
1879,15392768,0.00023064267054804854,1.010419249534607,5.338176727294922,8153,6.474865913391113,8114
1880,15400960,0.00023022216895723458,1.0230162143707275,5.252346992492676,8151,6.373847007751465,8110
1881,15409152,0.0002298022306816831,1.0841459035873413,5.271726131439209,8150,6.405745506286621,8108
1882,15417344,0.00022938285646115035,1.0012054443359375,5.279735088348389,8155,6.3989458084106445,8118
1883,15425536,0.00022896404703439923,1.0162849426269531,5.296154022216797,8150,6.473819255828857,8108
1884,15433728,0.00022854580313919694,1.0849285125732422,5.297724723815918,8156,6.460404396057129,8120
1885,15441920,0.00022812812551231546,1.0657944679260254,5.424330711364746,8155,6.572352886199951,8118
1886,15450112,0.00022771101488952805,1.0365517139434814,5.36561918258667,8150,6.535851001739502,8108
1887,15458304,0.00022729447200561044,0.9815308451652527,5.194982528686523,8151,6.396216869354248,8110
1888,15466496,0.000226878497594337,1.0794618129730225,5.329339504241943,8153,6.485507965087891,8114
1889,15474688,0.00022646309238848178,1.002299427986145,5.271432876586914,8153,6.4514336585998535,8114
1890,15482880,0.0002260482571198151,1.0956332683563232,5.345829486846924,8150,6.499594211578369,8108
1891,15491072,0.0002256339925191045,1.0168304443359375,5.140203952789307,8153,6.3316264152526855,8114
1892,15499264,0.00022522029931611068,1.0852391719818115,5.410693168640137,8153,6.5018815994262695,8114
1893,15507456,0.00022480717823958953,1.0366261005401611,5.236423492431641,8154,6.38378381729126,8117
1894,15515648,0.00022439463001728746,1.088348150253296,5.413721561431885,8153,6.570673942565918,8115
1895,15523840,0.0002239826553759431,0.994583249092102,5.247596263885498,8151,6.42240047454834,8110
1896,15532032,0.00022357125504128355,0.9998034238815308,5.347747325897217,8146,6.481485843658447,8101
1897,15540224,0.00022316042973802525,0.9971050024032593,5.260561943054199,8154,6.43614387512207,8116
1898,15548416,0.00022275018018987059,1.0115326642990112,5.255702495574951,8151,6.441213607788086,8110
1899,15556608,0.0002223405071195089,1.0159378051757812,5.403695106506348,8152,6.537977695465088,8112
1900,15564800,0.00022193141124861294,0.9908337593078613,5.314764976501465,8153,6.474515438079834,8114
1901,15572992,0.00022152289329783925,1.0280660390853882,5.2336297035217285,8150,6.405141830444336,8108
1902,15581184,0.00022111495398682626,1.0707614421844482,5.220530986785889,8151,6.364690780639648,8110
1903,15589376,0.00022070759403419298,1.0548149347305298,5.33220911026001,8157,6.46287202835083,8122
1904,15597568,0.00022030081415753787,1.0722885131835938,5.22817325592041,8153,6.388383865356445,8114
1905,15605760,0.0002198946150734374,1.042573094367981,5.299332618713379,8150,6.4559783935546875,8108
1906,15613952,0.0002194889974974455,1.077125072479248,5.326247215270996,8149,6.422369956970215,8106
1907,15622144,0.0002190839621440907,1.033616542816162,5.147016525268555,8152,6.3375420570373535,8112
1908,15630336,0.00021867950972687702,1.090958595275879,5.154806613922119,8151,6.355542182922363,8110
1909,15638528,0.00021827564095828057,1.0721458196640015,5.251497745513916,8148,6.4269208908081055,8104
1910,15646720,0.0002178723565497503,1.0424946546554565,5.272815704345703,8154,6.41731071472168,8116
1911,15654912,0.00021746965721170468,0.9749706983566284,5.363922595977783,8150,6.528569221496582,8108
1912,15663104,0.00021706754365353274,0.9716954231262207,5.2665019035339355,8150,6.423473358154297,8108
1913,15671296,0.00021666601658359037,0.9618896245956421,5.344842433929443,8151,6.481229305267334,8110
1914,15679488,0.00021626507670920148,1.1074154376983643,5.4634108543396,8155,6.60963249206543,8118
1915,15687680,0.00021586472473665444,1.0596826076507568,5.277732849121094,8156,6.462024211883545,8120
1916,15695872,0.00021546496137120325,0.9946311116218567,5.227022647857666,8152,6.3988728523254395,8112
1917,15704064,0.00021506578731706377,1.0132813453674316,5.293630599975586,8153,6.451949596405029,8114
1918,15712256,0.00021466720327741458,1.0533963441848755,5.153832912445068,8150,6.348851203918457,8108
1919,15720448,0.00021426920995439453,0.9859374165534973,5.227151870727539,8152,6.418179512023926,8112
1920,15728640,0.00021387180804910208,1.0106440782546997,5.229512691497803,8156,6.370163440704346,8120
1921,15736832,0.00021347499826159368,0.9804391264915466,5.234847545623779,8152,6.385865688323975,8112
1922,15745024,0.00021307878129088283,1.0327874422073364,5.322338581085205,8149,6.484655380249023,8106
1923,15753216,0.00021268315783493872,1.0719945430755615,5.3203606605529785,8151,6.442692756652832,8110
1924,15761408,0.000212288128590685,0.9506242275238037,5.237704277038574,8157,6.39755392074585,8122
1925,15769600,0.00021189369425399853,1.069727897644043,5.150698184967041,8153,6.317276477813721,8114
1926,15777792,0.00021149985551970806,1.0279934406280518,5.269621849060059,8149,6.42252254486084,8106
1927,15785984,0.00021110661308159376,1.0153675079345703,5.260808944702148,8153,6.43359375,8114
1928,15794176,0.0002107139676323843,1.0874178409576416,5.256344795227051,8155,6.411755084991455,8118
1929,15802368,0.00021032191986375794,0.9923781752586365,5.1538872718811035,8153,6.266993522644043,8114
1930,15810560,0.00020993047046633884,1.0356203317642212,5.2803521156311035,8145,6.4246931076049805,8098
1931,15818752,0.00020953962012969828,1.028023362159729,5.398231506347656,8151,6.5273051261901855,8110
1932,15826944,0.00020914936954235115,0.9556374549865723,5.230461597442627,8149,6.371830463409424,8106
1933,15835136,0.00020875971939175673,1.0251933336257935,5.2011590003967285,8151,6.396568775177002,8110
1934,15843328,0.00020837067036431596,1.008436918258667,5.2792649269104,8151,6.436923027038574,8110
1935,15851520,0.0002079822231453711,1.0608054399490356,5.2707839012146,8156,6.423526763916016,8120
1936,15859712,0.0002075943784192043,1.1627728939056396,5.351934432983398,8155,6.495059967041016,8118
1937,15867904,0.00020720713686903628,0.9779009819030762,5.1833391189575195,8149,6.333073139190674,8107
1938,15876096,0.00020682049917702537,1.0336092710494995,5.179651737213135,8156,6.341526508331299,8120
1939,15884288,0.0002064344660242659,1.006933331489563,5.170662879943848,8153,6.353361129760742,8114
1940,15892480,0.00020604903809078747,1.0579745769500732,5.3315110206604,8154,6.478335380554199,8116
1941,15900672,0.00020566421605555348,1.0396966934204102,5.230679035186768,8153,6.385470867156982,8114
1942,15908864,0.00020528000059645996,1.0344620943069458,5.146154403686523,8154,6.2924675941467285,8116
1943,15917056,0.00020489639239033437,0.998616635799408,5.215168476104736,8152,6.357272148132324,8113
1944,15925248,0.00020451339211293451,1.005903720855713,5.175107479095459,8153,6.344282150268555,8114
1945,15933440,0.00020413100043894725,0.967853307723999,5.206817626953125,8152,6.3920464515686035,8112
1946,15941632,0.00020374921804198738,1.1043055057525635,5.376297950744629,8155,6.504330635070801,8118
1947,15949824,0.00020336804559459618,1.0698491334915161,5.295600414276123,8155,6.44692850112915,8118
1948,15958016,0.00020298748376824108,1.0220158100128174,5.296594619750977,8152,6.482889652252197,8112
1949,15966208,0.00020260753323331286,1.0718070268630981,5.336207866668701,8152,6.505547523498535,8112
1950,15974400,0.00020222819465912653,1.0261403322219849,5.2935709953308105,8154,6.449854850769043,8116
1951,15982592,0.00020184946871391803,1.0310516357421875,5.199326038360596,8157,6.400800704956055,8122
1952,15990784,0.0002014713560648452,1.1854029893875122,5.2738356590271,8147,6.403875827789307,8102
1953,15998976,0.00020109385737798448,1.1192153692245483,5.177661418914795,8153,6.33263635635376,8114
1954,16007168,0.0002007169733183314,1.0805065631866455,5.290111541748047,8152,6.421130657196045,8113
1955,16015360,0.00020034070454979863,1.0354890823364258,5.212739944458008,8154,6.378969669342041,8116
1956,16023552,0.00019996505173521483,1.0296906232833862,5.239161491394043,8148,6.426449298858643,8104
1957,16031744,0.00019959001553632372,1.0796756744384766,5.368003845214844,8155,6.542883396148682,8118
1958,16039936,0.00019921559661378283,1.1459523439407349,5.267935752868652,8151,6.409444808959961,8110
1959,16048128,0.0001988417956271622,1.148754596710205,5.3104939460754395,8155,6.47403621673584,8118
1960,16056320,0.00019846861323494344,1.0036611557006836,5.269287586212158,8153,6.445593357086182,8114
1961,16064512,0.0001980960500945183,1.1181139945983887,5.42533016204834,8148,6.525509357452393,8104
1962,16072704,0.0001977241068621878,0.9976913332939148,5.170833110809326,8152,6.379055976867676,8112
1963,16080896,0.00019735278419316099,1.0122371912002563,5.16526985168457,8154,6.349134922027588,8116
1964,16089088,0.00019698208274155352,0.9884810447692871,5.231803894042969,8150,6.380655765533447,8108
1965,16097280,0.0001966120031603869,1.0278955698013306,5.257535457611084,8148,6.422405242919922,8104
1966,16105472,0.00019624254610158706,0.9736737012863159,5.299234867095947,8153,6.46721887588501,8114
1967,16113664,0.00019587371221598348,1.0066205263137817,5.300135612487793,8150,6.436497211456299,8108
1968,16121856,0.00019550550215330766,1.076418161392212,5.12353515625,8154,6.243894100189209,8116
1969,16130048,0.00019513791656219226,1.0594991445541382,5.145486354827881,8155,6.313347339630127,8118
1970,16138240,0.0001947709560901699,1.0215450525283813,5.142457962036133,8151,6.331930160522461,8110
1971,16146432,0.00019440462138367202,0.9888283014297485,5.357022285461426,8155,6.509455680847168,8119
1972,16154624,0.00019403891308802771,1.0085771083831787,5.318414688110352,8146,6.471614837646484,8100
1973,16162816,0.00019367383184746252,1.0535471439361572,5.3106536865234375,8150,6.458166599273682,8108
1974,16171008,0.00019330937830509744,1.0160146951675415,5.288074016571045,8154,6.414132595062256,8116
1975,16179200,0.00019294555310294775,0.9862881898880005,5.1750664710998535,8144,6.36223030090332,8096
1976,16187392,0.00019258235688192178,0.9997456073760986,5.397504806518555,8157,6.5444111824035645,8122
1977,16195584,0.00019221979028181992,0.9849446415901184,5.324355125427246,8151,6.483732223510742,8110
1978,16203776,0.00019185785394133342,1.0783262252807617,5.327201843261719,8151,6.494446754455566,8110
1979,16211968,0.00019149654849804327,1.0562071800231934,5.234102725982666,8150,6.416719436645508,8108
1980,16220160,0.00019113587458841907,1.113217830657959,5.377837181091309,8148,6.531827449798584,8104
1981,16228352,0.0001907758328478179,1.0200978517532349,5.401984214782715,8149,6.516936779022217,8106
1982,16236544,0.00019041642391048332,0.9903401136398315,5.310156345367432,8157,6.472308158874512,8122
1983,16244736,0.000190057648409544,1.0508239269256592,5.439330577850342,8151,6.571162223815918,8110
1984,16252928,0.00018969950697701293,0.9952210783958435,5.0379252433776855,8155,6.262402057647705,8118
1985,16261120,0.00018934200024378595,1.0312385559082031,5.229567050933838,8152,6.377346038818359,8112
1986,16269312,0.00018898512883964102,1.06282639503479,5.340951919555664,8148,6.501168727874756,8104
1987,16277504,0.00018862889339323676,0.9871417880058289,5.315332889556885,8156,6.453132629394531,8120
1988,16285696,0.00018827329453211157,0.97555011510849,5.183282852172852,8147,6.37258243560791,8102
1989,16293888,0.00018791833288268244,0.9669512510299683,5.246455192565918,8150,6.388723850250244,8108
1990,16302080,0.0001875640090702439,1.0741416215896606,5.239356994628906,8151,6.410456657409668,8110
1991,16310272,0.00018721032371896672,0.9825564026832581,5.257901668548584,8149,6.431405067443848,8106
1992,16318464,0.0001868572774518972,1.094641923904419,5.176156997680664,8150,6.368334770202637,8108
1993,16326656,0.00018650487089095567,1.034586787223816,5.293972015380859,8152,6.485114097595215,8112
1994,16334848,0.00018615310465693562,1.1390016078948975,5.289394855499268,8153,6.42362642288208,8114
1995,16343040,0.00018580197936950255,1.0309641361236572,5.245761394500732,8155,6.426065921783447,8118
1996,16351232,0.00018545149564719283,0.9852548241615295,5.327401161193848,8152,6.485996246337891,8112
1997,16359424,0.00018510165410741278,1.0775119066238403,5.0924601554870605,8154,6.2854323387146,8116
1998,16367616,0.00018475245536643737,1.0411691665649414,5.203841686248779,8153,6.345858573913574,8114
1999,16375808,0.0001844039000394092,1.0252560377120972,5.382138252258301,8154,6.507891654968262,8116
2000,16384000,0.00018405598874033757,1.0205625295639038,5.206389904022217,8155,6.3613409996032715,8118
2001,16392192,0.0001837087220820971,1.0157462358474731,5.243078708648682,8154,6.4118571281433105,8116
2002,16400384,0.0001833621006764269,1.0930465459823608,5.139856338500977,8153,6.349006652832031,8114
2003,16408576,0.00018301612513392952,1.0730477571487427,5.321364879608154,8150,6.4502034187316895,8108
2004,16416768,0.0001826707960640696,1.0571081638336182,5.160414218902588,8152,6.37764835357666,8112
2005,16424960,0.00018232611407517307,0.969517171382904,5.191586494445801,8148,6.372216701507568,8104
2006,16433152,0.0001819820797744259,1.0604522228240967,5.205517292022705,8152,6.387049674987793,8112
2007,16441344,0.0001816386937678732,0.9929006695747375,5.25105619430542,8157,6.407140731811523,8122
2008,16449536,0.00018129595666041795,1.023998737335205,5.146195888519287,8156,6.271059036254883,8120
2009,16457728,0.00018095386905582012,1.0126824378967285,5.180174350738525,8151,6.362175941467285,8110
2010,16465920,0.00018061243155669546,1.0253453254699707,5.317609786987305,8155,6.4707865715026855,8118
2011,16474112,0.0001802716447645146,0.9486106038093567,5.280023574829102,8151,6.450632095336914,8110
2012,16482304,0.0001799315092796017,0.9745977520942688,5.120140552520752,8154,6.263382434844971,8116
2013,16490496,0.0001795920257011339,0.9821563363075256,5.186003684997559,8151,6.344441890716553,8110
2014,16498688,0.0001792531946271397,0.9746655821800232,5.234510898590088,8150,6.369165897369385,8108
2015,16506880,0.00017891501665449818,1.0055779218673706,5.105961322784424,8152,6.294215202331543,8112
2016,16515072,0.0001785774923789381,1.0254215002059937,5.149008750915527,8156,6.326303482055664,8120
2017,16523264,0.00017824062239503647,1.0151747465133667,5.342544078826904,8155,6.471141815185547,8118
2018,16531456,0.00017790440729621783,1.0636528730392456,5.260001182556152,8156,6.43619441986084,8120
2019,16539648,0.00017756884767475305,1.0486241579055786,5.231855392456055,8147,6.35561990737915,8102
2020,16547840,0.00017723394412175837,1.035367488861084,5.173877716064453,8150,6.309510231018066,8108
2021,16556032,0.00017689969722719417,1.0515159368515015,5.250969409942627,8156,6.361926555633545,8120
2022,16564224,0.0001765661075798643,0.9792072772979736,5.229114532470703,8151,6.397186279296875,8110
2023,16572416,0.0001762331757674146,1.058227300643921,5.1642327308654785,8149,6.344676971435547,8106
2024,16580608,0.00017590090237633223,1.0961591005325317,5.156781196594238,8152,6.335541725158691,8112
2025,16588800,0.00017556928799194435,1.1062041521072388,5.290498733520508,8153,6.454859733581543,8114
2026,16596992,0.00017523833319841735,1.0364048480987549,5.298166275024414,8156,6.458686828613281,8120
2027,16605184,0.00017490803857875563,1.0699446201324463,5.198391914367676,8152,6.355127811431885,8112
2028,16613376,0.0001745784047148006,1.028838038444519,5.211553573608398,8151,6.3699493408203125,8110
2029,16621568,0.00017424943218722982,1.1563807725906372,5.187723636627197,8153,6.326099395751953,8114
2030,16629760,0.00017392112157555572,1.018552303314209,5.402360916137695,8148,6.543619632720947,8104
2031,16637952,0.0001735934734581248,1.1037087440490723,5.036988258361816,8151,6.2192702293396,8110
2032,16646144,0.00017326648841211651,1.0653595924377441,5.162072658538818,8153,6.342967510223389,8114
2033,16654336,0.00017294016701354227,1.0063053369522095,5.242051601409912,8152,6.407632827758789,8112
2034,16662528,0.00017261450983724412,1.0922760963439941,5.154454231262207,8151,6.306328296661377,8110
2035,16670720,0.00017228951745689456,1.1095112562179565,5.199049949645996,8150,6.39218807220459,8108
2036,16678912,0.00017196519044499457,1.0754953622817993,5.103058338165283,8149,6.252346992492676,8106
2037,16687104,0.00017164152937287325,1.0196356773376465,5.115995407104492,8154,6.309371471405029,8116
2038,16695296,0.0001713185348106865,1.0370221138000488,5.112324237823486,8154,6.270339012145996,8116
2039,16703488,0.000170996207327416,0.9966611266136169,5.148458957672119,8149,6.3290557861328125,8106
2040,16711680,0.00017067454749086867,1.037555456161499,5.251849174499512,8153,6.388217926025391,8114
2041,16719872,0.0001703535558676749,1.0520281791687012,5.328078746795654,8145,6.486874580383301,8098
2042,16728064,0.00017003323302328818,1.019851565361023,5.193894386291504,8150,6.386079788208008,8108
2043,16736256,0.00016971357952198394,1.060473084449768,5.309818744659424,8152,6.472077369689941,8112
2044,16744448,0.00016939459592685833,1.033751368522644,5.304198741912842,8154,6.47041130065918,8116
2045,16752640,0.00016907628279982755,1.0592385530471802,5.2699079513549805,8151,6.420869827270508,8110
2046,16760832,0.0001687586407016266,1.0794113874435425,5.267452716827393,8154,6.456664562225342,8116
2047,16769024,0.0001684416701918086,1.0847771167755127,5.367714881896973,8150,6.5192461013793945,8108
2048,16777216,0.00016812537182874334,0.9803062081336975,5.148350238800049,8150,6.2991790771484375,8108
2049,16785408,0.00016780974616961684,1.028509259223938,5.161884307861328,8155,6.338380813598633,8118
2050,16793600,0.00016749479377042994,1.0805678367614746,5.266650676727295,8152,6.45415735244751,8112
2051,16801792,0.00016718051518599733,0.9953047633171082,5.239602565765381,8156,6.382256031036377,8120
2052,16809984,0.00016686691096994718,1.028275728225708,5.229374885559082,8152,6.392615795135498,8112
2053,16818176,0.00016655398167471906,1.0567342042922974,5.328383922576904,8148,6.4959564208984375,8105
2054,16826368,0.00016624172785156436,1.0543550252914429,5.425500392913818,8146,6.5914459228515625,8100
2055,16834560,0.00016593015005054383,0.9842405915260315,5.115264892578125,8147,6.293463230133057,8102
2056,16842752,0.00016561924882052792,1.0227899551391602,5.254663467407227,8154,6.366754531860352,8116
2057,16850944,0.000165309024709195,1.014121651649475,5.2560343742370605,8150,6.442080974578857,8108
2058,16859136,0.00016499947826303056,1.0317784547805786,5.2275004386901855,8156,6.40549373626709,8120
2059,16867328,0.0001646906100273265,1.1043933629989624,5.270432949066162,8154,6.4287238121032715,8116
2060,16875520,0.00016438242054617988,1.0023871660232544,5.3473944664001465,8154,6.498806476593018,8116
2061,16883712,0.0001640749103624922,1.019972801208496,5.2585554122924805,8150,6.427260398864746,8108
2062,16891904,0.00016376808001796814,1.0495561361312866,5.199093341827393,8153,6.34039831161499,8114
2063,16900096,0.00016346193005311495,1.0550042390823364,5.3369598388671875,8155,6.457688808441162,8119
2064,16908288,0.00016315646100724125,1.0221019983291626,5.301212787628174,8150,6.458336353302002,8108
2065,16916480,0.0001628516734184562,1.0444303750991821,5.052638530731201,8154,6.202340126037598,8116
2066,16924672,0.00016254756782366848,1.0140185356140137,5.256300449371338,8152,6.3821234703063965,8112
2067,16932864,0.00016224414475858552,1.0327675342559814,5.306118965148926,8154,6.4516401290893555,8116
2068,16941056,0.00016194140475771202,1.050447702407837,5.2086663246154785,8152,6.360929012298584,8112
2069,16949248,0.00016163934835435005,1.0103548765182495,5.209837913513184,8156,6.391192436218262,8120
2070,16957440,0.00016133797608059672,1.0654160976409912,5.11005163192749,8150,6.275208473205566,8108
2071,16965632,0.00016103728846734473,1.0096518993377686,5.21895170211792,8150,6.3930888175964355,8108
2072,16973824,0.00016073728604428005,1.0230000019073486,5.220882415771484,8151,6.354705810546875,8110
2073,16982016,0.00016043796933988216,0.9554779529571533,5.173186302185059,8149,6.286951541900635,8106
2074,16990208,0.00016013933888142206,0.9931164383888245,5.12666654586792,8152,6.3147358894348145,8112
2075,16998400,0.00015984139519496256,1.029784917831421,5.231889247894287,8152,6.3942131996154785,8112
2076,17006592,0.00015954413880535582,1.045749306678772,5.2686028480529785,8154,6.407051086425781,8116
2077,17014784,0.00015924757023624408,1.0089236497879028,5.084358215332031,8153,6.225042343139648,8114
2078,17022976,0.0001589516900100572,0.9420124888420105,5.1621904373168945,8150,6.359432697296143,8108
2079,17031168,0.0001586564986480131,0.9570838212966919,5.231700897216797,8153,6.409818172454834,8114
2080,17039360,0.0001583619966701159,1.0239413976669312,5.256494522094727,8150,6.433743953704834,8108
2081,17047552,0.0001580681845951552,1.0969624519348145,5.291243553161621,8152,6.438819885253906,8112
2082,17055744,0.00015777506294070554,0.9741002321243286,5.279290199279785,8157,6.446216583251953,8122
2083,17063936,0.00015748263222312508,0.9848667979240417,5.1137213706970215,8153,6.263548374176025,8114
2084,17072128,0.00015719089295755496,1.0862505435943604,5.503040790557861,8149,6.645188331604004,8106
2085,17080320,0.0001568998456579179,0.9918732643127441,5.238992691040039,8152,6.409513473510742,8113
2086,17088512,0.00015660949083691827,1.033665418624878,5.365855693817139,8147,6.531116008758545,8102
2087,17096704,0.00015631982900603995,0.9573094844818115,5.303890705108643,8155,6.453886032104492,8118
2088,17104896,0.00015603086067554668,1.0085294246673584,5.278955936431885,8149,6.436288356781006,8106
2089,17113088,0.0001557425863544799,1.0375975370407104,5.363275527954102,8153,6.52253532409668,8114
2090,17121280,0.00015545500655065914,1.0034183263778687,5.181725025177002,8150,6.360225200653076,8108
2091,17129472,0.0001551681217706798,1.072656512260437,5.228741645812988,8152,6.390987396240234,8112
2092,17137664,0.00015488193251991371,1.0429004430770874,5.143735408782959,8152,6.3056511878967285,8112
2093,17145856,0.00015459643930250657,1.0945541858673096,5.192841053009033,8155,6.333967208862305,8118
2094,17154048,0.00015431164262137896,0.9782692790031433,5.265940189361572,8151,6.439888000488281,8110
2095,17162240,0.00015402754297822347,1.0350103378295898,5.233103275299072,8151,6.406463146209717,8110
2096,17170432,0.0001537441408735057,1.0032265186309814,5.29922342300415,8149,6.445483207702637,8106
2097,17178624,0.00015346143680646158,1.0605087280273438,5.343841075897217,8147,6.485483169555664,8102
2098,17186816,0.0001531794312750983,1.116925835609436,5.447055816650391,8154,6.595160961151123,8116
2099,17195008,0.00015289812477619166,1.0629180669784546,5.2280426025390625,8154,6.371452808380127,8116
2100,17203200,0.00015261751780528679,1.064161777496338,5.1495890617370605,8152,6.259727478027344,8113
2101,17211392,0.00015233761085669607,1.0196465253829956,5.198490142822266,8158,6.3337178230285645,8124
2102,17219584,0.00015205840442349895,1.0905238389968872,5.270975112915039,8151,6.430304050445557,8110
2103,17227776,0.00015177989899754085,1.0718145370483398,5.275829792022705,8154,6.398711681365967,8116
2104,17235968,0.000151502095069432,1.0244402885437012,5.253522872924805,8157,6.423760414123535,8122
2105,17244160,0.00015122499312854746,1.0218164920806885,5.357629299163818,8154,6.493017196655273,8116
2106,17252352,0.00015094859366302508,1.0680991411209106,5.3654303550720215,8155,6.546581268310547,8118
2107,17260544,0.0001506728971597658,1.0134220123291016,5.1290998458862305,8152,6.334272384643555,8112
2108,17268736,0.00015039790410443165,1.0720101594924927,5.065927028656006,8152,6.270432472229004,8112
2109,17276928,0.00015012361498144614,1.0027278661727905,5.342280864715576,8151,6.504063129425049,8110
2110,17285120,0.000149850030273992,1.0574965476989746,5.295807361602783,8153,6.499113082885742,8114
2111,17293312,0.0001495771504640118,1.0522828102111816,5.3010454177856445,8153,6.466003894805908,8114
2112,17301504,0.00014930497603220577,1.130440592765808,5.282454013824463,8152,6.417113304138184,8112
2113,17309696,0.00014903350745803208,0.9759213328361511,5.244145393371582,8156,6.41202449798584,8120
2114,17317888,0.0001487627452197049,1.048130989074707,5.26334810256958,8156,6.431357383728027,8120
2115,17326080,0.00014849268979419481,1.0183874368667603,5.282451152801514,8155,6.462332248687744,8118
2116,17334272,0.00014822334165722658,1.0846154689788818,5.246516227722168,8154,6.438346862792969,8116
2117,17342464,0.00014795470128327966,1.0383409261703491,5.198052883148193,8156,6.365107536315918,8120
2118,17350656,0.00014768676914558612,0.9813998937606812,5.1214423179626465,8154,6.262462139129639,8116
2119,17358848,0.0001474195457161311,1.0122954845428467,5.1952009201049805,8152,6.351120948791504,8113
2120,17367040,0.00014715303146565055,1.0699951648712158,5.3053154945373535,8151,6.482143402099609,8110
2121,17375232,0.0001468872268636316,1.0329340696334839,5.270743370056152,8153,6.429404258728027,8114
2122,17383424,0.0001466221323783114,1.0296845436096191,5.1663970947265625,8154,6.344778060913086,8116
2123,17391616,0.00014635774847667558,1.02157723903656,5.224849700927734,8151,6.3705034255981445,8110
2124,17399808,0.00014609407562445878,0.9770693778991699,5.210404396057129,8150,6.381893634796143,8108
2125,17408000,0.00014583111428614228,1.0819001197814941,5.296370983123779,8151,6.4714837074279785,8110
2126,17416192,0.00014556886492495474,1.0084655284881592,5.202584743499756,8153,6.37858772277832,8114
2127,17424384,0.00014530732800286988,0.990393340587616,5.268205165863037,8150,6.405671119689941,8108
2128,17432576,0.0001450465039806071,0.9509583115577698,5.152561664581299,8151,6.353699684143066,8110
2129,17440768,0.00014478639331762927,0.9886189103126526,5.121723651885986,8155,6.352301120758057,8118
2130,17448960,0.0001445269964721433,1.0210012197494507,5.2089972496032715,8152,6.398164749145508,8112
2131,17457152,0.000144268313901098,1.0622432231903076,5.205002784729004,8150,6.346558570861816,8108
2132,17465344,0.0001440103460601846,1.053189754486084,5.184463024139404,8159,6.378652095794678,8126
2133,17473536,0.00014375309340383457,1.0704141855239868,5.240377426147461,8155,6.369975566864014,8118
2134,17481728,0.00014349655638522024,1.0415246486663818,5.212679862976074,8152,6.382965564727783,8112
2135,17489920,0.0001432407354562525,0.9753270745277405,5.004631042480469,8153,6.214181423187256,8114
2136,17498112,0.00014298563106758167,1.047926902770996,5.229561805725098,8150,6.398138999938965,8108
2137,17506304,0.00014273124366859496,1.0801671743392944,5.298847675323486,8149,6.496788501739502,8106
2138,17514496,0.00014247757370741712,1.0855886936187744,5.15521240234375,8153,6.326068878173828,8114
2139,17522688,0.0001422246216309089,1.0244392156600952,5.169503688812256,8154,6.313037395477295,8116
2140,17530880,0.00014197238788466642,0.9845656752586365,5.326944828033447,8151,6.515125274658203,8111
2141,17539072,0.0001417208729130204,1.080429196357727,5.318479061126709,8153,6.474273204803467,8114
2142,17547264,0.0001414700771590354,1.0582250356674194,5.3599467277526855,8152,6.515166282653809,8112
2143,17555456,0.00014122000106450906,1.0819557905197144,5.2740631103515625,8153,6.455268383026123,8114
2144,17563648,0.00014097064506997105,1.0599716901779175,5.235569477081299,8151,6.414572238922119,8110
2145,17571840,0.00014072200961468304,0.9872620701789856,5.301590919494629,8153,6.456057071685791,8114
2146,17580032,0.00014047409513663668,1.0440425872802734,5.394625186920166,8154,6.569070339202881,8116
2147,17588224,0.0001402269020725544,0.9874139428138733,5.20828104019165,8148,6.410391807556152,8104
2148,17596416,0.0001399804308578869,1.1393420696258545,5.185790061950684,8148,6.353728294372559,8105
2149,17604608,0.00013973468192681414,1.1217243671417236,5.355124473571777,8152,6.507821083068848,8112
2150,17612800,0.00013948965571224296,1.0281250476837158,5.196527481079102,8155,6.394554138183594,8118
2151,17620992,0.00013924535264580776,1.0224533081054688,5.235660552978516,8149,6.422295093536377,8106
2152,17629184,0.00013900177315786838,0.9859799146652222,5.168198108673096,8155,6.344035625457764,8118
2153,17637376,0.00013875891767751075,0.9980891346931458,5.307460784912109,8152,6.4803080558776855,8112
2154,17645568,0.00013851678663254457,1.0005346536636353,5.183011531829834,8154,6.3777313232421875,8116
2155,17653760,0.00013827538044950424,1.0614030361175537,5.114499092102051,8152,6.2974371910095215,8112
2156,17661952,0.00013803469955364663,1.0770156383514404,5.1916375160217285,8153,6.37394380569458,8114
2157,17670144,0.00013779474436895114,1.0319924354553223,5.221299171447754,8154,6.43337345123291,8116
2158,17678336,0.00013755551531811886,1.0282182693481445,5.08687162399292,8153,6.291775703430176,8114
2159,17686528,0.00013731701282257167,0.9741018414497375,5.300766468048096,8153,6.4428486824035645,8114
2160,17694720,0.0001370792373024516,1.070016860961914,5.231052398681641,8152,6.411357879638672,8112
2161,17702912,0.00013684218917661998,1.1216163635253906,5.217030048370361,8157,6.384632110595703,8122
2162,17711104,0.00013660586886265677,1.0344752073287964,5.171785831451416,8153,6.3381829261779785,8114
2163,17719296,0.00013637027677685995,1.0264945030212402,5.209547519683838,8152,6.359594345092773,8112
2164,17727488,0.0001361354133342445,1.040000319480896,5.240269184112549,8151,6.3664231300354,8110
2165,17735680,0.0001359012789485419,1.0257139205932617,5.108222961425781,8152,6.283391952514648,8112
2166,17743872,0.0001356678740321996,1.0191868543624878,5.251279354095459,8149,6.3815412521362305,8106
2167,17752064,0.00013543519899637945,1.1042447090148926,5.154329299926758,8155,6.3693718910217285,8118
2168,17760256,0.00013520325425095826,1.0635746717453003,5.25288724899292,8151,6.375946998596191,8110
2169,17768448,0.00013497204020452555,1.0894560813903809,5.173961162567139,8147,6.354246139526367,8102
2170,17776640,0.00013474155726438456,1.000759482383728,5.191318511962891,8153,6.41779088973999,8114
2171,17784832,0.00013451180583654975,1.042534589767456,5.2534685134887695,8151,6.449084281921387,8110
2172,17793024,0.0001342827863257478,0.991898238658905,5.246704578399658,8153,6.410294532775879,8114
2173,17801216,0.00013405449913541533,1.0802462100982666,5.176446914672852,8154,6.343247890472412,8116
2174,17809408,0.0001338269446676993,1.0205835103988647,5.110642910003662,8146,6.2996602058410645,8101
2175,17817600,0.0001336001233234559,1.0518105030059814,5.15669584274292,8150,6.351832866668701,8108
2176,17825792,0.00013337403550224975,1.0171802043914795,5.325469017028809,8152,6.506775856018066,8112
2177,17833984,0.0001331486816023534,1.0498061180114746,5.268103122711182,8152,6.442658424377441,8112
2178,17842176,0.00013292406202074645,1.043806791305542,5.229396343231201,8152,6.362236499786377,8112
2179,17850368,0.00013270017715311507,1.0518659353256226,5.367908477783203,8150,6.455270767211914,8108
2180,17858560,0.00013247702739385103,0.9742031693458557,5.293190956115723,8150,6.4485979080200195,8108
2181,17866752,0.00013225461313605115,1.058048963546753,5.120626926422119,8155,6.314140796661377,8118
2182,17874944,0.00013203293477151676,1.0225542783737183,5.254698753356934,8149,6.439872741699219,8106
2183,17883136,0.00013181199269075272,1.0478358268737793,5.313243865966797,8151,6.476583480834961,8110
2184,17891328,0.00013159178728296684,1.000525951385498,5.234920501708984,8152,6.40655517578125,8112
2185,17899520,0.0001313723189360693,1.0188684463500977,5.281736850738525,8151,6.441079139709473,8110
2186,17907712,0.00013115358803667183,1.0351511240005493,5.238537788391113,8153,6.422271728515625,8115
2187,17915904,0.00013093559497008727,1.0221316814422607,5.165201187133789,8152,6.329697608947754,8112
2188,17924096,0.00013071834012032832,1.0682693719863892,5.204233646392822,8152,6.394722938537598,8112
2189,17932288,0.00013050182387010768,1.0284581184387207,5.157669544219971,8153,6.314217567443848,8114
2190,17940480,0.00013028604660083657,1.0899643898010254,5.0657830238342285,8152,6.228588104248047,8112
2191,17948672,0.00013007100869262474,1.0167454481124878,5.28558349609375,8149,6.430736064910889,8106
2192,17956864,0.00012985671052427928,1.034693956375122,5.193665981292725,8152,6.34956693649292,8112
2193,17965056,0.00012964315247330428,1.0591225624084473,5.240044116973877,8150,6.432830810546875,8108
2194,17973248,0.0001294303349159,1.1488440036773682,5.209500312805176,8152,6.41445779800415,8112
2195,17981440,0.00012921825822696234,1.0980802774429321,5.328179836273193,8156,6.501774311065674,8120
2196,17989632,0.00012900692278008198,1.1358977556228638,5.458356857299805,8153,6.563513278961182,8114
2197,17997824,0.0001287963289475439,1.0917096138000488,5.250492095947266,8153,6.403883457183838,8114
2198,18006016,0.00012858647710032667,1.01885986328125,5.213852882385254,8152,6.408294200897217,8112
2199,18014208,0.0001283773676081018,1.053907036781311,5.177791118621826,8150,6.338068962097168,8108
2200,18022400,0.0001281690008392331,0.9636123180389404,5.391175746917725,8145,6.5589141845703125,8098
2201,18030592,0.00012796137716077584,1.039728045463562,5.2075066566467285,8154,6.388751983642578,8116
2202,18038784,0.00012775449693847653,1.0523289442062378,5.101417541503906,8147,6.280834197998047,8103
2203,18046976,0.00012754836053677186,1.129037857055664,5.153103828430176,8157,6.297134876251221,8122
2204,18055168,0.00012734296831878829,1.1565698385238647,5.269584655761719,8152,6.42045259475708,8112
2205,18063360,0.00012713832064634127,1.043607473373413,5.324113845825195,8152,6.5111589431762695,8112
2206,18071552,0.0001269344178799347,0.9894781112670898,5.189555644989014,8153,6.375322341918945,8114
2207,18079744,0.00012673126037876026,1.0978442430496216,5.144678115844727,8152,6.328320503234863,8112
2208,18087936,0.0001265288485006969,1.113011121749878,5.0397772789001465,8154,6.223536014556885,8116
2209,18096128,0.00012632718260230984,1.0177291631698608,5.279694080352783,8148,6.443393230438232,8104
2210,18104320,0.00012612626303885044,1.0008496046066284,5.344891548156738,8149,6.538302898406982,8106
2211,18112512,0.00012592609016425519,1.0362207889556885,5.268133163452148,8152,6.4035563468933105,8112
2212,18120704,0.00012572666433114532,1.0779532194137573,5.114894390106201,8153,6.289063453674316,8114
2213,18128896,0.00012552798589082596,1.047358751296997,5.141919136047363,8151,6.332919120788574,8110
2214,18137088,0.00012533005519328578,1.0540096759796143,5.223951816558838,8151,6.402853012084961,8111
2215,18145280,0.00012513287258719612,1.0235939025878906,5.0444536209106445,8157,6.253749847412109,8122
2216,18153472,0.00012493643841991062,1.054145336151123,5.1839680671691895,8156,6.373218536376953,8120
2217,18161664,0.00012474075303746434,1.0820420980453491,5.305933952331543,8153,6.514125823974609,8114
2218,18169856,0.0001245458167845734,1.0308828353881836,5.272093296051025,8152,6.437067031860352,8112
2219,18178048,0.00012435163000463427,0.9968796968460083,5.2069573402404785,8153,6.384302616119385,8114
2220,18186240,0.00012415819303972304,1.0597642660140991,5.135481834411621,8157,6.328700065612793,8122
2221,18194432,0.00012396550623059512,0.9958486557006836,5.19808292388916,8153,6.388665676116943,8114
2222,18202624,0.0001237735699166843,1.07452392578125,5.129583835601807,8152,6.3350114822387695,8112
2223,18210816,0.00012358238443610243,1.0278408527374268,5.163730144500732,8153,6.3494181632995605,8114
2224,18219008,0.00012339195012563852,1.026665210723877,5.235556602478027,8153,6.381318092346191,8115
2225,18227200,0.00012320226732075856,1.0346128940582275,5.13237190246582,8154,6.332296848297119,8116
2226,18235392,0.00012301333635560455,1.038856029510498,5.131344795227051,8149,6.299698829650879,8106
2227,18243584,0.00012282515756299416,1.0874460935592651,5.111104965209961,8146,6.298845291137695,8100
2228,18251776,0.00012263773127441994,1.003834843635559,5.2414870262146,8151,6.41579532623291,8110
2229,18259968,0.00012245105782004894,1.0377936363220215,5.1574249267578125,8158,6.353703022003174,8124
2230,18268160,0.000122265137528722,1.03257155418396,5.192384243011475,8151,6.346659183502197,8110
2231,18276352,0.00012207997072795308,1.061721682548523,5.2476677894592285,8152,6.431618690490723,8112
2232,18284544,0.00012189555774392904,1.0112786293029785,5.2586493492126465,8151,6.41880989074707,8110
2233,18292736,0.00012171189890150864,1.0735210180282593,5.230091571807861,8149,6.408612251281738,8106
2234,18300928,0.00012152899452422218,1.0579757690429688,5.118586540222168,8152,6.280226707458496,8112
2235,18309120,0.00012134684493427096,1.0475534200668335,5.1737446784973145,8152,6.362994194030762,8112
2236,18317312,0.0001211654504525267,1.0618420839309692,5.232222080230713,8155,6.386653423309326,8118
2237,18325504,0.00012098481139853085,1.0675750970840454,5.364171504974365,8152,6.490835189819336,8112
2238,18333696,0.00012080492809049411,1.0664968490600586,5.207561492919922,8150,6.419009208679199,8108
2239,18341888,0.00012062580084529591,1.0957093238830566,5.276678562164307,8151,6.432669162750244,8110
2240,18350080,0.00012044742997848379,1.145909309387207,5.378115653991699,8153,6.530858516693115,8114
2241,18358272,0.00012026981580427289,1.0419838428497314,5.139207363128662,8153,6.33200740814209,8114
2242,18366464,0.00012009295863554534,1.0427629947662354,5.085201263427734,8151,6.268503189086914,8110
2243,18374656,0.00011991685878384981,1.0065501928329468,5.271957874298096,8153,6.403815746307373,8114
2244,18382848,0.00011974151655940084,1.027451515197754,5.288678169250488,8156,6.42536735534668,8120
2245,18391040,0.00011956693227107827,1.1239345073699951,5.122574806213379,8152,6.2876296043396,8112
2246,18399232,0.0001193931062264269,1.0392605066299438,5.40995979309082,8149,6.557318210601807,8107
2247,18407424,0.00011922003873165585,1.0476051568984985,5.115570545196533,8152,6.298148155212402,8112
2248,18415616,0.00011904773009163784,1.027662992477417,5.200197696685791,8155,6.369389533996582,8118
2249,18423808,0.00011887618060990884,1.06855309009552,5.1966328620910645,8155,6.382719993591309,8118
2250,18432000,0.0001187053905886676,1.0170516967773438,5.184786796569824,8147,6.382161617279053,8102
2251,18440192,0.00011853536032877494,1.0797587633132935,5.287518501281738,8155,6.4097113609313965,8118
2252,18448384,0.00011836609012975334,1.0640252828598022,5.29168701171875,8157,6.472469806671143,8122
2253,18456576,0.00011819758028978634,0.9980340600013733,5.087502479553223,8153,6.245347499847412,8114
2254,18464768,0.00011802983110571796,0.9929213523864746,5.271549701690674,8153,6.408353805541992,8114
2255,18472960,0.00011786284287305247,0.9679823517799377,5.162907600402832,8151,6.307872295379639,8110
2256,18481152,0.00011769661588595346,1.0987004041671753,5.24237060546875,8154,6.402743339538574,8116
2257,18489344,0.0001175311504372436,1.0510954856872559,5.208057403564453,8149,6.394495010375977,8106
2258,18497536,0.00011736644681840414,1.1243257522583008,5.246703624725342,8151,6.4294352531433105,8110
2259,18505728,0.00011720250531957411,1.0608912706375122,5.149674892425537,8151,6.33558988571167,8110
2260,18513920,0.00011703932622955014,1.0889610052108765,5.276712417602539,8149,6.4232988357543945,8106
2261,18522112,0.00011687690983578581,1.0763083696365356,5.199831485748291,8151,6.32698392868042,8110
2262,18530304,0.00011671525642439106,1.088645339012146,5.079633712768555,8152,6.267982006072998,8112
2263,18538496,0.00011655436628013182,1.050856113433838,5.215784549713135,8154,6.400444507598877,8116
2264,18546688,0.00011639423968642954,1.305532693862915,5.284278869628906,8156,6.43543815612793,8120
2265,18554880,0.00011623487692536052,1.039815902709961,5.148253440856934,8148,6.319334030151367,8104
2266,18563072,0.00011607627827765548,1.059499979019165,5.303809642791748,8150,6.465605735778809,8108
2267,18571264,0.00011591844402269913,1.0202813148498535,5.173805236816406,8156,6.3622894287109375,8120
2268,18579456,0.00011576137443852972,1.040714144706726,5.230010032653809,8149,6.418560028076172,8107
2269,18587648,0.00011560506980183833,1.0035241842269897,5.228099822998047,8152,6.39940881729126,8112
2270,18595840,0.00011544953038796869,0.9750946760177612,5.235077381134033,8154,6.426004409790039,8116
2271,18604032,0.00011529475647091623,1.0703767538070679,5.1867780685424805,8150,6.359245777130127,8108
2272,18612224,0.00011514074832332832,1.051161766052246,5.288895130157471,8150,6.470615386962891,8108
2273,18620416,0.00011498750621650288,1.042129635810852,5.160390377044678,8153,6.336390495300293,8114
2274,18628608,0.00011483503042038883,1.0272091627120972,5.209457874298096,8147,6.346517562866211,8102
2275,18636800,0.0001146833212035849,1.0609194040298462,5.2940802574157715,8151,6.448269367218018,8110
2276,18644992,0.00011453237883333949,1.048859715461731,5.2137556076049805,8151,6.390859127044678,8110
2277,18653184,0.00011438220357555017,1.0487642288208008,5.247033596038818,8153,6.3912672996521,8114
2278,18661376,0.0001142327956947632,1.0033413171768188,5.204684734344482,8149,6.373682498931885,8106
2279,18669568,0.00011408415545417288,1.0356892347335815,5.254455089569092,8153,6.4258246421813965,8114
2280,18677760,0.00011393628311562147,1.0497039556503296,5.103870868682861,8152,6.30916166305542,8113
2281,18685952,0.00011378917893959835,1.1456667184829712,5.199760913848877,8151,6.3545966148376465,8110
2282,18694144,0.00011364284318523978,1.0729223489761353,5.114147186279297,8153,6.310455322265625,8114
2283,18702336,0.0001134972761103284,1.0385761260986328,5.1810078620910645,8149,6.353509426116943,8106
2284,18710528,0.00011335247797129264,1.1022040843963623,5.065828323364258,8154,6.263770580291748,8116
2285,18718720,0.00011320844902320657,1.0564833879470825,5.267544269561768,8152,6.454341411590576,8112
2286,18726912,0.00011306518951978913,1.1291284561157227,5.213777542114258,8156,6.390293121337891,8120
2287,18735104,0.00011292269971340385,1.0791159868240356,5.252050399780273,8151,6.392059326171875,8110
2288,18743296,0.00011278097985505838,1.0623043775558472,5.220119476318359,8151,6.410888195037842,8110
2289,18751488,0.00011264003019440411,1.122332215309143,5.199960231781006,8151,6.401592254638672,8110
2290,18759680,0.00011249985097973543,1.06663179397583,5.318823337554932,8156,6.4809250831604,8120
2291,18767872,0.00011236044245798994,1.1050127744674683,5.184858798980713,8152,6.375853538513184,8112
2292,18776064,0.00011222180487474709,1.0251824855804443,5.197476863861084,8154,6.372891902923584,8116
2293,18784256,0.00011208393847422875,1.0633580684661865,5.1498541831970215,8153,6.354474067687988,8114
2294,18792448,0.00011194684349929789,1.1197891235351562,5.060147285461426,8155,6.221456050872803,8118
2295,18800640,0.0001118105201914588,1.1151639223098755,5.0541672706604,8149,6.262269973754883,8106
2296,18808832,0.00011167496879085634,1.068242073059082,5.239252090454102,8152,6.407586097717285,8112
2297,18817024,0.00011154018953627554,1.0041728019714355,5.204318046569824,8151,6.395080089569092,8110
2298,18825216,0.0001114061826651413,1.0246129035949707,5.185886859893799,8150,6.367678165435791,8108
2299,18833408,0.00011127294841351783,1.0884225368499756,5.147173881530762,8151,6.3113322257995605,8110
2300,18841600,0.00011114048701610843,1.1004198789596558,5.211975574493408,8149,6.403364658355713,8106
2301,18849792,0.00011100879870625487,1.0828285217285156,5.084083080291748,8151,6.275714874267578,8110
2302,18857984,0.00011087788371593699,1.095507264137268,5.123486042022705,8149,6.2809648513793945,8106
2303,18866176,0.00011074774227577252,1.0473023653030396,5.213107109069824,8152,6.390305519104004,8112
2304,18874368,0.00011061837461501638,1.0317137241363525,5.121411323547363,8148,6.320087909698486,8105
2305,18882560,0.00011048978096156055,1.0662075281143188,5.17789363861084,8154,6.345254421234131,8116
2306,18890752,0.00011036196154193337,1.048891544342041,5.199458599090576,8146,6.3674235343933105,8100
2307,18898944,0.00011023491658129936,1.0325266122817993,5.249591827392578,8153,6.41314697265625,8114
2308,18907136,0.00011010864630345892,1.1017265319824219,5.206809043884277,8157,6.419255256652832,8122
2309,18915328,0.00010998315093084753,1.1046926975250244,5.256153583526611,8154,6.4497175216674805,8116
2310,18923520,0.00010985843068453582,1.1536312103271484,5.445565700531006,8155,6.578221321105957,8118
2311,18931712,0.00010973448578422876,0.9942895770072937,5.141234397888184,8153,6.339437961578369,8114
2312,18939904,0.0001096113164482658,1.055951714515686,5.101337909698486,8151,6.288678169250488,8110
2313,18948096,0.0001094889228936198,1.032139539718628,5.082648754119873,8148,6.278395652770996,8104
2314,18956288,0.00010936730533589728,1.145365595817566,5.325503826141357,8152,6.45257568359375,8112
2315,18964480,0.00010924646398933762,1.0429933071136475,5.185250759124756,8152,6.345498085021973,8112
2316,18972672,0.00010912639906681304,1.0969957113265991,5.136630058288574,8151,6.310041904449463,8110
2317,18980864,0.00010900711077982777,1.0766741037368774,5.122969627380371,8150,6.310939788818359,8109
2318,18989056,0.0001088885993385181,1.0996170043945312,5.2487688064575195,8156,6.438901901245117,8120
2319,18997248,0.00010877086495165181,1.0312199592590332,5.094847679138184,8156,6.256843090057373,8120
2320,19005440,0.00010865390782662781,1.1367732286453247,5.288350582122803,8152,6.4464874267578125,8112
2321,19013632,0.00010853772816947579,1.0686644315719604,5.239599704742432,8157,6.418594837188721,8122
2322,19021824,0.0001084223261848559,1.0069447755813599,5.1816229820251465,8149,6.326920509338379,8106
2323,19030016,0.00010830770207605836,1.0615061521530151,5.1415252685546875,8151,6.3703694343566895,8110
2324,19038208,0.000108193856045003,1.0965954065322876,5.2205071449279785,8152,6.369834899902344,8112
2325,19046400,0.00010808078829223922,0.999392569065094,5.189124584197998,8151,6.387900352478027,8110
2326,19054592,0.00010796849901694511,1.149976372718811,5.3010172843933105,8151,6.470118045806885,8110
2327,19062784,0.00010785698841692771,1.0787360668182373,5.114832878112793,8152,6.316905975341797,8112
2328,19070976,0.0001077462566886221,1.0746325254440308,5.090952396392822,8152,6.246862411499023,8112
2329,19079168,0.00010763630402709157,1.102378487586975,5.183722019195557,8149,6.353199481964111,8106
2330,19087360,0.0001075271306260268,1.0567512512207031,5.2019500732421875,8152,6.36741828918457,8112
2331,19095552,0.00010741873667774584,1.0473015308380127,5.196781158447266,8152,6.365387439727783,8112
2332,19103744,0.00010731112237319361,1.141097903251648,5.200667858123779,8153,6.3537092208862305,8114
2333,19111936,0.00010720428790194177,1.0306854248046875,5.067411422729492,8147,6.2285943031311035,8102
2334,19120128,0.00010709823345218797,1.0762126445770264,5.120938777923584,8150,6.319826602935791,8108
2335,19128320,0.00010699295921075617,1.0747164487838745,5.2296600341796875,8154,6.415435314178467,8116
2336,19136512,0.00010688846536309547,1.044413447380066,5.186740875244141,8148,6.355529308319092,8104
2337,19144704,0.00010678475209328069,1.05386483669281,5.174513816833496,8151,6.341565132141113,8110
2338,19152896,0.00010668181958401116,1.014296293258667,5.222762584686279,8152,6.387142658233643,8113
2339,19161088,0.00010657966801661126,1.1093616485595703,5.287601470947266,8154,6.446949005126953,8116
2340,19169280,0.00010647829757102944,1.0746175050735474,5.174619197845459,8155,6.333263874053955,8118
2341,19177472,0.00010637770842583811,1.0613300800323486,5.161011219024658,8153,6.343243598937988,8114
2342,19185664,0.00010627790075823346,0.9882930517196655,5.09758186340332,8151,6.294936656951904,8110
2343,19193856,0.00010617887474403496,1.1541060209274292,5.15275764465332,8154,6.328567981719971,8116
2344,19202048,0.00010608063055768529,1.0602282285690308,5.169095516204834,8148,6.362548351287842,8104
2345,19210240,0.00010598316837224962,1.1019399166107178,5.088204860687256,8149,6.252316474914551,8106
2346,19218432,0.00010588648835941581,1.0892952680587769,5.199545383453369,8152,6.378939151763916,8112
2347,19226624,0.00010579059068949363,1.0859365463256836,5.204040050506592,8152,6.382739543914795,8112
2348,19234816,0.00010569547553141494,1.218253254890442,5.189435005187988,8151,6.341079235076904,8110
2349,19243008,0.00010560114305273289,1.1094119548797607,5.146010398864746,8156,6.297245502471924,8120
2350,19251200,0.00010550759341962215,1.075505256652832,5.2767486572265625,8150,6.452742576599121,8108
2351,19259392,0.00010541482679687797,1.1059616804122925,5.271504878997803,8151,6.437963485717773,8110
2352,19267584,0.00010532284334791665,1.0797159671783447,5.295660018920898,8151,6.443200588226318,8110
2353,19275776,0.00010523164323477459,1.1203676462173462,5.261044979095459,8154,6.425862789154053,8116
2354,19283968,0.00010514122661810844,1.071007251739502,5.133042812347412,8149,6.316661834716797,8106
2355,19292160,0.00010505159365719458,1.0475929975509644,5.23123025894165,8156,6.408141613006592,8120
2356,19300352,0.00010496274450992894,1.0912563800811768,5.137782096862793,8150,6.312030792236328,8108
2357,19308544,0.0001048746793328266,1.125240445137024,5.151302814483643,8153,6.355258941650391,8114
2358,19316736,0.00010478739828102185,1.0448100566864014,5.235983848571777,8154,6.4224324226379395,8116
2359,19324928,0.00010470090150826741,1.0681593418121338,5.148977756500244,8154,6.323856830596924,8116
2360,19333120,0.00010461518916693453,1.1071072816848755,5.129138469696045,8150,6.327643394470215,8108
2361,19341312,0.0001045302614080128,1.073553442955017,5.251044273376465,8153,6.3879828453063965,8114
2362,19349504,0.00010444611838110927,1.000460147857666,5.2585649490356445,8158,6.415113925933838,8124
2363,19357696,0.00010436276023444915,1.033653736114502,5.178259372711182,8152,6.318517684936523,8112
2364,19365888,0.00010428018711487456,1.1007850170135498,5.232837200164795,8156,6.389975547790527,8120
2365,19374080,0.00010419839916784505,1.1397678852081299,5.18195915222168,8151,6.359633922576904,8110
2366,19382272,0.00010411739653743683,1.0638903379440308,5.177245616912842,8150,6.360515594482422,8108
2367,19390464,0.0001040371793663428,1.1143605709075928,5.129528045654297,8159,6.291504383087158,8126
2368,19398656,0.00010395774779587212,1.1062374114990234,5.18474006652832,8153,6.41317081451416,8114
2369,19406848,0.00010387910196595022,1.0518159866333008,5.208181858062744,8155,6.414008140563965,8118
2370,19415040,0.00010380124201511817,1.0400091409683228,5.152406692504883,8153,6.334527969360352,8114
2371,19423232,0.00010372416808053286,1.0570746660232544,5.08507776260376,8152,6.282079219818115,8112
2372,19431424,0.00010364788029796628,1.1237553358078003,5.168330192565918,8155,6.362499713897705,8118
2373,19439616,0.0001035723788018059,1.0804945230484009,5.246553421020508,8149,6.421958923339844,8106
2374,19447808,0.00010349766372505375,1.0421427488327026,5.147835731506348,8153,6.3217267990112305,8114
2375,19456000,0.00010342373519932677,1.0322800874710083,5.105504035949707,8148,6.331662178039551,8104
2376,19464192,0.00010335059335485607,1.0917279720306396,5.04163932800293,8153,6.233391761779785,8114
2377,19472384,0.00010327823832048719,1.0810465812683105,5.150967121124268,8150,6.311659812927246,8108
2378,19480576,0.00010320667022367953,1.0771986246109009,5.333448886871338,8157,6.4845404624938965,8122
2379,19488768,0.00010313588919050624,1.0928646326065063,5.199801921844482,8149,6.380908012390137,8106
2380,19496960,0.00010306589534565401,1.059167504310608,5.0773234367370605,8148,6.26954460144043,8104
2381,19505152,0.00010299668881242279,1.087488055229187,5.2944488525390625,8153,6.442559719085693,8114
2382,19513344,0.0001029282697127257,1.1318409442901611,5.323451042175293,8153,6.486570358276367,8114
2383,19521536,0.00010286063816708863,1.1021593809127808,5.2830586433410645,8153,6.37865686416626,8114
2384,19529728,0.00010279379429465027,1.0665831565856934,5.232786655426025,8155,6.441360950469971,8118
2385,19537920,0.00010272773821316153,1.0442914962768555,5.167700290679932,8151,6.3741068840026855,8110
2386,19546112,0.00010266247003898579,1.063326120376587,5.204437255859375,8157,6.379903793334961,8122
2387,19554304,0.00010259798988709827,1.0404657125473022,5.061212062835693,8150,6.288800239562988,8108
2388,19562496,0.00010253429787108627,1.048568606376648,5.014123916625977,8149,6.209671974182129,8107
2389,19570688,0.00010247139410314847,1.0918532609939575,5.248448848724365,8155,6.435543060302734,8118
2390,19578880,0.00010240927869409515,1.0387033224105835,5.259623050689697,8152,6.404151916503906,8112
2391,19587072,0.00010234795175334767,1.0583020448684692,5.202276706695557,8149,6.418318748474121,8106
2392,19595264,0.00010228741338893873,1.0623456239700317,5.177143096923828,8150,6.355913162231445,8108
2393,19603456,0.00010222766370751151,1.0428836345672607,5.234552383422852,8155,6.426621437072754,8118
2394,19611648,0.00010216870281432012,1.1965523958206177,5.167119026184082,8155,6.312294960021973,8118
2395,19619840,0.00010211053081322912,1.1116684675216675,5.271955966949463,8155,6.456914901733398,8118
2396,19628032,0.00010205314780671323,1.0206530094146729,5.176135540008545,8154,6.338294506072998,8116
2397,19636224,0.00010199655389585747,1.0997568368911743,5.254071235656738,8154,6.448936939239502,8116
2398,19644416,0.00010194074918035673,1.0810089111328125,5.211793422698975,8153,6.401698589324951,8114
2399,19652608,0.00010188573375851561,1.0812110900878906,5.071748733520508,8153,6.271395206451416,8114
2400,19660800,0.00010183150772724841,1.117885708808899,5.258523941040039,8150,6.433712005615234,8108
2401,19668992,0.00010177807118207875,1.118044137954712,5.170316696166992,8153,6.338192939758301,8114
2402,19677184,0.00010172542421713953,1.0711935758590698,5.075817108154297,8151,6.276494979858398,8110
2403,19685376,0.00010167356692517284,1.0318299531936646,5.1529221534729,8153,6.335402965545654,8114
2404,19693568,0.00010162249939752957,1.016392469406128,4.982372283935547,8149,6.178626537322998,8107
2405,19701760,0.00010157222172416943,1.1604993343353271,5.196218013763428,8154,6.38056755065918,8116
2406,19709952,0.00010152273399366069,1.1208910942077637,5.206002235412598,8154,6.365868091583252,8116
2407,19718144,0.00010147403629318018,1.1618789434432983,5.267990589141846,8156,6.426367282867432,8120
2408,19726336,0.0001014261287085129,1.0401724576950073,5.175760746002197,8153,6.335256576538086,8114
2409,19734528,0.00010137901132405204,1.1082367897033691,5.188178539276123,8154,6.37601900100708,8116
2410,19742720,0.0001013326842227988,1.016253113746643,5.168521881103516,8157,6.349689960479736,8122
2411,19750912,0.00010128714748636227,1.0756319761276245,5.16916561126709,8157,6.392597675323486,8122
2412,19759104,0.00010124240119495915,1.1034024953842163,5.274343013763428,8152,6.4125752449035645,8112
2413,19767296,0.00010119844542741376,1.0964469909667969,5.160303592681885,8152,6.3456268310546875,8112
2414,19775488,0.00010115528026115791,1.0897213220596313,5.128371238708496,8153,6.32880973815918,8114
2415,19783680,0.00010111290577223051,1.0917049646377563,5.20753288269043,8156,6.412484169006348,8120
2416,19791872,0.00010107132203527787,1.0857129096984863,5.165830135345459,8154,6.345271587371826,8116
2417,19800064,0.00010103052912355308,1.1286205053329468,5.161168098449707,8151,6.343469619750977,8110
2418,19808256,0.00010099052710891636,1.1158502101898193,5.201191425323486,8154,6.375904083251953,8116
2419,19816448,0.00010095131606183454,1.0565705299377441,4.980642318725586,8150,6.222233295440674,8108
2420,19824640,0.00010091289605138118,1.1203811168670654,5.074348449707031,8151,6.267916679382324,8110
2421,19832832,0.00010087526714523627,1.0873193740844727,5.209719657897949,8157,6.398786544799805,8122
2422,19841024,0.00010083842940968626,1.0723427534103394,5.226308345794678,8150,6.407642364501953,8108
2423,19849216,0.00010080238290962397,1.0741462707519531,5.09921407699585,8155,6.275386333465576,8118
2424,19857408,0.00010076712770854822,1.1102138757705688,5.205785274505615,8153,6.415150165557861,8114
2425,19865600,0.00010073266386856397,1.0508437156677246,5.193702220916748,8150,6.351480484008789,8108
2426,19873792,0.00010069899145038222,1.0615135431289673,5.277745246887207,8155,6.451626777648926,8118
2427,19881984,0.00010066611051331972,1.0811645984649658,5.159669876098633,8155,6.3705925941467285,8118
2428,19890176,0.00010063402111529898,1.075198769569397,5.188045501708984,8153,6.401350975036621,8114
2429,19898368,0.00010060272331284806,1.021215558052063,5.119039535522461,8156,6.334046840667725,8120
2430,19906560,0.00010057221716110076,1.0466291904449463,5.190803527832031,8150,6.371577262878418,8108
2431,19914752,0.0001005425027137961,1.1062109470367432,5.262656211853027,8153,6.394153594970703,8114
2432,19922944,0.00010051358002327868,1.0651497840881348,5.223428249359131,8153,6.409900188446045,8114
2433,19931136,0.00010048544914049808,1.05697500705719,5.188699722290039,8151,6.357919216156006,8110
2434,19939328,0.00010045811011500932,1.0858567953109741,5.176028728485107,8150,6.334347248077393,8108
2435,19947520,0.00010043156299497227,1.0529966354370117,5.0936784744262695,8157,6.28151273727417,8122
2436,19955712,0.00010040580782715193,1.1414545774459839,5.044562816619873,8150,6.261509895324707,8108
2437,19963904,0.0001003808446569182,1.0644983053207397,5.172921180725098,8152,6.323977947235107,8112
2438,19972096,0.00010035667352824572,1.1207023859024048,5.296581268310547,8152,6.439502716064453,8112
2439,19980288,0.000100333294483714,1.0846251249313354,5.305081367492676,8154,6.4066081047058105,8116
2440,19988480,0.00010031070756450717,1.0335909128189087,5.134998321533203,8153,6.3282599449157715,8114
2441,19996672,0.00010028891281041395,1.0500956773757935,4.9975457191467285,8153,6.216259479522705,8114
2442,20004864,0.00010026791025982762,1.1246839761734009,5.25804328918457,8155,6.4275126457214355,8118
2443,20013056,0.00010024769994974589,1.1665414571762085,5.247445583343506,8153,6.4258880615234375,8114
2444,20021248,0.00010022828191577092,1.1724530458450317,5.128025054931641,8150,6.295841217041016,8108
2445,20029440,0.00010020965619210922,1.0870736837387085,5.302755832672119,8154,6.468994617462158,8116
2446,20037632,0.00010019182281157154,1.0682049989700317,5.109564781188965,8153,6.309667110443115,8114
2447,20045824,0.00010017478180557287,1.1091467142105103,5.230638027191162,8153,6.409914016723633,8114
2448,20054016,0.00010015853320413234,1.0211446285247803,5.257203102111816,8155,6.445374965667725,8118
2449,20062208,0.00010014307703587317,1.0681006908416748,5.183437824249268,8156,6.351154327392578,8120
2450,20070400,0.0001001284133280228,1.1188604831695557,5.258787631988525,8154,6.47181510925293,8116
2451,20078592,0.00010011454210641246,1.1305782794952393,5.101011753082275,8154,6.301562786102295,8116
2452,20086784,0.00010010146339547756,1.0635508298873901,5.192168235778809,8152,6.394676685333252,8112
2453,20094976,0.00010008917721825726,1.1388887166976929,5.317840099334717,8150,6.472276210784912,8108
2454,20103168,0.00010007768359639475,1.1384468078613281,5.315196990966797,8151,6.4936113357543945,8110
2455,20111360,0.00010006698255013694,1.0493448972702026,5.07003927230835,8154,6.254669666290283,8116
2456,20119552,0.00010005707409833464,1.0773437023162842,5.185052394866943,8153,6.387234687805176,8114
2457,20127744,0.0001000479582584424,1.0809862613677979,5.215681076049805,8153,6.377510070800781,8114
2458,20135936,0.00010003963504651853,1.0303459167480469,5.130125999450684,8152,6.326148986816406,8112
2459,20144128,0.00010003210447722508,1.0362844467163086,5.062423229217529,8154,6.253116607666016,8117
2460,20152320,0.00010002536656382781,1.1343834400177002,5.170638561248779,8146,6.375035762786865,8100
2461,20160512,0.00010001942131819601,1.071905255317688,5.213403701782227,8154,6.385707855224609,8116
2462,20168704,0.0001000142687508028,1.0919053554534912,5.148695945739746,8150,6.29303503036499,8108
2463,20176896,0.0001000099088707249,1.0738604068756104,5.165451526641846,8154,6.364934921264648,8116
2464,20185088,0.00010000634168564247,1.1175287961959839,4.953695297241211,8152,6.164752960205078,8112
2465,20193280,0.00010000356720183952,1.0974873304367065,5.210991382598877,8154,6.329483509063721,8116
2466,20201472,0.00010000158542420348,1.0378657579421997,5.083868026733398,8147,6.2606611251831055,8102
2467,20209664,0.00010000039635622545,1.0432136058807373,5.202145099639893,8150,6.356124401092529,8108
